Route ID,Location,Passenger Count,Temperature,Weather,Population,Population Density,Date
RT-103,North East Sector,209,25.7,Clear,135000,7500,2024-03-01
RT-106,North-Central West Sector,436,31.5,Clear,195000,11200,2024-03-01
RT-105,North-Central East Sector,788,22.4,Rain,175000,9900,2024-03-01
RT-102,Central West Sector,169,17.6,Fog,310000,18500,2024-03-01
RT-106,North-Central West Sector,198,-3.9,Snow,195000,11200,2024-03-01
RT-107,South East Sector,281,23.6,Clear,182000,10400,2024-03-01
RT-105,North-Central East Sector,417,-4.6,Snow,175000,9900,2024-03-01
RT-105,North-Central East Sector,574,30.7,Clear,175000,9900,2024-03-01
RT-109,South-Central East Sector,121,28.0,Clear,230000,13800,2024-03-01
RT-103,North East Sector,80,18.2,Fog,135000,7500,2024-03-01
RT-101,Central East Sector,271,14.1,Fog,340000,20200,2024-03-01
RT-106,North-Central West Sector,52,19.8,Fog,195000,11200,2024-03-01
RT-103,North East Sector,334,19.0,Fog,135000,7500,2024-03-01
RT-105,North-Central East Sector,674,19.3,Rain,175000,9900,2024-03-01
RT-108,South West Sector,353,-3.7,Snow,145000,8200,2024-03-01
RT-104,North West Sector,189,23.8,Clear,120000,6800,2024-03-01
RT-102,Central West Sector,366,-2.9,Snow,310000,18500,2024-03-01
RT-107,South East Sector,234,-1.3,Snow,182000,10400,2024-03-01
RT-101,Central East Sector,446,20.6,Rain,340000,20200,2024-03-01
RT-102,Central West Sector,688,-3.0,Snow,310000,18500,2024-03-01
RT-101,Central East Sector,126,28.1,Clear,340000,20200,2024-03-01
RT-104,North West Sector,290,23.4,Clear,120000,6800,2024-03-01
RT-101,Central East Sector,294,19.8,Rain,340000,20200,2024-03-01
RT-104,North West Sector,418,20.2,Rain,120000,6800,2024-03-01
RT-103,North East Sector,250,26.6,Clear,135000,7500,2024-03-01
RT-107,South East Sector,244,29.9,Clear,182000,10400,2024-03-01
RT-105,North-Central East Sector,411,-3.6,Snow,175000,9900,2024-03-01
RT-106,North-Central West Sector,311,27.1,Clear,195000,11200,2024-03-01
RT-107,South East Sector,442,17.6,Fog,182000,10400,2024-03-01
RT-110,South-Central West Sector,325,-4.7,Snow,210000,12500,2024-03-01
RT-103,North East Sector,233,-0.7,Snow,135000,7500,2024-03-01
RT-102,Central West Sector,648,15.0,Fog,310000,18500,2024-03-01
RT-110,South-Central West Sector,578,14.4,Fog,210000,12500,2024-03-01
RT-110,South-Central West Sector,530,31.5,Clear,210000,12500,2024-03-01
RT-108,South West Sector,344,19.8,Fog,145000,8200,2024-03-01
RT-110,South-Central West Sector,187,22.9,Rain,210000,12500,2024-03-01
RT-103,North East Sector,184,19.8,Rain,135000,7500,2024-03-01
RT-105,North-Central East Sector,814,14.6,Fog,175000,9900,2024-03-01
RT-108,South West Sector,428,22.1,Rain,145000,8200,2024-03-01
RT-102,Central West Sector,626,20.6,Rain,310000,18500,2024-03-01
RT-101,Central East Sector,306,14.7,Fog,340000,20200,2024-03-01
RT-109,South-Central East Sector,754,21.0,Rain,230000,13800,2024-03-01
RT-102,Central West Sector,73,18.2,Rain,310000,18500,2024-03-01
RT-109,South-Central East Sector,296,1.4,Snow,230000,13800,2024-03-01
RT-107,South East Sector,654,-3.2,Snow,182000,10400,2024-03-01
RT-104,North West Sector,164,22.0,Rain,120000,6800,2024-03-01
RT-104,North West Sector,220,15.9,Fog,120000,6800,2024-03-01
RT-106,North-Central West Sector,544,-1.4,Snow,195000,11200,2024-03-01
RT-107,South East Sector,245,-1.2,Snow,182000,10400,2024-03-01
RT-109,South-Central East Sector,648,23.8,Clear,230000,13800,2024-03-01
RT-110,South-Central West Sector,162,1.8,Snow,210000,12500,2024-03-01
RT-110,South-Central West Sector,395,18.7,Fog,210000,12500,2024-03-01
RT-106,North-Central West Sector,236,1.6,Snow,195000,11200,2024-03-01
RT-109,South-Central East Sector,92,1.3,Snow,230000,13800,2024-03-01
RT-104,North West Sector,696,17.6,Fog,120000,6800,2024-03-01
RT-109,South-Central East Sector,482,1.5,Snow,230000,13800,2024-03-01
RT-105,North-Central East Sector,460,-4.4,Snow,175000,9900,2024-03-01
RT-109,South-Central East Sector,152,24.0,Clear,230000,13800,2024-03-01
RT-110,South-Central West Sector,494,22.5,Clear,210000,12500,2024-03-01
RT-102,Central West Sector,421,-2.7,Snow,310000,18500,2024-03-01
RT-106,North-Central West Sector,298,25.9,Clear,195000,11200,2024-03-01
RT-102,Central West Sector,1212,-3.1,Snow,310000,18500,2024-03-01
RT-101,Central East Sector,344,19.0,Fog,340000,20200,2024-03-01
RT-103,North East Sector,36,-2.5,Snow,135000,7500,2024-03-01
RT-103,North East Sector,706,-3.0,Snow,135000,7500,2024-03-01
RT-107,South East Sector,184,27.4,Clear,182000,10400,2024-03-01
RT-104,North West Sector,412,14.8,Fog,120000,6800,2024-03-01
RT-105,North-Central East Sector,161,0.6,Snow,175000,9900,2024-03-01
RT-101,Central East Sector,232,14.4,Fog,340000,20200,2024-03-01
RT-110,South-Central West Sector,418,19.9,Fog,210000,12500,2024-03-01
RT-101,Central East Sector,508,18.6,Fog,340000,20200,2024-03-01
RT-110,South-Central West Sector,212,-3.6,Snow,210000,12500,2024-03-01
RT-103,North East Sector,408,22.1,Clear,135000,7500,2024-03-01
RT-104,North West Sector,214,22.9,Rain,120000,6800,2024-03-01
RT-109,South-Central East Sector,384,29.1,Clear,230000,13800,2024-03-01
RT-106,North-Central West Sector,128,0.1,Snow,195000,11200,2024-03-01
RT-103,North East Sector,554,0.4,Snow,135000,7500,2024-03-01
RT-106,North-Central West Sector,362,-4.5,Snow,195000,11200,2024-03-01
RT-102,Central West Sector,472,25.6,Clear,310000,18500,2024-03-01
RT-108,South West Sector,500,-4.2,Snow,145000,8200,2024-03-01
RT-101,Central East Sector,215,30.6,Clear,340000,20200,2024-03-01
RT-104,North West Sector,375,-0.6,Snow,120000,6800,2024-03-01
RT-102,Central West Sector,174,-2.7,Snow,310000,18500,2024-03-01
RT-102,Central West Sector,219,14.4,Fog,310000,18500,2024-03-01
RT-101,Central East Sector,302,15.9,Fog,340000,20200,2024-03-01
RT-102,Central West Sector,718,-2.7,Snow,310000,18500,2024-03-01
RT-110,South-Central West Sector,152,22.4,Rain,210000,12500,2024-03-01
RT-109,South-Central East Sector,320,-0.5,Snow,230000,13800,2024-03-01
RT-101,Central East Sector,228,23.3,Rain,340000,20200,2024-03-01
RT-106,North-Central West Sector,277,26.7,Clear,195000,11200,2024-03-01
RT-101,Central East Sector,342,-4.2,Snow,340000,20200,2024-03-01
RT-109,South-Central East Sector,256,18.3,Fog,230000,13800,2024-03-01
RT-109,South-Central East Sector,566,0.3,Snow,230000,13800,2024-03-01
RT-101,Central East Sector,127,21.4,Rain,340000,20200,2024-03-01
RT-104,North West Sector,163,22.6,Rain,120000,6800,2024-03-01
RT-109,South-Central East Sector,594,-1.5,Snow,230000,13800,2024-03-01
RT-110,South-Central West Sector,343,17.1,Fog,210000,12500,2024-03-01
RT-110,South-Central West Sector,304,-2.0,Snow,210000,12500,2024-03-01
RT-102,Central West Sector,502,-4.8,Snow,310000,18500,2024-03-01
RT-108,South West Sector,190,-4.2,Snow,145000,8200,2024-03-01
RT-104,North West Sector,584,18.2,Rain,120000,6800,2024-03-01
RT-102,Central West Sector,462,21.8,Rain,310000,18500,2024-03-01
RT-105,North-Central East Sector,588,15.9,Fog,175000,9900,2024-03-01
RT-104,North West Sector,310,-1.4,Snow,120000,6800,2024-03-01
RT-104,North West Sector,248,1.4,Snow,120000,6800,2024-03-01
RT-101,Central East Sector,177,24.5,Clear,340000,20200,2024-03-01
RT-106,North-Central West Sector,381,-2.1,Snow,195000,11200,2024-03-01
RT-101,Central East Sector,228,18.5,Fog,340000,20200,2024-03-01
RT-105,North-Central East Sector,221,15.4,Fog,175000,9900,2024-03-01
RT-110,South-Central West Sector,962,18.5,Rain,210000,12500,2024-03-01
RT-101,Central East Sector,286,19.7,Rain,340000,20200,2024-03-01
RT-106,North-Central West Sector,684,15.0,Fog,195000,11200,2024-03-01
RT-103,North East Sector,682,23.6,Rain,135000,7500,2024-03-01
RT-104,North West Sector,738,22.8,Rain,120000,6800,2024-03-01
RT-107,South East Sector,50,21.8,Rain,182000,10400,2024-03-01
RT-110,South-Central West Sector,174,23.2,Rain,210000,12500,2024-03-01
RT-102,Central West Sector,630,22.8,Rain,310000,18500,2024-03-01
RT-102,Central West Sector,224,-3.7,Snow,310000,18500,2024-03-01
RT-108,South West Sector,1011,19.4,Fog,145000,8200,2024-03-01
RT-110,South-Central West Sector,107,21.2,Rain,210000,12500,2024-03-01
RT-108,South West Sector,360,18.8,Fog,145000,8200,2024-03-01
RT-104,North West Sector,494,1.3,Snow,120000,6800,2024-03-01
RT-103,North East Sector,410,15.9,Fog,135000,7500,2024-03-01
RT-102,Central West Sector,546,23.1,Clear,310000,18500,2024-03-01
RT-105,North-Central East Sector,1210,-3.4,Snow,175000,9900,2024-03-01
RT-101,Central East Sector,182,16.6,Fog,340000,20200,2024-03-01
RT-107,South East Sector,650,30.2,Clear,182000,10400,2024-03-01
RT-105,North-Central East Sector,251,30.6,Clear,175000,9900,2024-03-01
RT-105,North-Central East Sector,462,22.1,Clear,175000,9900,2024-03-01
RT-107,South East Sector,363,21.1,Rain,182000,10400,2024-03-01
RT-108,South West Sector,234,-2.1,Snow,145000,8200,2024-03-01
RT-102,Central West Sector,316,19.3,Rain,310000,18500,2024-03-01
RT-102,Central West Sector,56,18.7,Rain,310000,18500,2024-03-01
RT-104,North West Sector,183,16.0,Fog,120000,6800,2024-03-01
RT-108,South West Sector,1134,1.6,Snow,145000,8200,2024-03-01
RT-102,Central West Sector,46,19.9,Rain,310000,18500,2024-03-01
RT-101,Central East Sector,58,27.2,Clear,340000,20200,2024-03-01
RT-101,Central East Sector,350,18.2,Fog,340000,20200,2024-03-01
RT-104,North West Sector,334,25.6,Clear,120000,6800,2024-03-01
RT-106,North-Central West Sector,514,31.7,Clear,195000,11200,2024-03-01
RT-106,North-Central West Sector,370,31.6,Clear,195000,11200,2024-03-01
RT-109,South-Central East Sector,318,19.5,Rain,230000,13800,2024-03-01
RT-108,South West Sector,566,21.0,Rain,145000,8200,2024-03-01
RT-110,South-Central West Sector,762,19.8,Rain,210000,12500,2024-03-01
RT-108,South West Sector,536,-3.0,Snow,145000,8200,2024-03-01
RT-102,Central West Sector,152,18.2,Rain,310000,18500,2024-03-01
RT-107,South East Sector,496,17.7,Fog,182000,10400,2024-03-01
RT-108,South West Sector,450,27.0,Clear,145000,8200,2024-03-01
RT-102,Central West Sector,470,18.3,Rain,310000,18500,2024-03-01
RT-108,South West Sector,411,-3.0,Snow,145000,8200,2024-03-01
RT-110,South-Central West Sector,276,19.4,Fog,210000,12500,2024-03-01
RT-106,North-Central West Sector,304,24.4,Clear,195000,11200,2024-03-01
RT-106,North-Central West Sector,406,-4.0,Snow,195000,11200,2024-03-01
RT-106,North-Central West Sector,203,-1.6,Snow,195000,11200,2024-03-01
RT-106,North-Central West Sector,268,19.9,Fog,195000,11200,2024-03-01
RT-102,Central West Sector,148,19.5,Rain,310000,18500,2024-03-01
RT-102,Central West Sector,183,22.0,Rain,310000,18500,2024-03-01
RT-105,North-Central East Sector,153,0.3,Snow,175000,9900,2024-03-01
RT-105,North-Central East Sector,498,24.4,Clear,175000,9900,2024-03-01
RT-106,North-Central West Sector,251,29.3,Clear,195000,11200,2024-03-01
RT-107,South East Sector,346,25.7,Clear,182000,10400,2024-03-01
RT-107,South East Sector,190,-0.6,Snow,182000,10400,2024-03-01
RT-106,North-Central West Sector,121,-0.6,Snow,195000,11200,2024-03-01
RT-108,South West Sector,274,21.2,Rain,145000,8200,2024-03-01
RT-103,North East Sector,321,14.5,Fog,135000,7500,2024-03-01
RT-106,North-Central West Sector,748,19.0,Fog,195000,11200,2024-03-01
RT-108,South West Sector,69,15.9,Fog,145000,8200,2024-03-01
RT-107,South East Sector,346,-3.7,Snow,182000,10400,2024-03-01
RT-110,South-Central West Sector,201,14.2,Fog,210000,12500,2024-03-01
RT-103,North East Sector,892,17.5,Fog,135000,7500,2024-03-01
RT-106,North-Central West Sector,334,22.1,Rain,195000,11200,2024-03-01
RT-108,South West Sector,540,14.1,Fog,145000,8200,2024-03-01
RT-109,South-Central East Sector,94,17.1,Fog,230000,13800,2024-03-01
RT-108,South West Sector,308,24.3,Clear,145000,8200,2024-03-01
RT-110,South-Central West Sector,362,17.9,Fog,210000,12500,2024-03-01
RT-101,Central East Sector,598,23.7,Clear,340000,20200,2024-03-01
RT-103,North East Sector,237,-0.2,Snow,135000,7500,2024-03-01
RT-109,South-Central East Sector,214,-2.3,Snow,230000,13800,2024-03-01
RT-105,North-Central East Sector,242,31.4,Clear,175000,9900,2024-03-01
RT-105,North-Central East Sector,884,23.4,Clear,175000,9900,2024-03-01
RT-101,Central East Sector,242,20.0,Rain,340000,20200,2024-03-01
RT-109,South-Central East Sector,311,18.7,Rain,230000,13800,2024-03-01
RT-103,North East Sector,412,19.5,Fog,135000,7500,2024-03-01
RT-107,South East Sector,910,19.3,Fog,182000,10400,2024-03-01
RT-109,South-Central East Sector,83,24.6,Clear,230000,13800,2024-03-01
RT-109,South-Central East Sector,636,22.0,Rain,230000,13800,2024-03-01
RT-109,South-Central East Sector,238,30.2,Clear,230000,13800,2024-03-01
RT-109,South-Central East Sector,166,-1.1,Snow,230000,13800,2024-03-01
RT-109,South-Central East Sector,416,17.2,Fog,230000,13800,2024-03-01
RT-108,South West Sector,389,19.5,Rain,145000,8200,2024-03-01
RT-101,Central East Sector,159,18.6,Rain,340000,20200,2024-03-01
RT-104,North West Sector,400,1.3,Snow,120000,6800,2024-03-01
RT-104,North West Sector,536,31.0,Clear,120000,6800,2024-03-01
RT-107,South East Sector,1088,21.8,Rain,182000,10400,2024-03-01
RT-107,South East Sector,301,16.0,Fog,182000,10400,2024-03-01
RT-106,North-Central West Sector,902,16.1,Fog,195000,11200,2024-03-01
RT-103,North East Sector,174,29.3,Clear,135000,7500,2024-03-01
RT-106,North-Central West Sector,196,1.3,Snow,195000,11200,2024-03-01
RT-106,North-Central West Sector,78,19.3,Fog,195000,11200,2024-03-01
RT-106,North-Central West Sector,206,0.5,Snow,195000,11200,2024-03-01
RT-105,North-Central East Sector,432,-0.5,Snow,175000,9900,2024-03-01
RT-107,South East Sector,902,18.5,Rain,182000,10400,2024-03-01
RT-101,Central East Sector,224,15.0,Fog,340000,20200,2024-03-01
RT-110,South-Central West Sector,422,23.4,Rain,210000,12500,2024-03-01
RT-101,Central East Sector,784,28.1,Clear,340000,20200,2024-03-01
RT-108,South West Sector,380,-4.9,Snow,145000,8200,2024-03-01
RT-103,North East Sector,730,18.6,Rain,135000,7500,2024-03-01
RT-109,South-Central East Sector,330,18.0,Fog,230000,13800,2024-03-01
RT-106,North-Central West Sector,864,-5.0,Snow,195000,11200,2024-03-01
RT-106,North-Central West Sector,281,15.0,Fog,195000,11200,2024-03-01
RT-110,South-Central West Sector,756,-1.2,Snow,210000,12500,2024-03-01
RT-108,South West Sector,95,-0.2,Snow,145000,8200,2024-03-01
RT-109,South-Central East Sector,390,17.9,Fog,230000,13800,2024-03-01
RT-101,Central East Sector,360,19.3,Rain,340000,20200,2024-03-01
RT-103,North East Sector,307,29.1,Clear,135000,7500,2024-03-01
RT-102,Central West Sector,484,19.4,Rain,310000,18500,2024-03-01
RT-101,Central East Sector,594,20.0,Rain,340000,20200,2024-03-01
RT-107,South East Sector,630,18.5,Fog,182000,10400,2024-03-01
RT-107,South East Sector,386,17.9,Fog,182000,10400,2024-03-01
RT-102,Central West Sector,274,30.5,Clear,310000,18500,2024-03-01
RT-108,South West Sector,61,-0.4,Snow,145000,8200,2024-03-01
RT-110,South-Central West Sector,242,27.7,Clear,210000,12500,2024-03-01
RT-106,North-Central West Sector,290,22.9,Clear,195000,11200,2024-03-01
RT-103,North East Sector,209,16.2,Fog,135000,7500,2024-03-01
RT-101,Central East Sector,400,24.7,Clear,340000,20200,2024-03-01
RT-103,North East Sector,441,15.5,Fog,135000,7500,2024-03-01
RT-105,North-Central East Sector,292,23.8,Rain,175000,9900,2024-03-01
RT-107,South East Sector,657,-2.2,Snow,182000,10400,2024-03-01
RT-109,South-Central East Sector,306,19.4,Fog,230000,13800,2024-03-01
RT-107,South East Sector,252,17.8,Fog,182000,10400,2024-03-01
RT-105,North-Central East Sector,168,18.8,Fog,175000,9900,2024-03-01
RT-103,North East Sector,472,17.0,Fog,135000,7500,2024-03-01
RT-109,South-Central East Sector,576,-1.0,Snow,230000,13800,2024-03-01
RT-102,Central West Sector,450,17.0,Fog,310000,18500,2024-03-01
RT-103,North East Sector,606,19.2,Rain,135000,7500,2024-03-01
RT-101,Central East Sector,280,29.2,Clear,340000,20200,2024-03-01
RT-104,North West Sector,378,15.7,Fog,120000,6800,2024-03-01
RT-101,Central East Sector,264,18.1,Rain,340000,20200,2024-03-01
RT-110,South-Central West Sector,234,17.9,Fog,210000,12500,2024-03-01
RT-101,Central East Sector,413,-3.8,Snow,340000,20200,2024-03-01
RT-108,South West Sector,740,31.4,Clear,145000,8200,2024-03-01
RT-108,South West Sector,526,23.7,Rain,145000,8200,2024-03-01
RT-109,South-Central East Sector,594,1.4,Snow,230000,13800,2024-03-01
RT-102,Central West Sector,728,20.2,Rain,310000,18500,2024-03-01
RT-105,North-Central East Sector,34,-4.9,Snow,175000,9900,2024-03-01
RT-101,Central East Sector,464,1.5,Snow,340000,20200,2024-03-01
RT-107,South East Sector,504,-2.0,Snow,182000,10400,2024-03-01
RT-108,South West Sector,218,1.8,Snow,145000,8200,2024-03-01
RT-102,Central West Sector,546,23.8,Rain,310000,18500,2024-03-01
RT-108,South West Sector,590,1.0,Snow,145000,8200,2024-03-01
RT-109,South-Central East Sector,206,15.8,Fog,230000,13800,2024-03-01
RT-107,South East Sector,882,20.3,Rain,182000,10400,2024-03-01
RT-109,South-Central East Sector,82,30.5,Clear,230000,13800,2024-03-01
RT-108,South West Sector,117,25.2,Clear,145000,8200,2024-03-01
RT-101,Central East Sector,207,-3.8,Snow,340000,20200,2024-03-01
RT-101,Central East Sector,144,27.6,Clear,340000,20200,2024-03-01
RT-107,South East Sector,217,23.6,Rain,182000,10400,2024-03-01
RT-107,South East Sector,156,18.2,Fog,182000,10400,2024-03-01
RT-103,North East Sector,334,17.4,Fog,135000,7500,2024-03-01
RT-110,South-Central West Sector,523,18.6,Rain,210000,12500,2024-03-01
RT-103,North East Sector,190,-0.7,Snow,135000,7500,2024-03-01
RT-104,North West Sector,866,23.9,Rain,120000,6800,2024-03-01
RT-108,South West Sector,566,14.8,Fog,145000,8200,2024-03-01
RT-105,North-Central East Sector,226,17.1,Fog,175000,9900,2024-03-01
RT-102,Central West Sector,1032,1.1,Snow,310000,18500,2024-03-01
RT-102,Central West Sector,682,29.4,Clear,310000,18500,2024-03-01
RT-104,North West Sector,131,29.0,Clear,120000,6800,2024-03-01
RT-107,South East Sector,586,18.2,Fog,182000,10400,2024-03-01
RT-102,Central West Sector,1054,20.2,Rain,310000,18500,2024-03-01
RT-110,South-Central West Sector,133,15.8,Fog,210000,12500,2024-03-01
RT-109,South-Central East Sector,110,30.1,Clear,230000,13800,2024-03-01
RT-105,North-Central East Sector,152,22.9,Rain,175000,9900,2024-03-01
RT-103,North East Sector,451,23.2,Rain,135000,7500,2024-03-01
RT-106,North-Central West Sector,212,23.5,Rain,195000,11200,2024-03-01
RT-102,Central West Sector,130,17.1,Fog,310000,18500,2024-03-01
RT-106,North-Central West Sector,111,21.0,Rain,195000,11200,2024-03-01
RT-101,Central East Sector,262,30.0,Clear,340000,20200,2024-03-01
RT-103,North East Sector,209,28.5,Clear,135000,7500,2024-03-01
RT-106,North-Central West Sector,572,-0.1,Snow,195000,11200,2024-03-01
RT-107,South East Sector,285,0.6,Snow,182000,10400,2024-03-01
RT-109,South-Central East Sector,938,30.9,Clear,230000,13800,2024-03-01
RT-109,South-Central East Sector,442,-2.6,Snow,230000,13800,2024-03-01
RT-104,North West Sector,237,25.8,Clear,120000,6800,2024-03-01
RT-108,South West Sector,399,22.9,Clear,145000,8200,2024-03-01
RT-109,South-Central East Sector,254,-1.0,Snow,230000,13800,2024-03-01
RT-107,South East Sector,212,-4.7,Snow,182000,10400,2024-03-01
RT-110,South-Central West Sector,584,-1.7,Snow,210000,12500,2024-03-01
RT-107,South East Sector,428,17.3,Fog,182000,10400,2024-03-01
RT-106,North-Central West Sector,342,15.7,Fog,195000,11200,2024-03-02
RT-109,South-Central East Sector,568,-0.9,Snow,230000,13800,2024-03-02
RT-104,North West Sector,280,-4.8,Snow,120000,6800,2024-03-02
RT-108,South West Sector,267,22.4,Clear,145000,8200,2024-03-02
RT-107,South East Sector,185,22.9,Rain,182000,10400,2024-03-02
RT-103,North East Sector,338,25.6,Clear,135000,7500,2024-03-02
RT-104,North West Sector,635,18.8,Rain,120000,6800,2024-03-02
RT-103,North East Sector,247,17.1,Fog,135000,7500,2024-03-02
RT-105,North-Central East Sector,148,0.4,Snow,175000,9900,2024-03-02
RT-105,North-Central East Sector,138,24.2,Clear,175000,9900,2024-03-02
RT-106,North-Central West Sector,440,21.7,Rain,195000,11200,2024-03-02
RT-105,North-Central East Sector,209,18.5,Rain,175000,9900,2024-03-02
RT-109,South-Central East Sector,743,14.3,Fog,230000,13800,2024-03-02
RT-108,South West Sector,290,-1.3,Snow,145000,8200,2024-03-02
RT-108,South West Sector,599,27.4,Clear,145000,8200,2024-03-02
RT-104,North West Sector,636,21.8,Rain,120000,6800,2024-03-02
RT-109,South-Central East Sector,146,29.3,Clear,230000,13800,2024-03-02
RT-107,South East Sector,766,19.9,Fog,182000,10400,2024-03-02
RT-105,North-Central East Sector,108,27.2,Clear,175000,9900,2024-03-02
RT-101,Central East Sector,385,19.9,Rain,340000,20200,2024-03-02
RT-106,North-Central West Sector,881,22.8,Rain,195000,11200,2024-03-02
RT-104,North West Sector,765,24.7,Clear,120000,6800,2024-03-02
RT-106,North-Central West Sector,234,-1.9,Snow,195000,11200,2024-03-02
RT-108,South West Sector,406,14.5,Fog,145000,8200,2024-03-02
RT-108,South West Sector,534,14.2,Fog,145000,8200,2024-03-02
RT-105,North-Central East Sector,874,31.6,Clear,175000,9900,2024-03-02
RT-110,South-Central West Sector,632,0.9,Snow,210000,12500,2024-03-02
RT-101,Central East Sector,208,-0.1,Snow,340000,20200,2024-03-02
RT-101,Central East Sector,216,-2.1,Snow,340000,20200,2024-03-02
RT-110,South-Central West Sector,460,19.0,Rain,210000,12500,2024-03-02
RT-103,North East Sector,335,14.9,Fog,135000,7500,2024-03-02
RT-106,North-Central West Sector,304,15.5,Fog,195000,11200,2024-03-02
RT-105,North-Central East Sector,162,-1.2,Snow,175000,9900,2024-03-02
RT-109,South-Central East Sector,348,0.0,Snow,230000,13800,2024-03-02
RT-106,North-Central West Sector,166,18.0,Fog,195000,11200,2024-03-02
RT-102,Central West Sector,1000,19.7,Rain,310000,18500,2024-03-02
RT-103,North East Sector,218,23.7,Rain,135000,7500,2024-03-02
RT-108,South West Sector,606,22.4,Rain,145000,8200,2024-03-02
RT-106,North-Central West Sector,202,17.3,Fog,195000,11200,2024-03-02
RT-101,Central East Sector,448,17.7,Fog,340000,20200,2024-03-02
RT-109,South-Central East Sector,578,20.5,Rain,230000,13800,2024-03-02
RT-108,South West Sector,634,24.5,Clear,145000,8200,2024-03-02
RT-105,North-Central East Sector,355,20.1,Rain,175000,9900,2024-03-02
RT-101,Central East Sector,257,29.6,Clear,340000,20200,2024-03-02
RT-106,North-Central West Sector,197,14.1,Fog,195000,11200,2024-03-02
RT-110,South-Central West Sector,224,-4.2,Snow,210000,12500,2024-03-02
RT-110,South-Central West Sector,1394,18.3,Rain,210000,12500,2024-03-02
RT-105,North-Central East Sector,986,-4.7,Snow,175000,9900,2024-03-02
RT-110,South-Central West Sector,179,19.1,Fog,210000,12500,2024-03-02
RT-106,North-Central West Sector,648,29.0,Clear,195000,11200,2024-03-02
RT-102,Central West Sector,214,26.7,Clear,310000,18500,2024-03-02
RT-105,North-Central East Sector,166,-4.3,Snow,175000,9900,2024-03-02
RT-108,South West Sector,813,16.9,Fog,145000,8200,2024-03-02
RT-106,North-Central West Sector,700,20.8,Rain,195000,11200,2024-03-02
RT-101,Central East Sector,294,-3.8,Snow,340000,20200,2024-03-02
RT-108,South West Sector,280,26.3,Clear,145000,8200,2024-03-02
RT-108,South West Sector,822,-2.2,Snow,145000,8200,2024-03-02
RT-105,North-Central East Sector,504,-0.7,Snow,175000,9900,2024-03-02
RT-107,South East Sector,83,17.8,Fog,182000,10400,2024-03-02
RT-105,North-Central East Sector,417,22.5,Clear,175000,9900,2024-03-02
RT-104,North West Sector,402,-2.4,Snow,120000,6800,2024-03-02
RT-110,South-Central West Sector,660,17.8,Fog,210000,12500,2024-03-02
RT-109,South-Central East Sector,622,27.0,Clear,230000,13800,2024-03-02
RT-110,South-Central West Sector,864,1.0,Snow,210000,12500,2024-03-02
RT-103,North East Sector,279,18.0,Fog,135000,7500,2024-03-02
RT-105,North-Central East Sector,638,15.0,Fog,175000,9900,2024-03-02
RT-110,South-Central West Sector,364,18.4,Rain,210000,12500,2024-03-02
RT-101,Central East Sector,252,17.9,Fog,340000,20200,2024-03-02
RT-110,South-Central West Sector,200,14.2,Fog,210000,12500,2024-03-02
RT-102,Central West Sector,1088,-0.9,Snow,310000,18500,2024-03-02
RT-101,Central East Sector,418,19.6,Fog,340000,20200,2024-03-02
RT-106,North-Central West Sector,348,17.5,Fog,195000,11200,2024-03-02
RT-108,South West Sector,698,-2.3,Snow,145000,8200,2024-03-02
RT-107,South East Sector,122,28.4,Clear,182000,10400,2024-03-02
RT-101,Central East Sector,232,20.7,Rain,340000,20200,2024-03-02
RT-101,Central East Sector,274,21.3,Rain,340000,20200,2024-03-02
RT-101,Central East Sector,400,23.6,Rain,340000,20200,2024-03-02
RT-110,South-Central West Sector,640,16.3,Fog,210000,12500,2024-03-02
RT-109,South-Central East Sector,580,19.8,Fog,230000,13800,2024-03-02
RT-108,South West Sector,267,31.1,Clear,145000,8200,2024-03-02
RT-106,North-Central West Sector,903,15.2,Fog,195000,11200,2024-03-02
RT-108,South West Sector,340,-4.5,Snow,145000,8200,2024-03-02
RT-106,North-Central West Sector,268,18.6,Rain,195000,11200,2024-03-02
RT-106,North-Central West Sector,108,-4.9,Snow,195000,11200,2024-03-02
RT-101,Central East Sector,668,22.9,Clear,340000,20200,2024-03-02
RT-106,North-Central West Sector,229,28.8,Clear,195000,11200,2024-03-02
RT-105,North-Central East Sector,220,18.4,Rain,175000,9900,2024-03-02
RT-102,Central West Sector,511,15.9,Fog,310000,18500,2024-03-02
RT-108,South West Sector,230,19.1,Fog,145000,8200,2024-03-02
RT-109,South-Central East Sector,80,18.1,Rain,230000,13800,2024-03-02
RT-108,South West Sector,223,0.7,Snow,145000,8200,2024-03-02
RT-109,South-Central East Sector,163,24.8,Clear,230000,13800,2024-03-02
RT-105,North-Central East Sector,159,23.2,Clear,175000,9900,2024-03-02
RT-105,North-Central East Sector,506,29.0,Clear,175000,9900,2024-03-02
RT-102,Central West Sector,343,21.8,Rain,310000,18500,2024-03-02
RT-110,South-Central West Sector,400,19.3,Fog,210000,12500,2024-03-02
RT-103,North East Sector,294,0.1,Snow,135000,7500,2024-03-02
RT-101,Central East Sector,198,30.0,Clear,340000,20200,2024-03-02
RT-108,South West Sector,400,24.8,Clear,145000,8200,2024-03-02
RT-103,North East Sector,476,-3.8,Snow,135000,7500,2024-03-02
RT-110,South-Central West Sector,150,18.5,Fog,210000,12500,2024-03-02
RT-108,South West Sector,752,30.1,Clear,145000,8200,2024-03-02
RT-104,North West Sector,483,19.9,Fog,120000,6800,2024-03-02
RT-106,North-Central West Sector,456,26.1,Clear,195000,11200,2024-03-02
RT-106,North-Central West Sector,538,25.7,Clear,195000,11200,2024-03-02
RT-102,Central West Sector,96,22.7,Rain,310000,18500,2024-03-02
RT-106,North-Central West Sector,220,16.0,Fog,195000,11200,2024-03-02
RT-104,North West Sector,181,23.6,Rain,120000,6800,2024-03-02
RT-105,North-Central East Sector,348,23.2,Rain,175000,9900,2024-03-02
RT-109,South-Central East Sector,252,20.6,Rain,230000,13800,2024-03-02
RT-107,South East Sector,80,22.5,Rain,182000,10400,2024-03-02
RT-104,North West Sector,415,18.5,Fog,120000,6800,2024-03-02
RT-104,North West Sector,171,18.6,Rain,120000,6800,2024-03-02
RT-107,South East Sector,348,31.0,Clear,182000,10400,2024-03-02
RT-106,North-Central West Sector,902,-1.5,Snow,195000,11200,2024-03-02
RT-110,South-Central West Sector,352,0.8,Snow,210000,12500,2024-03-02
RT-104,North West Sector,111,15.9,Fog,120000,6800,2024-03-02
RT-104,North West Sector,389,1.3,Snow,120000,6800,2024-03-02
RT-104,North West Sector,588,25.9,Clear,120000,6800,2024-03-02
RT-102,Central West Sector,602,22.1,Clear,310000,18500,2024-03-02
RT-108,South West Sector,226,23.4,Rain,145000,8200,2024-03-02
RT-109,South-Central East Sector,280,-4.4,Snow,230000,13800,2024-03-02
RT-110,South-Central West Sector,240,19.9,Rain,210000,12500,2024-03-02
RT-107,South East Sector,267,19.7,Fog,182000,10400,2024-03-02
RT-108,South West Sector,152,31.5,Clear,145000,8200,2024-03-02
RT-102,Central West Sector,310,-1.0,Snow,310000,18500,2024-03-02
RT-108,South West Sector,285,-0.6,Snow,145000,8200,2024-03-02
RT-105,North-Central East Sector,246,26.5,Clear,175000,9900,2024-03-02
RT-105,North-Central East Sector,344,19.8,Rain,175000,9900,2024-03-02
RT-105,North-Central East Sector,329,25.3,Clear,175000,9900,2024-03-02
RT-104,North West Sector,200,22.0,Rain,120000,6800,2024-03-02
RT-104,North West Sector,290,29.5,Clear,120000,6800,2024-03-02
RT-101,Central East Sector,295,22.7,Rain,340000,20200,2024-03-02
RT-109,South-Central East Sector,297,18.7,Fog,230000,13800,2024-03-02
RT-101,Central East Sector,1198,-4.4,Snow,340000,20200,2024-03-02
RT-101,Central East Sector,114,17.0,Fog,340000,20200,2024-03-02
RT-106,North-Central West Sector,538,14.3,Fog,195000,11200,2024-03-02
RT-101,Central East Sector,288,-1.2,Snow,340000,20200,2024-03-02
RT-108,South West Sector,922,-1.9,Snow,145000,8200,2024-03-02
RT-104,North West Sector,258,30.9,Clear,120000,6800,2024-03-02
RT-101,Central East Sector,114,16.1,Fog,340000,20200,2024-03-02
RT-109,South-Central East Sector,640,-4.2,Snow,230000,13800,2024-03-02
RT-101,Central East Sector,544,23.4,Clear,340000,20200,2024-03-02
RT-104,North West Sector,335,0.3,Snow,120000,6800,2024-03-02
RT-104,North West Sector,662,21.7,Rain,120000,6800,2024-03-02
RT-109,South-Central East Sector,384,-4.3,Snow,230000,13800,2024-03-02
RT-101,Central East Sector,700,14.5,Fog,340000,20200,2024-03-02
RT-107,South East Sector,332,29.0,Clear,182000,10400,2024-03-02
RT-101,Central East Sector,417,14.4,Fog,340000,20200,2024-03-02
RT-103,North East Sector,498,18.9,Fog,135000,7500,2024-03-02
RT-102,Central West Sector,147,18.2,Fog,310000,18500,2024-03-02
RT-102,Central West Sector,218,18.5,Rain,310000,18500,2024-03-02
RT-107,South East Sector,674,18.5,Rain,182000,10400,2024-03-02
RT-102,Central West Sector,306,23.9,Rain,310000,18500,2024-03-02
RT-105,North-Central East Sector,358,-2.4,Snow,175000,9900,2024-03-02
RT-107,South East Sector,1202,16.2,Fog,182000,10400,2024-03-02
RT-105,North-Central East Sector,247,30.1,Clear,175000,9900,2024-03-02
RT-104,North West Sector,127,23.7,Rain,120000,6800,2024-03-02
RT-103,North East Sector,209,19.9,Fog,135000,7500,2024-03-02
RT-106,North-Central West Sector,582,0.3,Snow,195000,11200,2024-03-02
RT-101,Central East Sector,412,25.8,Clear,340000,20200,2024-03-02
RT-109,South-Central East Sector,105,14.5,Fog,230000,13800,2024-03-02
RT-106,North-Central West Sector,399,18.7,Fog,195000,11200,2024-03-02
RT-107,South East Sector,146,27.6,Clear,182000,10400,2024-03-02
RT-102,Central West Sector,186,20.5,Rain,310000,18500,2024-03-02
RT-108,South West Sector,486,23.4,Rain,145000,8200,2024-03-02
RT-101,Central East Sector,578,14.7,Fog,340000,20200,2024-03-02
RT-102,Central West Sector,342,21.0,Rain,310000,18500,2024-03-02
RT-104,North West Sector,333,-4.9,Snow,120000,6800,2024-03-02
RT-108,South West Sector,291,26.7,Clear,145000,8200,2024-03-02
RT-110,South-Central West Sector,156,18.3,Rain,210000,12500,2024-03-02
RT-109,South-Central East Sector,1092,14.7,Fog,230000,13800,2024-03-02
RT-110,South-Central West Sector,378,18.7,Rain,210000,12500,2024-03-02
RT-110,South-Central West Sector,187,21.9,Rain,210000,12500,2024-03-02
RT-102,Central West Sector,261,22.5,Rain,310000,18500,2024-03-02
RT-104,North West Sector,366,27.8,Clear,120000,6800,2024-03-02
RT-104,North West Sector,317,23.8,Rain,120000,6800,2024-03-02
RT-105,North-Central East Sector,246,-2.4,Snow,175000,9900,2024-03-02
RT-110,South-Central West Sector,756,-3.0,Snow,210000,12500,2024-03-02
RT-101,Central East Sector,516,19.2,Fog,340000,20200,2024-03-02
RT-104,North West Sector,1047,15.3,Fog,120000,6800,2024-03-02
RT-106,North-Central West Sector,216,19.8,Fog,195000,11200,2024-03-02
RT-108,South West Sector,406,22.1,Clear,145000,8200,2024-03-02
RT-110,South-Central West Sector,98,31.7,Clear,210000,12500,2024-03-02
RT-103,North East Sector,214,14.3,Fog,135000,7500,2024-03-02
RT-106,North-Central West Sector,328,30.9,Clear,195000,11200,2024-03-02
RT-101,Central East Sector,222,21.2,Rain,340000,20200,2024-03-02
RT-104,North West Sector,654,2.0,Snow,120000,6800,2024-03-02
RT-109,South-Central East Sector,289,-4.5,Snow,230000,13800,2024-03-02
RT-101,Central East Sector,358,17.3,Fog,340000,20200,2024-03-02
RT-108,South West Sector,313,23.8,Rain,145000,8200,2024-03-02
RT-106,North-Central West Sector,128,21.1,Rain,195000,11200,2024-03-02
RT-110,South-Central West Sector,420,17.8,Fog,210000,12500,2024-03-02
RT-105,North-Central East Sector,209,29.0,Clear,175000,9900,2024-03-02
RT-109,South-Central East Sector,518,16.7,Fog,230000,13800,2024-03-02
RT-102,Central West Sector,462,-0.6,Snow,310000,18500,2024-03-02
RT-101,Central East Sector,352,17.5,Fog,340000,20200,2024-03-02
RT-110,South-Central West Sector,986,1.3,Snow,210000,12500,2024-03-02
RT-110,South-Central West Sector,119,14.3,Fog,210000,12500,2024-03-02
RT-107,South East Sector,622,15.7,Fog,182000,10400,2024-03-02
RT-103,North East Sector,356,23.7,Rain,135000,7500,2024-03-02
RT-104,North West Sector,360,30.9,Clear,120000,6800,2024-03-02
RT-101,Central East Sector,258,-1.8,Snow,340000,20200,2024-03-02
RT-105,North-Central East Sector,852,21.7,Rain,175000,9900,2024-03-02
RT-108,South West Sector,538,19.7,Rain,145000,8200,2024-03-02
RT-110,South-Central West Sector,283,19.1,Rain,210000,12500,2024-03-02
RT-107,South East Sector,426,-1.8,Snow,182000,10400,2024-03-02
RT-107,South East Sector,288,16.1,Fog,182000,10400,2024-03-02
RT-109,South-Central East Sector,624,-0.9,Snow,230000,13800,2024-03-02
RT-106,North-Central West Sector,368,14.5,Fog,195000,11200,2024-03-02
RT-102,Central West Sector,78,19.8,Fog,310000,18500,2024-03-02
RT-106,North-Central West Sector,288,23.9,Rain,195000,11200,2024-03-02
RT-108,South West Sector,578,18.2,Fog,145000,8200,2024-03-02
RT-110,South-Central West Sector,137,21.2,Rain,210000,12500,2024-03-02
RT-108,South West Sector,325,15.9,Fog,145000,8200,2024-03-02
RT-102,Central West Sector,502,18.9,Fog,310000,18500,2024-03-02
RT-101,Central East Sector,283,22.1,Rain,340000,20200,2024-03-02
RT-110,South-Central West Sector,357,23.6,Clear,210000,12500,2024-03-02
RT-104,North West Sector,220,19.5,Fog,120000,6800,2024-03-02
RT-104,North West Sector,211,18.9,Fog,120000,6800,2024-03-02
RT-106,North-Central West Sector,139,31.5,Clear,195000,11200,2024-03-02
RT-102,Central West Sector,272,0.1,Snow,310000,18500,2024-03-02
RT-110,South-Central West Sector,92,17.7,Fog,210000,12500,2024-03-02
RT-104,North West Sector,1208,-2.1,Snow,120000,6800,2024-03-02
RT-104,North West Sector,941,31.3,Clear,120000,6800,2024-03-02
RT-108,South West Sector,408,19.2,Fog,145000,8200,2024-03-02
RT-110,South-Central West Sector,262,14.3,Fog,210000,12500,2024-03-02
RT-109,South-Central East Sector,602,-4.8,Snow,230000,13800,2024-03-02
RT-101,Central East Sector,771,16.3,Fog,340000,20200,2024-03-02
RT-104,North West Sector,821,18.9,Fog,120000,6800,2024-03-02
RT-101,Central East Sector,410,19.9,Fog,340000,20200,2024-03-02
RT-103,North East Sector,454,14.9,Fog,135000,7500,2024-03-02
RT-107,South East Sector,135,21.6,Rain,182000,10400,2024-03-02
RT-109,South-Central East Sector,710,16.3,Fog,230000,13800,2024-03-02
RT-101,Central East Sector,164,31.7,Clear,340000,20200,2024-03-02
RT-110,South-Central West Sector,700,19.1,Fog,210000,12500,2024-03-02
RT-105,North-Central East Sector,658,19.0,Fog,175000,9900,2024-03-02
RT-110,South-Central West Sector,229,-1.7,Snow,210000,12500,2024-03-02
RT-109,South-Central East Sector,274,20.5,Rain,230000,13800,2024-03-02
RT-102,Central West Sector,226,-3.1,Snow,310000,18500,2024-03-02
RT-102,Central West Sector,766,22.6,Clear,310000,18500,2024-03-02
RT-105,North-Central East Sector,250,19.2,Fog,175000,9900,2024-03-02
RT-109,South-Central East Sector,334,22.9,Rain,230000,13800,2024-03-02
RT-108,South West Sector,142,32.0,Clear,145000,8200,2024-03-02
RT-105,North-Central East Sector,408,20.0,Fog,175000,9900,2024-03-02
RT-109,South-Central East Sector,287,21.3,Rain,230000,13800,2024-03-02
RT-104,North West Sector,352,29.7,Clear,120000,6800,2024-03-02
RT-102,Central West Sector,305,31.4,Clear,310000,18500,2024-03-02
RT-103,North East Sector,390,23.1,Rain,135000,7500,2024-03-02
RT-103,North East Sector,587,-3.3,Snow,135000,7500,2024-03-02
RT-104,North West Sector,214,16.7,Fog,120000,6800,2024-03-02
RT-102,Central West Sector,160,-4.1,Snow,310000,18500,2024-03-02
RT-103,North East Sector,303,19.7,Fog,135000,7500,2024-03-02
RT-106,North-Central West Sector,524,-0.8,Snow,195000,11200,2024-03-02
RT-107,South East Sector,438,15.4,Fog,182000,10400,2024-03-02
RT-103,North East Sector,468,28.7,Clear,135000,7500,2024-03-02
RT-108,South West Sector,572,-0.7,Snow,145000,8200,2024-03-02
RT-108,South West Sector,334,-2.5,Snow,145000,8200,2024-03-02
RT-107,South East Sector,97,18.7,Rain,182000,10400,2024-03-02
RT-107,South East Sector,223,22.0,Rain,182000,10400,2024-03-02
RT-104,North West Sector,352,27.2,Clear,120000,6800,2024-03-02
RT-103,North East Sector,378,18.6,Fog,135000,7500,2024-03-02
RT-110,South-Central West Sector,408,-1.4,Snow,210000,12500,2024-03-02
RT-104,North West Sector,261,30.5,Clear,120000,6800,2024-03-02
RT-108,South West Sector,432,-1.1,Snow,145000,8200,2024-03-02
RT-105,North-Central East Sector,296,-1.1,Snow,175000,9900,2024-03-02
RT-108,South West Sector,482,19.3,Fog,145000,8200,2024-03-02
RT-105,North-Central East Sector,614,16.4,Fog,175000,9900,2024-03-02
RT-104,North West Sector,353,14.8,Fog,120000,6800,2024-03-02
RT-101,Central East Sector,108,-4.8,Snow,340000,20200,2024-03-02
RT-109,South-Central East Sector,52,18.5,Fog,230000,13800,2024-03-02
RT-103,North East Sector,582,28.2,Clear,135000,7500,2024-03-02
RT-101,Central East Sector,273,18.2,Fog,340000,20200,2024-03-02
RT-104,North West Sector,326,24.1,Clear,120000,6800,2024-03-02
RT-107,South East Sector,440,18.8,Rain,182000,10400,2024-03-02
RT-106,North-Central West Sector,111,22.1,Clear,195000,11200,2024-03-02
RT-102,Central West Sector,662,25.5,Clear,310000,18500,2024-03-02
RT-104,North West Sector,330,27.9,Clear,120000,6800,2024-03-02
RT-109,South-Central East Sector,448,-2.3,Snow,230000,13800,2024-03-02
RT-108,South West Sector,104,-1.9,Snow,145000,8200,2024-03-02
RT-110,South-Central West Sector,396,31.0,Clear,210000,12500,2024-03-02
RT-108,South West Sector,1252,25.5,Clear,145000,8200,2024-03-02
RT-101,Central East Sector,170,-1.4,Snow,340000,20200,2024-03-02
RT-108,South West Sector,80,29.8,Clear,145000,8200,2024-03-02
RT-106,North-Central West Sector,822,20.4,Rain,195000,11200,2024-03-02
RT-105,North-Central East Sector,364,21.7,Rain,175000,9900,2024-03-02
RT-106,North-Central West Sector,576,30.6,Clear,195000,11200,2024-03-02
RT-106,North-Central West Sector,202,23.7,Rain,195000,11200,2024-03-02
RT-110,South-Central West Sector,250,14.9,Fog,210000,12500,2024-03-03
RT-105,North-Central East Sector,1246,23.6,Rain,175000,9900,2024-03-03
RT-110,South-Central West Sector,354,21.0,Rain,210000,12500,2024-03-03
RT-105,North-Central East Sector,738,-3.2,Snow,175000,9900,2024-03-03
RT-109,South-Central East Sector,165,20.8,Rain,230000,13800,2024-03-03
RT-109,South-Central East Sector,422,1.9,Snow,230000,13800,2024-03-03
RT-103,North East Sector,463,17.0,Fog,135000,7500,2024-03-03
RT-105,North-Central East Sector,286,16.0,Fog,175000,9900,2024-03-03
RT-105,North-Central East Sector,496,17.8,Fog,175000,9900,2024-03-03
RT-104,North West Sector,265,15.4,Fog,120000,6800,2024-03-03
RT-108,South West Sector,484,22.8,Clear,145000,8200,2024-03-03
RT-106,North-Central West Sector,516,14.8,Fog,195000,11200,2024-03-03
RT-108,South West Sector,306,18.8,Rain,145000,8200,2024-03-03
RT-108,South West Sector,286,14.9,Fog,145000,8200,2024-03-03
RT-106,North-Central West Sector,254,18.8,Rain,195000,11200,2024-03-03
RT-101,Central East Sector,686,28.4,Clear,340000,20200,2024-03-03
RT-105,North-Central East Sector,228,15.1,Fog,175000,9900,2024-03-03
RT-101,Central East Sector,786,16.1,Fog,340000,20200,2024-03-03
RT-105,North-Central East Sector,311,31.0,Clear,175000,9900,2024-03-03
RT-109,South-Central East Sector,336,16.8,Fog,230000,13800,2024-03-03
RT-108,South West Sector,394,22.0,Rain,145000,8200,2024-03-03
RT-109,South-Central East Sector,500,15.0,Fog,230000,13800,2024-03-03
RT-107,South East Sector,454,15.2,Fog,182000,10400,2024-03-03
RT-109,South-Central East Sector,472,14.2,Fog,230000,13800,2024-03-03
RT-108,South West Sector,336,15.0,Fog,145000,8200,2024-03-03
RT-103,North East Sector,475,15.7,Fog,135000,7500,2024-03-03
RT-105,North-Central East Sector,269,19.1,Rain,175000,9900,2024-03-03
RT-109,South-Central East Sector,506,14.5,Fog,230000,13800,2024-03-03
RT-110,South-Central West Sector,128,-4.2,Snow,210000,12500,2024-03-03
RT-104,North West Sector,712,20.8,Rain,120000,6800,2024-03-03
RT-107,South East Sector,430,24.1,Clear,182000,10400,2024-03-03
RT-101,Central East Sector,790,16.2,Fog,340000,20200,2024-03-03
RT-105,North-Central East Sector,372,21.0,Rain,175000,9900,2024-03-03
RT-103,North East Sector,540,28.9,Clear,135000,7500,2024-03-03
RT-109,South-Central East Sector,489,22.4,Clear,230000,13800,2024-03-03
RT-102,Central West Sector,528,22.8,Rain,310000,18500,2024-03-03
RT-106,North-Central West Sector,296,17.8,Fog,195000,11200,2024-03-03
RT-109,South-Central East Sector,378,14.5,Fog,230000,13800,2024-03-03
RT-110,South-Central West Sector,374,1.1,Snow,210000,12500,2024-03-03
RT-105,North-Central East Sector,584,1.4,Snow,175000,9900,2024-03-03
RT-102,Central West Sector,274,14.4,Fog,310000,18500,2024-03-03
RT-106,North-Central West Sector,244,19.7,Rain,195000,11200,2024-03-03
RT-108,South West Sector,460,22.8,Rain,145000,8200,2024-03-03
RT-102,Central West Sector,368,22.5,Rain,310000,18500,2024-03-03
RT-104,North West Sector,116,15.1,Fog,120000,6800,2024-03-03
RT-105,North-Central East Sector,244,24.1,Clear,175000,9900,2024-03-03
RT-101,Central East Sector,1017,20.2,Rain,340000,20200,2024-03-03
RT-109,South-Central East Sector,186,26.8,Clear,230000,13800,2024-03-03
RT-109,South-Central East Sector,278,21.7,Rain,230000,13800,2024-03-03
RT-110,South-Central West Sector,222,20.2,Rain,210000,12500,2024-03-03
RT-102,Central West Sector,588,-1.8,Snow,310000,18500,2024-03-03
RT-109,South-Central East Sector,294,18.5,Fog,230000,13800,2024-03-03
RT-106,North-Central West Sector,554,22.4,Clear,195000,11200,2024-03-03
RT-108,South West Sector,77,24.5,Clear,145000,8200,2024-03-03
RT-106,North-Central West Sector,279,29.1,Clear,195000,11200,2024-03-03
RT-105,North-Central East Sector,650,19.4,Fog,175000,9900,2024-03-03
RT-104,North West Sector,72,27.1,Clear,120000,6800,2024-03-03
RT-106,North-Central West Sector,436,-1.3,Snow,195000,11200,2024-03-03
RT-103,North East Sector,393,23.1,Clear,135000,7500,2024-03-03
RT-110,South-Central West Sector,374,20.7,Rain,210000,12500,2024-03-03
RT-107,South East Sector,582,21.2,Rain,182000,10400,2024-03-03
RT-105,North-Central East Sector,549,19.5,Rain,175000,9900,2024-03-03
RT-103,North East Sector,299,15.6,Fog,135000,7500,2024-03-03
RT-104,North West Sector,40,16.3,Fog,120000,6800,2024-03-03
RT-104,North West Sector,482,-4.9,Snow,120000,6800,2024-03-03
RT-106,North-Central West Sector,218,19.9,Rain,195000,11200,2024-03-03
RT-110,South-Central West Sector,307,19.3,Rain,210000,12500,2024-03-03
RT-102,Central West Sector,294,25.3,Clear,310000,18500,2024-03-03
RT-107,South East Sector,532,23.2,Clear,182000,10400,2024-03-03
RT-108,South West Sector,304,30.9,Clear,145000,8200,2024-03-03
RT-104,North West Sector,273,27.9,Clear,120000,6800,2024-03-03
RT-104,North West Sector,484,22.1,Rain,120000,6800,2024-03-03
RT-102,Central West Sector,622,0.5,Snow,310000,18500,2024-03-03
RT-109,South-Central East Sector,524,27.0,Clear,230000,13800,2024-03-03
RT-110,South-Central West Sector,174,22.9,Clear,210000,12500,2024-03-03
RT-103,North East Sector,556,21.2,Rain,135000,7500,2024-03-03
RT-106,North-Central West Sector,205,17.5,Fog,195000,11200,2024-03-03
RT-110,South-Central West Sector,302,29.5,Clear,210000,12500,2024-03-03
RT-103,North East Sector,139,16.6,Fog,135000,7500,2024-03-03
RT-106,North-Central West Sector,143,-4.1,Snow,195000,11200,2024-03-03
RT-103,North East Sector,88,-3.0,Snow,135000,7500,2024-03-03
RT-109,South-Central East Sector,215,25.6,Clear,230000,13800,2024-03-03
RT-109,South-Central East Sector,332,21.9,Rain,230000,13800,2024-03-03
RT-101,Central East Sector,686,21.4,Rain,340000,20200,2024-03-03
RT-109,South-Central East Sector,242,16.1,Fog,230000,13800,2024-03-03
RT-109,South-Central East Sector,249,31.9,Clear,230000,13800,2024-03-03
RT-105,North-Central East Sector,167,28.1,Clear,175000,9900,2024-03-03
RT-102,Central West Sector,406,24.4,Clear,310000,18500,2024-03-03
RT-101,Central East Sector,464,18.6,Rain,340000,20200,2024-03-03
RT-105,North-Central East Sector,479,-3.9,Snow,175000,9900,2024-03-03
RT-108,South West Sector,508,15.5,Fog,145000,8200,2024-03-03
RT-106,North-Central West Sector,442,-3.9,Snow,195000,11200,2024-03-03
RT-102,Central West Sector,388,-3.7,Snow,310000,18500,2024-03-03
RT-101,Central East Sector,558,19.7,Rain,340000,20200,2024-03-03
RT-106,North-Central West Sector,381,-3.8,Snow,195000,11200,2024-03-03
RT-104,North West Sector,379,23.4,Rain,120000,6800,2024-03-03
RT-105,North-Central East Sector,634,-4.4,Snow,175000,9900,2024-03-03
RT-105,North-Central East Sector,149,27.2,Clear,175000,9900,2024-03-03
RT-107,South East Sector,530,20.5,Rain,182000,10400,2024-03-03
RT-110,South-Central West Sector,266,19.9,Fog,210000,12500,2024-03-03
RT-110,South-Central West Sector,332,14.7,Fog,210000,12500,2024-03-03
RT-110,South-Central West Sector,347,16.4,Fog,210000,12500,2024-03-03
RT-109,South-Central East Sector,590,1.8,Snow,230000,13800,2024-03-03
RT-108,South West Sector,435,19.2,Fog,145000,8200,2024-03-03
RT-103,North East Sector,464,18.9,Fog,135000,7500,2024-03-03
RT-104,North West Sector,226,15.5,Fog,120000,6800,2024-03-03
RT-106,North-Central West Sector,928,15.0,Fog,195000,11200,2024-03-03
RT-107,South East Sector,254,22.0,Rain,182000,10400,2024-03-03
RT-110,South-Central West Sector,178,1.5,Snow,210000,12500,2024-03-03
RT-104,North West Sector,847,27.6,Clear,120000,6800,2024-03-03
RT-106,North-Central West Sector,388,21.4,Rain,195000,11200,2024-03-03
RT-105,North-Central East Sector,170,24.8,Clear,175000,9900,2024-03-03
RT-105,North-Central East Sector,379,0.4,Snow,175000,9900,2024-03-03
RT-101,Central East Sector,506,19.1,Rain,340000,20200,2024-03-03
RT-101,Central East Sector,160,-2.7,Snow,340000,20200,2024-03-03
RT-109,South-Central East Sector,280,-2.0,Snow,230000,13800,2024-03-03
RT-103,North East Sector,528,-1.4,Snow,135000,7500,2024-03-03
RT-103,North East Sector,492,15.5,Fog,135000,7500,2024-03-03
RT-101,Central East Sector,841,14.7,Fog,340000,20200,2024-03-03
RT-107,South East Sector,301,-0.7,Snow,182000,10400,2024-03-03
RT-108,South West Sector,702,24.9,Clear,145000,8200,2024-03-03
RT-101,Central East Sector,550,27.8,Clear,340000,20200,2024-03-03
RT-108,South West Sector,1114,-3.9,Snow,145000,8200,2024-03-03
RT-101,Central East Sector,236,16.9,Fog,340000,20200,2024-03-03
RT-103,North East Sector,353,27.3,Clear,135000,7500,2024-03-03
RT-108,South West Sector,364,-4.6,Snow,145000,8200,2024-03-03
RT-101,Central East Sector,452,16.0,Fog,340000,20200,2024-03-03
RT-101,Central East Sector,159,14.8,Fog,340000,20200,2024-03-03
RT-110,South-Central West Sector,802,18.4,Rain,210000,12500,2024-03-03
RT-104,North West Sector,403,19.9,Fog,120000,6800,2024-03-03
RT-109,South-Central East Sector,756,-2.7,Snow,230000,13800,2024-03-03
RT-103,North East Sector,301,0.7,Snow,135000,7500,2024-03-03
RT-105,North-Central East Sector,92,24.5,Clear,175000,9900,2024-03-03
RT-105,North-Central East Sector,708,-0.2,Snow,175000,9900,2024-03-03
RT-110,South-Central West Sector,147,0.3,Snow,210000,12500,2024-03-03
RT-103,North East Sector,862,21.6,Rain,135000,7500,2024-03-03
RT-107,South East Sector,202,26.7,Clear,182000,10400,2024-03-03
RT-103,North East Sector,1346,-2.1,Snow,135000,7500,2024-03-03
RT-102,Central West Sector,640,-2.6,Snow,310000,18500,2024-03-03
RT-102,Central West Sector,218,31.3,Clear,310000,18500,2024-03-03
RT-108,South West Sector,76,23.0,Rain,145000,8200,2024-03-03
RT-101,Central East Sector,92,1.8,Snow,340000,20200,2024-03-03
RT-105,North-Central East Sector,249,18.7,Rain,175000,9900,2024-03-03
RT-106,North-Central West Sector,234,18.4,Fog,195000,11200,2024-03-03
RT-108,South West Sector,285,19.6,Fog,145000,8200,2024-03-03
RT-109,South-Central East Sector,634,-3.7,Snow,230000,13800,2024-03-03
RT-105,North-Central East Sector,595,-4.5,Snow,175000,9900,2024-03-03
RT-103,North East Sector,347,29.4,Clear,135000,7500,2024-03-03
RT-103,North East Sector,220,17.4,Fog,135000,7500,2024-03-03
RT-109,South-Central East Sector,554,0.9,Snow,230000,13800,2024-03-03
RT-107,South East Sector,189,18.8,Rain,182000,10400,2024-03-03
RT-101,Central East Sector,147,18.8,Fog,340000,20200,2024-03-03
RT-107,South East Sector,96,-3.6,Snow,182000,10400,2024-03-03
RT-102,Central West Sector,1072,19.0,Rain,310000,18500,2024-03-03
RT-105,North-Central East Sector,191,15.0,Fog,175000,9900,2024-03-03
RT-101,Central East Sector,414,22.9,Rain,340000,20200,2024-03-03
RT-110,South-Central West Sector,262,22.0,Rain,210000,12500,2024-03-03
RT-102,Central West Sector,232,-1.3,Snow,310000,18500,2024-03-03
RT-103,North East Sector,342,25.6,Clear,135000,7500,2024-03-03
RT-103,North East Sector,548,19.3,Fog,135000,7500,2024-03-03
RT-102,Central West Sector,202,20.4,Rain,310000,18500,2024-03-03
RT-110,South-Central West Sector,269,18.9,Fog,210000,12500,2024-03-03
RT-109,South-Central East Sector,369,16.6,Fog,230000,13800,2024-03-03
RT-107,South East Sector,662,16.3,Fog,182000,10400,2024-03-03
RT-106,North-Central West Sector,433,20.8,Rain,195000,11200,2024-03-03
RT-103,North East Sector,482,-2.9,Snow,135000,7500,2024-03-03
RT-105,North-Central East Sector,706,0.2,Snow,175000,9900,2024-03-03
RT-102,Central West Sector,578,-1.5,Snow,310000,18500,2024-03-03
RT-107,South East Sector,171,19.4,Rain,182000,10400,2024-03-03
RT-104,North West Sector,86,31.0,Clear,120000,6800,2024-03-03
RT-107,South East Sector,178,20.3,Rain,182000,10400,2024-03-03
RT-107,South East Sector,292,-1.2,Snow,182000,10400,2024-03-03
RT-103,North East Sector,238,19.4,Fog,135000,7500,2024-03-03
RT-104,North West Sector,142,17.7,Fog,120000,6800,2024-03-03
RT-107,South East Sector,185,14.7,Fog,182000,10400,2024-03-03
RT-107,South East Sector,382,31.4,Clear,182000,10400,2024-03-03
RT-103,North East Sector,66,17.8,Fog,135000,7500,2024-03-03
RT-107,South East Sector,527,16.0,Fog,182000,10400,2024-03-03
RT-110,South-Central West Sector,962,18.8,Rain,210000,12500,2024-03-03
RT-109,South-Central East Sector,170,22.8,Rain,230000,13800,2024-03-03
RT-102,Central West Sector,100,21.7,Rain,310000,18500,2024-03-03
RT-110,South-Central West Sector,202,17.2,Fog,210000,12500,2024-03-03
RT-107,South East Sector,506,1.3,Snow,182000,10400,2024-03-03
RT-110,South-Central West Sector,320,22.7,Rain,210000,12500,2024-03-03
RT-110,South-Central West Sector,684,18.9,Rain,210000,12500,2024-03-03
RT-109,South-Central East Sector,514,19.9,Rain,230000,13800,2024-03-03
RT-109,South-Central East Sector,262,19.5,Rain,230000,13800,2024-03-03
RT-105,North-Central East Sector,366,0.2,Snow,175000,9900,2024-03-03
RT-106,North-Central West Sector,258,-4.8,Snow,195000,11200,2024-03-03
RT-102,Central West Sector,596,21.4,Rain,310000,18500,2024-03-03
RT-103,North East Sector,140,18.6,Fog,135000,7500,2024-03-03
RT-107,South East Sector,347,1.1,Snow,182000,10400,2024-03-03
RT-104,North West Sector,139,-2.6,Snow,120000,6800,2024-03-03
RT-101,Central East Sector,698,22.9,Rain,340000,20200,2024-03-03
RT-105,North-Central East Sector,482,-4.2,Snow,175000,9900,2024-03-03
RT-110,South-Central West Sector,208,23.1,Rain,210000,12500,2024-03-03
RT-101,Central East Sector,238,-4.1,Snow,340000,20200,2024-03-03
RT-107,South East Sector,284,20.4,Rain,182000,10400,2024-03-03
RT-101,Central East Sector,95,30.0,Clear,340000,20200,2024-03-03
RT-104,North West Sector,380,14.9,Fog,120000,6800,2024-03-03
RT-106,North-Central West Sector,432,15.4,Fog,195000,11200,2024-03-03
RT-109,South-Central East Sector,236,29.2,Clear,230000,13800,2024-03-03
RT-108,South West Sector,273,0.0,Snow,145000,8200,2024-03-03
RT-104,North West Sector,238,28.4,Clear,120000,6800,2024-03-03
RT-103,North East Sector,184,18.2,Fog,135000,7500,2024-03-03
RT-110,South-Central West Sector,506,21.3,Rain,210000,12500,2024-03-03
RT-104,North West Sector,610,24.5,Clear,120000,6800,2024-03-03
RT-106,North-Central West Sector,329,16.1,Fog,195000,11200,2024-03-03
RT-106,North-Central West Sector,210,19.1,Rain,195000,11200,2024-03-03
RT-104,North West Sector,70,1.4,Snow,120000,6800,2024-03-03
RT-110,South-Central West Sector,145,21.5,Rain,210000,12500,2024-03-03
RT-102,Central West Sector,520,20.4,Rain,310000,18500,2024-03-03
RT-103,North East Sector,1066,16.8,Fog,135000,7500,2024-03-03
RT-108,South West Sector,168,1.6,Snow,145000,8200,2024-03-03
RT-106,North-Central West Sector,412,14.9,Fog,195000,11200,2024-03-03
RT-109,South-Central East Sector,206,21.5,Rain,230000,13800,2024-03-03
RT-105,North-Central East Sector,626,21.0,Rain,175000,9900,2024-03-03
RT-110,South-Central West Sector,404,-0.7,Snow,210000,12500,2024-03-03
RT-106,North-Central West Sector,456,18.1,Rain,195000,11200,2024-03-03
RT-103,North East Sector,529,19.2,Fog,135000,7500,2024-03-03
RT-109,South-Central East Sector,130,23.6,Rain,230000,13800,2024-03-03
RT-102,Central West Sector,772,17.4,Fog,310000,18500,2024-03-03
RT-109,South-Central East Sector,706,-0.1,Snow,230000,13800,2024-03-03
RT-105,North-Central East Sector,335,23.5,Rain,175000,9900,2024-03-03
RT-104,North West Sector,376,-0.0,Snow,120000,6800,2024-03-03
RT-105,North-Central East Sector,270,-3.9,Snow,175000,9900,2024-03-03
RT-102,Central West Sector,323,27.8,Clear,310000,18500,2024-03-03
RT-110,South-Central West Sector,734,21.6,Rain,210000,12500,2024-03-03
RT-101,Central East Sector,320,20.5,Rain,340000,20200,2024-03-03
RT-107,South East Sector,286,18.4,Fog,182000,10400,2024-03-03
RT-108,South West Sector,299,23.6,Rain,145000,8200,2024-03-03
RT-105,North-Central East Sector,1366,1.5,Snow,175000,9900,2024-03-03
RT-106,North-Central West Sector,506,20.7,Rain,195000,11200,2024-03-03
RT-106,North-Central West Sector,620,14.7,Fog,195000,11200,2024-03-03
RT-110,South-Central West Sector,164,19.9,Fog,210000,12500,2024-03-03
RT-104,North West Sector,1124,0.9,Snow,120000,6800,2024-03-03
RT-108,South West Sector,314,-4.1,Snow,145000,8200,2024-03-03
RT-106,North-Central West Sector,353,31.2,Clear,195000,11200,2024-03-03
RT-102,Central West Sector,302,30.7,Clear,310000,18500,2024-03-03
RT-102,Central West Sector,222,17.1,Fog,310000,18500,2024-03-03
RT-105,North-Central East Sector,127,-0.9,Snow,175000,9900,2024-03-03
RT-103,North East Sector,500,20.4,Rain,135000,7500,2024-03-03
RT-106,North-Central West Sector,370,-4.6,Snow,195000,11200,2024-03-03
RT-103,North East Sector,78,25.4,Clear,135000,7500,2024-03-03
RT-107,South East Sector,424,18.8,Fog,182000,10400,2024-03-03
RT-105,North-Central East Sector,572,-5.0,Snow,175000,9900,2024-03-03
RT-105,North-Central East Sector,140,20.0,Rain,175000,9900,2024-03-03
RT-110,South-Central West Sector,406,16.4,Fog,210000,12500,2024-03-03
RT-109,South-Central East Sector,319,21.2,Rain,230000,13800,2024-03-03
RT-110,South-Central West Sector,349,23.5,Rain,210000,12500,2024-03-03
RT-101,Central East Sector,158,-2.6,Snow,340000,20200,2024-03-03
RT-104,North West Sector,280,16.1,Fog,120000,6800,2024-03-03
RT-106,North-Central West Sector,116,0.2,Snow,195000,11200,2024-03-03
RT-101,Central East Sector,530,-1.8,Snow,340000,20200,2024-03-03
RT-106,North-Central West Sector,412,19.3,Rain,195000,11200,2024-03-03
RT-101,Central East Sector,534,26.5,Clear,340000,20200,2024-03-03
RT-105,North-Central East Sector,982,23.4,Clear,175000,9900,2024-03-03
RT-108,South West Sector,412,-3.8,Snow,145000,8200,2024-03-03
RT-102,Central West Sector,149,-1.5,Snow,310000,18500,2024-03-03
RT-107,South East Sector,274,16.5,Fog,182000,10400,2024-03-03
RT-108,South West Sector,842,1.4,Snow,145000,8200,2024-03-03
RT-110,South-Central West Sector,268,25.6,Clear,210000,12500,2024-03-03
RT-109,South-Central East Sector,326,-0.9,Snow,230000,13800,2024-03-03
RT-105,North-Central East Sector,570,-0.6,Snow,175000,9900,2024-03-03
RT-109,South-Central East Sector,604,14.1,Fog,230000,13800,2024-03-03
RT-106,North-Central West Sector,254,18.0,Fog,195000,11200,2024-03-03
RT-110,South-Central West Sector,274,15.1,Fog,210000,12500,2024-03-03
RT-103,North East Sector,172,23.8,Rain,135000,7500,2024-03-03
RT-110,South-Central West Sector,852,23.5,Clear,210000,12500,2024-03-03
RT-106,North-Central West Sector,105,26.1,Clear,195000,11200,2024-03-03
RT-104,North West Sector,208,18.5,Rain,120000,6800,2024-03-03
RT-107,South East Sector,622,20.0,Fog,182000,10400,2024-03-03
RT-110,South-Central West Sector,117,-1.5,Snow,210000,12500,2024-03-03
RT-104,North West Sector,366,17.6,Fog,120000,6800,2024-03-03
RT-107,South East Sector,207,14.4,Fog,182000,10400,2024-03-03
RT-110,South-Central West Sector,486,22.5,Rain,210000,12500,2024-03-03
RT-103,North East Sector,782,-3.5,Snow,135000,7500,2024-03-03
RT-105,North-Central East Sector,141,31.0,Clear,175000,9900,2024-03-03
RT-104,North West Sector,640,19.2,Rain,120000,6800,2024-03-03
RT-102,Central West Sector,174,15.1,Fog,310000,18500,2024-03-03
RT-103,North East Sector,212,18.2,Rain,135000,7500,2024-03-03
RT-104,North West Sector,267,16.8,Fog,120000,6800,2024-03-03
RT-102,Central West Sector,52,21.4,Rain,310000,18500,2024-03-03
RT-106,North-Central West Sector,470,-4.5,Snow,195000,11200,2024-03-03
RT-106,North-Central West Sector,202,29.8,Clear,195000,11200,2024-03-03
RT-102,Central West Sector,336,-1.8,Snow,310000,18500,2024-03-03
RT-107,South East Sector,276,27.2,Clear,182000,10400,2024-03-03
RT-106,North-Central West Sector,364,16.6,Fog,195000,11200,2024-03-03
RT-103,North East Sector,422,20.4,Rain,135000,7500,2024-03-04
RT-104,North West Sector,402,-1.1,Snow,120000,6800,2024-03-04
RT-108,South West Sector,648,18.9,Rain,145000,8200,2024-03-04
RT-109,South-Central East Sector,103,19.1,Rain,230000,13800,2024-03-04
RT-108,South West Sector,114,1.0,Snow,145000,8200,2024-03-04
RT-103,North East Sector,350,31.5,Clear,135000,7500,2024-03-04
RT-109,South-Central East Sector,266,-2.4,Snow,230000,13800,2024-03-04
RT-102,Central West Sector,92,15.6,Fog,310000,18500,2024-03-04
RT-103,North East Sector,658,-0.5,Snow,135000,7500,2024-03-04
RT-105,North-Central East Sector,309,26.1,Clear,175000,9900,2024-03-04
RT-105,North-Central East Sector,552,18.2,Rain,175000,9900,2024-03-04
RT-104,North West Sector,85,-3.9,Snow,120000,6800,2024-03-04
RT-106,North-Central West Sector,740,0.0,Snow,195000,11200,2024-03-04
RT-109,South-Central East Sector,220,22.0,Rain,230000,13800,2024-03-04
RT-107,South East Sector,324,14.2,Fog,182000,10400,2024-03-04
RT-104,North West Sector,608,15.3,Fog,120000,6800,2024-03-04
RT-106,North-Central West Sector,300,24.3,Clear,195000,11200,2024-03-04
RT-106,North-Central West Sector,184,18.0,Fog,195000,11200,2024-03-04
RT-104,North West Sector,112,22.2,Clear,120000,6800,2024-03-04
RT-108,South West Sector,1212,18.6,Rain,145000,8200,2024-03-04
RT-107,South East Sector,234,30.0,Clear,182000,10400,2024-03-04
RT-103,North East Sector,496,15.1,Fog,135000,7500,2024-03-04
RT-108,South West Sector,142,21.9,Rain,145000,8200,2024-03-04
RT-108,South West Sector,800,15.4,Fog,145000,8200,2024-03-04
RT-107,South East Sector,470,23.0,Clear,182000,10400,2024-03-04
RT-106,North-Central West Sector,558,19.5,Rain,195000,11200,2024-03-04
RT-102,Central West Sector,218,29.2,Clear,310000,18500,2024-03-04
RT-109,South-Central East Sector,450,19.1,Fog,230000,13800,2024-03-04
RT-103,North East Sector,530,0.8,Snow,135000,7500,2024-03-04
RT-102,Central West Sector,463,16.4,Fog,310000,18500,2024-03-04
RT-107,South East Sector,354,22.0,Rain,182000,10400,2024-03-04
RT-110,South-Central West Sector,416,15.2,Fog,210000,12500,2024-03-04
RT-110,South-Central West Sector,820,19.8,Rain,210000,12500,2024-03-04
RT-101,Central East Sector,189,31.0,Clear,340000,20200,2024-03-04
RT-102,Central West Sector,1132,22.1,Clear,310000,18500,2024-03-04
RT-110,South-Central West Sector,318,18.5,Rain,210000,12500,2024-03-04
RT-102,Central West Sector,274,24.1,Clear,310000,18500,2024-03-04
RT-108,South West Sector,426,14.2,Fog,145000,8200,2024-03-04
RT-101,Central East Sector,253,-3.7,Snow,340000,20200,2024-03-04
RT-104,North West Sector,169,21.5,Rain,120000,6800,2024-03-04
RT-103,North East Sector,265,26.2,Clear,135000,7500,2024-03-04
RT-107,South East Sector,744,1.2,Snow,182000,10400,2024-03-04
RT-108,South West Sector,576,22.9,Rain,145000,8200,2024-03-04
RT-107,South East Sector,238,25.4,Clear,182000,10400,2024-03-04
RT-109,South-Central East Sector,315,-3.2,Snow,230000,13800,2024-03-04
RT-103,North East Sector,366,25.8,Clear,135000,7500,2024-03-04
RT-103,North East Sector,582,21.5,Rain,135000,7500,2024-03-04
RT-102,Central West Sector,1204,19.6,Rain,310000,18500,2024-03-04
RT-107,South East Sector,592,21.7,Rain,182000,10400,2024-03-04
RT-102,Central West Sector,332,-2.1,Snow,310000,18500,2024-03-04
RT-104,North West Sector,280,17.3,Fog,120000,6800,2024-03-04
RT-103,North East Sector,372,20.6,Rain,135000,7500,2024-03-04
RT-107,South East Sector,606,15.8,Fog,182000,10400,2024-03-04
RT-110,South-Central West Sector,334,1.6,Snow,210000,12500,2024-03-04
RT-106,North-Central West Sector,271,29.6,Clear,195000,11200,2024-03-04
RT-110,South-Central West Sector,498,-4.0,Snow,210000,12500,2024-03-04
RT-110,South-Central West Sector,198,23.2,Rain,210000,12500,2024-03-04
RT-108,South West Sector,596,20.9,Rain,145000,8200,2024-03-04
RT-110,South-Central West Sector,107,19.4,Fog,210000,12500,2024-03-04
RT-101,Central East Sector,428,30.0,Clear,340000,20200,2024-03-04
RT-108,South West Sector,368,20.6,Rain,145000,8200,2024-03-04
RT-110,South-Central West Sector,598,14.1,Fog,210000,12500,2024-03-04
RT-108,South West Sector,205,-3.1,Snow,145000,8200,2024-03-04
RT-103,North East Sector,200,-1.2,Snow,135000,7500,2024-03-04
RT-110,South-Central West Sector,472,-0.6,Snow,210000,12500,2024-03-04
RT-104,North West Sector,381,15.5,Fog,120000,6800,2024-03-04
RT-101,Central East Sector,175,14.8,Fog,340000,20200,2024-03-04
RT-105,North-Central East Sector,113,23.0,Rain,175000,9900,2024-03-04
RT-103,North East Sector,236,23.9,Rain,135000,7500,2024-03-04
RT-108,South West Sector,416,21.2,Rain,145000,8200,2024-03-04
RT-106,North-Central West Sector,358,-3.8,Snow,195000,11200,2024-03-04
RT-107,South East Sector,624,24.7,Clear,182000,10400,2024-03-04
RT-102,Central West Sector,504,22.2,Clear,310000,18500,2024-03-04
RT-102,Central West Sector,235,19.5,Fog,310000,18500,2024-03-04
RT-110,South-Central West Sector,213,23.2,Clear,210000,12500,2024-03-04
RT-102,Central West Sector,263,27.8,Clear,310000,18500,2024-03-04
RT-110,South-Central West Sector,318,-3.1,Snow,210000,12500,2024-03-04
RT-101,Central East Sector,223,27.5,Clear,340000,20200,2024-03-04
RT-110,South-Central West Sector,351,-0.4,Snow,210000,12500,2024-03-04
RT-102,Central West Sector,574,0.8,Snow,310000,18500,2024-03-04
RT-103,North East Sector,472,15.2,Fog,135000,7500,2024-03-04
RT-102,Central West Sector,305,14.1,Fog,310000,18500,2024-03-04
RT-110,South-Central West Sector,211,-4.0,Snow,210000,12500,2024-03-04
RT-105,North-Central East Sector,290,23.4,Rain,175000,9900,2024-03-04
RT-106,North-Central West Sector,262,30.7,Clear,195000,11200,2024-03-04
RT-107,South East Sector,210,28.0,Clear,182000,10400,2024-03-04
RT-107,South East Sector,221,21.6,Rain,182000,10400,2024-03-04
RT-102,Central West Sector,354,22.0,Rain,310000,18500,2024-03-04
RT-101,Central East Sector,573,-3.8,Snow,340000,20200,2024-03-04
RT-101,Central East Sector,424,1.4,Snow,340000,20200,2024-03-04
RT-107,South East Sector,161,-2.1,Snow,182000,10400,2024-03-04
RT-108,South West Sector,318,16.3,Fog,145000,8200,2024-03-04
RT-101,Central East Sector,222,21.1,Rain,340000,20200,2024-03-04
RT-102,Central West Sector,153,22.5,Clear,310000,18500,2024-03-04
RT-106,North-Central West Sector,328,23.7,Clear,195000,11200,2024-03-04
RT-105,North-Central East Sector,346,29.4,Clear,175000,9900,2024-03-04
RT-105,North-Central East Sector,310,-4.4,Snow,175000,9900,2024-03-04
RT-109,South-Central East Sector,524,17.6,Fog,230000,13800,2024-03-04
RT-107,South East Sector,550,15.5,Fog,182000,10400,2024-03-04
RT-105,North-Central East Sector,944,25.9,Clear,175000,9900,2024-03-04
RT-105,North-Central East Sector,628,15.7,Fog,175000,9900,2024-03-04
RT-109,South-Central East Sector,260,-2.5,Snow,230000,13800,2024-03-04
RT-103,North East Sector,1140,29.2,Clear,135000,7500,2024-03-04
RT-107,South East Sector,250,-2.9,Snow,182000,10400,2024-03-04
RT-101,Central East Sector,300,17.4,Fog,340000,20200,2024-03-04
RT-109,South-Central East Sector,281,26.8,Clear,230000,13800,2024-03-04
RT-104,North West Sector,372,22.0,Rain,120000,6800,2024-03-04
RT-103,North East Sector,125,1.6,Snow,135000,7500,2024-03-04
RT-103,North East Sector,704,29.3,Clear,135000,7500,2024-03-04
RT-110,South-Central West Sector,295,24.1,Clear,210000,12500,2024-03-04
RT-110,South-Central West Sector,172,-4.8,Snow,210000,12500,2024-03-04
RT-108,South West Sector,814,19.6,Rain,145000,8200,2024-03-04
RT-107,South East Sector,335,21.6,Rain,182000,10400,2024-03-04
RT-104,North West Sector,385,14.3,Fog,120000,6800,2024-03-04
RT-104,North West Sector,602,17.0,Fog,120000,6800,2024-03-04
RT-104,North West Sector,198,-0.8,Snow,120000,6800,2024-03-04
RT-106,North-Central West Sector,242,-2.7,Snow,195000,11200,2024-03-04
RT-105,North-Central East Sector,258,18.6,Fog,175000,9900,2024-03-04
RT-101,Central East Sector,460,14.6,Fog,340000,20200,2024-03-04
RT-106,North-Central West Sector,83,18.5,Rain,195000,11200,2024-03-04
RT-105,North-Central East Sector,75,29.3,Clear,175000,9900,2024-03-04
RT-110,South-Central West Sector,109,27.0,Clear,210000,12500,2024-03-04
RT-105,North-Central East Sector,570,28.9,Clear,175000,9900,2024-03-04
RT-103,North East Sector,258,26.3,Clear,135000,7500,2024-03-04
RT-104,North West Sector,356,-3.3,Snow,120000,6800,2024-03-04
RT-101,Central East Sector,823,0.7,Snow,340000,20200,2024-03-04
RT-102,Central West Sector,149,18.8,Fog,310000,18500,2024-03-04
RT-105,North-Central East Sector,492,18.2,Fog,175000,9900,2024-03-04
RT-105,North-Central East Sector,478,24.7,Clear,175000,9900,2024-03-04
RT-108,South West Sector,484,-0.9,Snow,145000,8200,2024-03-04
RT-109,South-Central East Sector,336,16.2,Fog,230000,13800,2024-03-04
RT-110,South-Central West Sector,770,18.5,Rain,210000,12500,2024-03-04
RT-102,Central West Sector,342,19.5,Fog,310000,18500,2024-03-04
RT-105,North-Central East Sector,693,18.8,Rain,175000,9900,2024-03-04
RT-110,South-Central West Sector,646,23.7,Rain,210000,12500,2024-03-04
RT-106,North-Central West Sector,380,20.7,Rain,195000,11200,2024-03-04
RT-103,North East Sector,640,15.1,Fog,135000,7500,2024-03-04
RT-109,South-Central East Sector,456,-1.2,Snow,230000,13800,2024-03-04
RT-105,North-Central East Sector,522,19.2,Fog,175000,9900,2024-03-04
RT-108,South West Sector,416,22.4,Rain,145000,8200,2024-03-04
RT-108,South West Sector,244,18.8,Fog,145000,8200,2024-03-04
RT-104,North West Sector,892,-0.4,Snow,120000,6800,2024-03-04
RT-108,South West Sector,566,22.2,Rain,145000,8200,2024-03-04
RT-107,South East Sector,366,23.1,Rain,182000,10400,2024-03-04
RT-108,South West Sector,360,-3.3,Snow,145000,8200,2024-03-04
RT-102,Central West Sector,246,20.9,Rain,310000,18500,2024-03-04
RT-102,Central West Sector,510,15.3,Fog,310000,18500,2024-03-04
RT-107,South East Sector,538,23.9,Rain,182000,10400,2024-03-04
RT-103,North East Sector,948,23.7,Rain,135000,7500,2024-03-04
RT-110,South-Central West Sector,184,-4.7,Snow,210000,12500,2024-03-04
RT-104,North West Sector,398,22.2,Rain,120000,6800,2024-03-04
RT-109,South-Central East Sector,84,1.5,Snow,230000,13800,2024-03-04
RT-103,North East Sector,330,-3.7,Snow,135000,7500,2024-03-04
RT-107,South East Sector,504,21.4,Rain,182000,10400,2024-03-04
RT-109,South-Central East Sector,470,19.5,Fog,230000,13800,2024-03-04
RT-110,South-Central West Sector,322,-4.8,Snow,210000,12500,2024-03-04
RT-107,South East Sector,392,29.0,Clear,182000,10400,2024-03-04
RT-108,South West Sector,630,19.8,Rain,145000,8200,2024-03-04
RT-102,Central West Sector,518,23.5,Rain,310000,18500,2024-03-04
RT-103,North East Sector,359,1.8,Snow,135000,7500,2024-03-04
RT-104,North West Sector,177,1.6,Snow,120000,6800,2024-03-04
RT-103,North East Sector,347,26.7,Clear,135000,7500,2024-03-04
RT-105,North-Central East Sector,401,30.6,Clear,175000,9900,2024-03-04
RT-107,South East Sector,200,0.9,Snow,182000,10400,2024-03-04
RT-110,South-Central West Sector,294,-2.8,Snow,210000,12500,2024-03-04
RT-106,North-Central West Sector,347,0.8,Snow,195000,11200,2024-03-04
RT-103,North East Sector,440,-4.7,Snow,135000,7500,2024-03-04
RT-103,North East Sector,168,21.6,Rain,135000,7500,2024-03-04
RT-102,Central West Sector,916,24.3,Clear,310000,18500,2024-03-04
RT-108,South West Sector,411,23.2,Clear,145000,8200,2024-03-04
RT-108,South West Sector,588,-4.5,Snow,145000,8200,2024-03-04
RT-101,Central East Sector,240,29.0,Clear,340000,20200,2024-03-04
RT-107,South East Sector,340,-2.6,Snow,182000,10400,2024-03-04
RT-106,North-Central West Sector,662,0.1,Snow,195000,11200,2024-03-04
RT-104,North West Sector,255,-4.5,Snow,120000,6800,2024-03-04
RT-103,North East Sector,692,15.9,Fog,135000,7500,2024-03-04
RT-110,South-Central West Sector,504,17.2,Fog,210000,12500,2024-03-04
RT-106,North-Central West Sector,427,29.9,Clear,195000,11200,2024-03-04
RT-104,North West Sector,364,25.2,Clear,120000,6800,2024-03-04
RT-110,South-Central West Sector,192,28.3,Clear,210000,12500,2024-03-04
RT-107,South East Sector,214,23.3,Rain,182000,10400,2024-03-04
RT-105,North-Central East Sector,148,17.7,Fog,175000,9900,2024-03-04
RT-109,South-Central East Sector,98,24.3,Clear,230000,13800,2024-03-04
RT-109,South-Central East Sector,72,-4.8,Snow,230000,13800,2024-03-04
RT-105,North-Central East Sector,296,23.2,Rain,175000,9900,2024-03-04
RT-109,South-Central East Sector,1078,18.1,Rain,230000,13800,2024-03-04
RT-105,North-Central East Sector,430,23.2,Rain,175000,9900,2024-03-04
RT-110,South-Central West Sector,488,21.2,Rain,210000,12500,2024-03-04
RT-108,South West Sector,300,1.6,Snow,145000,8200,2024-03-04
RT-103,North East Sector,176,18.8,Fog,135000,7500,2024-03-04
RT-109,South-Central East Sector,540,32.0,Clear,230000,13800,2024-03-04
RT-110,South-Central West Sector,384,-2.5,Snow,210000,12500,2024-03-04
RT-103,North East Sector,378,22.6,Rain,135000,7500,2024-03-04
RT-104,North West Sector,334,20.4,Rain,120000,6800,2024-03-04
RT-104,North West Sector,623,20.9,Rain,120000,6800,2024-03-04
RT-109,South-Central East Sector,143,17.8,Fog,230000,13800,2024-03-04
RT-107,South East Sector,394,30.7,Clear,182000,10400,2024-03-04
RT-104,North West Sector,82,19.9,Fog,120000,6800,2024-03-04
RT-106,North-Central West Sector,668,0.4,Snow,195000,11200,2024-03-04
RT-102,Central West Sector,362,-2.1,Snow,310000,18500,2024-03-04
RT-106,North-Central West Sector,300,26.2,Clear,195000,11200,2024-03-04
RT-103,North East Sector,801,22.4,Rain,135000,7500,2024-03-04
RT-101,Central East Sector,244,19.4,Rain,340000,20200,2024-03-04
RT-107,South East Sector,217,18.7,Rain,182000,10400,2024-03-04
RT-105,North-Central East Sector,112,-2.5,Snow,175000,9900,2024-03-04
RT-107,South East Sector,188,15.7,Fog,182000,10400,2024-03-04
RT-105,North-Central East Sector,852,19.8,Rain,175000,9900,2024-03-04
RT-107,South East Sector,249,19.4,Rain,182000,10400,2024-03-04
RT-101,Central East Sector,400,-4.7,Snow,340000,20200,2024-03-04
RT-105,North-Central East Sector,186,-4.9,Snow,175000,9900,2024-03-04
RT-108,South West Sector,182,1.9,Snow,145000,8200,2024-03-04
RT-109,South-Central East Sector,337,-2.0,Snow,230000,13800,2024-03-04
RT-105,North-Central East Sector,256,16.3,Fog,175000,9900,2024-03-04
RT-105,North-Central East Sector,528,28.8,Clear,175000,9900,2024-03-04
RT-104,North West Sector,324,15.3,Fog,120000,6800,2024-03-04
RT-106,North-Central West Sector,177,19.7,Fog,195000,11200,2024-03-04
RT-101,Central East Sector,536,18.7,Fog,340000,20200,2024-03-04
RT-103,North East Sector,426,-4.4,Snow,135000,7500,2024-03-04
RT-107,South East Sector,264,16.5,Fog,182000,10400,2024-03-04
RT-105,North-Central East Sector,226,30.8,Clear,175000,9900,2024-03-04
RT-105,North-Central East Sector,318,31.4,Clear,175000,9900,2024-03-04
RT-106,North-Central West Sector,416,-1.7,Snow,195000,11200,2024-03-04
RT-108,South West Sector,554,28.1,Clear,145000,8200,2024-03-04
RT-108,South West Sector,107,19.0,Rain,145000,8200,2024-03-04
RT-101,Central East Sector,216,1.9,Snow,340000,20200,2024-03-04
RT-102,Central West Sector,196,24.3,Clear,310000,18500,2024-03-04
RT-108,South West Sector,284,31.4,Clear,145000,8200,2024-03-04
RT-101,Central East Sector,260,-0.5,Snow,340000,20200,2024-03-04
RT-105,North-Central East Sector,431,17.6,Fog,175000,9900,2024-03-04
RT-103,North East Sector,416,27.1,Clear,135000,7500,2024-03-04
RT-109,South-Central East Sector,323,19.4,Rain,230000,13800,2024-03-04
RT-108,South West Sector,292,19.1,Rain,145000,8200,2024-03-04
RT-105,North-Central East Sector,334,15.3,Fog,175000,9900,2024-03-04
RT-104,North West Sector,697,19.1,Rain,120000,6800,2024-03-04
RT-102,Central West Sector,389,22.7,Rain,310000,18500,2024-03-04
RT-109,South-Central East Sector,482,16.1,Fog,230000,13800,2024-03-04
RT-105,North-Central East Sector,266,-4.6,Snow,175000,9900,2024-03-04
RT-110,South-Central West Sector,600,1.8,Snow,210000,12500,2024-03-04
RT-108,South West Sector,311,23.3,Rain,145000,8200,2024-03-04
RT-107,South East Sector,208,23.6,Rain,182000,10400,2024-03-04
RT-104,North West Sector,407,31.9,Clear,120000,6800,2024-03-04
RT-103,North East Sector,137,19.0,Rain,135000,7500,2024-03-04
RT-101,Central East Sector,86,20.4,Rain,340000,20200,2024-03-04
RT-109,South-Central East Sector,362,18.5,Fog,230000,13800,2024-03-04
RT-103,North East Sector,389,29.0,Clear,135000,7500,2024-03-04
RT-108,South West Sector,1208,14.9,Fog,145000,8200,2024-03-04
RT-103,North East Sector,316,30.2,Clear,135000,7500,2024-03-04
RT-109,South-Central East Sector,79,19.3,Rain,230000,13800,2024-03-04
RT-108,South West Sector,622,19.3,Rain,145000,8200,2024-03-04
RT-105,North-Central East Sector,166,27.4,Clear,175000,9900,2024-03-04
RT-107,South East Sector,281,17.6,Fog,182000,10400,2024-03-04
RT-104,North West Sector,724,-0.9,Snow,120000,6800,2024-03-04
RT-109,South-Central East Sector,670,14.5,Fog,230000,13800,2024-03-04
RT-102,Central West Sector,588,30.8,Clear,310000,18500,2024-03-04
RT-109,South-Central East Sector,197,-3.1,Snow,230000,13800,2024-03-04
RT-106,North-Central West Sector,420,23.3,Clear,195000,11200,2024-03-04
RT-108,South West Sector,371,19.3,Fog,145000,8200,2024-03-04
RT-103,North East Sector,138,19.7,Fog,135000,7500,2024-03-04
RT-101,Central East Sector,338,19.2,Fog,340000,20200,2024-03-04
RT-104,North West Sector,462,22.9,Rain,120000,6800,2024-03-04
RT-107,South East Sector,772,28.6,Clear,182000,10400,2024-03-04
RT-102,Central West Sector,675,21.3,Rain,310000,18500,2024-03-04
RT-107,South East Sector,750,18.5,Rain,182000,10400,2024-03-04
RT-107,South East Sector,254,20.5,Rain,182000,10400,2024-03-04
RT-102,Central West Sector,287,16.2,Fog,310000,18500,2024-03-04
RT-102,Central West Sector,324,15.6,Fog,310000,18500,2024-03-04
RT-106,North-Central West Sector,269,0.1,Snow,195000,11200,2024-03-04
RT-105,North-Central East Sector,557,27.0,Clear,175000,9900,2024-03-04
RT-104,North West Sector,616,-4.4,Snow,120000,6800,2024-03-04
RT-101,Central East Sector,257,24.2,Clear,340000,20200,2024-03-04
RT-107,South East Sector,303,22.1,Rain,182000,10400,2024-03-04
RT-104,North West Sector,235,22.8,Clear,120000,6800,2024-03-04
RT-103,North East Sector,252,19.1,Fog,135000,7500,2024-03-04
RT-103,North East Sector,496,27.0,Clear,135000,7500,2024-03-04
RT-108,South West Sector,106,20.9,Rain,145000,8200,2024-03-04
RT-107,South East Sector,438,21.6,Rain,182000,10400,2024-03-04
RT-106,North-Central West Sector,182,30.2,Clear,195000,11200,2024-03-04
RT-107,South East Sector,166,16.1,Fog,182000,10400,2024-03-04
RT-104,North West Sector,463,18.1,Fog,120000,6800,2024-03-04
RT-103,North East Sector,747,17.4,Fog,135000,7500,2024-03-04
RT-108,South West Sector,341,15.6,Fog,145000,8200,2024-03-04
RT-102,Central West Sector,381,1.2,Snow,310000,18500,2024-03-04
RT-103,North East Sector,186,22.8,Rain,135000,7500,2024-03-04
RT-106,North-Central West Sector,652,18.0,Fog,195000,11200,2024-03-04
RT-103,North East Sector,118,23.1,Rain,135000,7500,2024-03-04
RT-108,South West Sector,328,30.7,Clear,145000,8200,2024-03-04
RT-107,South East Sector,242,22.3,Rain,182000,10400,2024-03-04
RT-104,North West Sector,498,0.9,Snow,120000,6800,2024-03-04
RT-109,South-Central East Sector,351,-0.1,Snow,230000,13800,2024-03-05
RT-109,South-Central East Sector,94,-0.2,Snow,230000,13800,2024-03-05
RT-102,Central West Sector,96,-0.7,Snow,310000,18500,2024-03-05
RT-106,North-Central West Sector,269,22.5,Rain,195000,11200,2024-03-05
RT-107,South East Sector,456,15.0,Fog,182000,10400,2024-03-05
RT-110,South-Central West Sector,294,30.8,Clear,210000,12500,2024-03-05
RT-110,South-Central West Sector,200,19.2,Fog,210000,12500,2024-03-05
RT-109,South-Central East Sector,488,18.2,Rain,230000,13800,2024-03-05
RT-104,North West Sector,370,23.0,Rain,120000,6800,2024-03-05
RT-101,Central East Sector,363,18.8,Rain,340000,20200,2024-03-05
RT-107,South East Sector,327,-2.7,Snow,182000,10400,2024-03-05
RT-110,South-Central West Sector,169,0.2,Snow,210000,12500,2024-03-05
RT-101,Central East Sector,179,-3.9,Snow,340000,20200,2024-03-05
RT-101,Central East Sector,430,0.7,Snow,340000,20200,2024-03-05
RT-106,North-Central West Sector,742,19.0,Fog,195000,11200,2024-03-05
RT-102,Central West Sector,396,-1.4,Snow,310000,18500,2024-03-05
RT-104,North West Sector,66,18.0,Rain,120000,6800,2024-03-05
RT-106,North-Central West Sector,364,19.7,Rain,195000,11200,2024-03-05
RT-102,Central West Sector,291,21.7,Rain,310000,18500,2024-03-05
RT-107,South East Sector,314,19.9,Fog,182000,10400,2024-03-05
RT-107,South East Sector,276,-0.6,Snow,182000,10400,2024-03-05
RT-108,South West Sector,411,24.6,Clear,145000,8200,2024-03-05
RT-108,South West Sector,326,21.8,Rain,145000,8200,2024-03-05
RT-102,Central West Sector,666,17.2,Fog,310000,18500,2024-03-05
RT-107,South East Sector,500,22.7,Rain,182000,10400,2024-03-05
RT-103,North East Sector,213,-4.3,Snow,135000,7500,2024-03-05
RT-102,Central West Sector,443,29.6,Clear,310000,18500,2024-03-05
RT-101,Central East Sector,118,17.2,Fog,340000,20200,2024-03-05
RT-103,North East Sector,334,31.6,Clear,135000,7500,2024-03-05
RT-104,North West Sector,240,16.1,Fog,120000,6800,2024-03-05
RT-104,North West Sector,321,17.8,Fog,120000,6800,2024-03-05
RT-106,North-Central West Sector,738,31.3,Clear,195000,11200,2024-03-05
RT-101,Central East Sector,36,14.6,Fog,340000,20200,2024-03-05
RT-104,North West Sector,243,23.6,Rain,120000,6800,2024-03-05
RT-101,Central East Sector,809,-0.2,Snow,340000,20200,2024-03-05
RT-102,Central West Sector,405,-4.5,Snow,310000,18500,2024-03-05
RT-103,North East Sector,343,19.8,Rain,135000,7500,2024-03-05
RT-104,North West Sector,212,29.1,Clear,120000,6800,2024-03-05
RT-104,North West Sector,424,18.4,Rain,120000,6800,2024-03-05
RT-102,Central West Sector,376,-0.9,Snow,310000,18500,2024-03-05
RT-108,South West Sector,564,16.1,Fog,145000,8200,2024-03-05
RT-110,South-Central West Sector,1232,28.2,Clear,210000,12500,2024-03-05
RT-108,South West Sector,618,22.5,Clear,145000,8200,2024-03-05
RT-109,South-Central East Sector,266,23.2,Rain,230000,13800,2024-03-05
RT-110,South-Central West Sector,124,31.7,Clear,210000,12500,2024-03-05
RT-108,South West Sector,941,19.8,Fog,145000,8200,2024-03-05
RT-101,Central East Sector,194,29.5,Clear,340000,20200,2024-03-05
RT-109,South-Central East Sector,432,-4.1,Snow,230000,13800,2024-03-05
RT-107,South East Sector,428,22.5,Rain,182000,10400,2024-03-05
RT-108,South West Sector,272,22.2,Clear,145000,8200,2024-03-05
RT-105,North-Central East Sector,798,22.2,Clear,175000,9900,2024-03-05
RT-106,North-Central West Sector,470,25.2,Clear,195000,11200,2024-03-05
RT-108,South West Sector,308,16.9,Fog,145000,8200,2024-03-05
RT-105,North-Central East Sector,466,0.4,Snow,175000,9900,2024-03-05
RT-105,North-Central East Sector,389,28.8,Clear,175000,9900,2024-03-05
RT-108,South West Sector,155,20.7,Rain,145000,8200,2024-03-05
RT-104,North West Sector,442,-3.1,Snow,120000,6800,2024-03-05
RT-107,South East Sector,138,20.0,Fog,182000,10400,2024-03-05
RT-102,Central West Sector,210,-2.0,Snow,310000,18500,2024-03-05
RT-110,South-Central West Sector,231,20.7,Rain,210000,12500,2024-03-05
RT-106,North-Central West Sector,502,23.6,Clear,195000,11200,2024-03-05
RT-102,Central West Sector,112,29.9,Clear,310000,18500,2024-03-05
RT-101,Central East Sector,942,-0.1,Snow,340000,20200,2024-03-05
RT-109,South-Central East Sector,770,15.3,Fog,230000,13800,2024-03-05
RT-103,North East Sector,226,18.5,Rain,135000,7500,2024-03-05
RT-104,North West Sector,286,28.8,Clear,120000,6800,2024-03-05
RT-110,South-Central West Sector,47,21.9,Rain,210000,12500,2024-03-05
RT-105,North-Central East Sector,380,-3.1,Snow,175000,9900,2024-03-05
RT-110,South-Central West Sector,714,23.7,Rain,210000,12500,2024-03-05
RT-105,North-Central East Sector,452,-3.9,Snow,175000,9900,2024-03-05
RT-104,North West Sector,294,26.3,Clear,120000,6800,2024-03-05
RT-101,Central East Sector,322,23.7,Rain,340000,20200,2024-03-05
RT-107,South East Sector,361,26.2,Clear,182000,10400,2024-03-05
RT-104,North West Sector,474,-0.5,Snow,120000,6800,2024-03-05
RT-101,Central East Sector,319,26.0,Clear,340000,20200,2024-03-05
RT-108,South West Sector,794,24.7,Clear,145000,8200,2024-03-05
RT-103,North East Sector,984,19.9,Fog,135000,7500,2024-03-05
RT-101,Central East Sector,368,20.5,Rain,340000,20200,2024-03-05
RT-103,North East Sector,230,19.4,Fog,135000,7500,2024-03-05
RT-110,South-Central West Sector,190,24.3,Clear,210000,12500,2024-03-05
RT-102,Central West Sector,654,24.1,Clear,310000,18500,2024-03-05
RT-107,South East Sector,245,14.2,Fog,182000,10400,2024-03-05
RT-107,South East Sector,93,-0.4,Snow,182000,10400,2024-03-05
RT-109,South-Central East Sector,1004,20.2,Rain,230000,13800,2024-03-05
RT-106,North-Central West Sector,580,30.6,Clear,195000,11200,2024-03-05
RT-101,Central East Sector,546,16.8,Fog,340000,20200,2024-03-05
RT-106,North-Central West Sector,779,23.8,Rain,195000,11200,2024-03-05
RT-106,North-Central West Sector,457,23.9,Clear,195000,11200,2024-03-05
RT-105,North-Central East Sector,222,30.7,Clear,175000,9900,2024-03-05
RT-109,South-Central East Sector,384,22.7,Rain,230000,13800,2024-03-05
RT-108,South West Sector,536,22.6,Rain,145000,8200,2024-03-05
RT-107,South East Sector,598,19.1,Fog,182000,10400,2024-03-05
RT-106,North-Central West Sector,552,0.3,Snow,195000,11200,2024-03-05
RT-104,North West Sector,496,17.8,Fog,120000,6800,2024-03-05
RT-104,North West Sector,232,23.3,Clear,120000,6800,2024-03-05
RT-107,South East Sector,373,22.3,Clear,182000,10400,2024-03-05
RT-104,North West Sector,462,19.5,Fog,120000,6800,2024-03-05
RT-110,South-Central West Sector,267,21.7,Rain,210000,12500,2024-03-05
RT-104,North West Sector,598,0.6,Snow,120000,6800,2024-03-05
RT-102,Central West Sector,352,-1.6,Snow,310000,18500,2024-03-05
RT-104,North West Sector,284,-4.2,Snow,120000,6800,2024-03-05
RT-103,North East Sector,266,18.8,Rain,135000,7500,2024-03-05
RT-103,North East Sector,136,18.1,Fog,135000,7500,2024-03-05
RT-105,North-Central East Sector,204,20.6,Rain,175000,9900,2024-03-05
RT-107,South East Sector,490,15.2,Fog,182000,10400,2024-03-05
RT-101,Central East Sector,370,20.9,Rain,340000,20200,2024-03-05
RT-101,Central East Sector,974,-4.6,Snow,340000,20200,2024-03-05
RT-107,South East Sector,327,-0.9,Snow,182000,10400,2024-03-05
RT-106,North-Central West Sector,233,19.6,Rain,195000,11200,2024-03-05
RT-106,North-Central West Sector,542,18.8,Fog,195000,11200,2024-03-05
RT-110,South-Central West Sector,300,25.1,Clear,210000,12500,2024-03-05
RT-102,Central West Sector,1102,16.7,Fog,310000,18500,2024-03-05
RT-102,Central West Sector,426,14.1,Fog,310000,18500,2024-03-05
RT-102,Central West Sector,322,-4.5,Snow,310000,18500,2024-03-05
RT-110,South-Central West Sector,1304,16.4,Fog,210000,12500,2024-03-05
RT-106,North-Central West Sector,137,-1.6,Snow,195000,11200,2024-03-05
RT-105,North-Central East Sector,176,28.0,Clear,175000,9900,2024-03-05
RT-109,South-Central East Sector,286,19.7,Rain,230000,13800,2024-03-05
RT-108,South West Sector,179,28.9,Clear,145000,8200,2024-03-05
RT-102,Central West Sector,250,23.2,Rain,310000,18500,2024-03-05
RT-107,South East Sector,314,18.7,Fog,182000,10400,2024-03-05
RT-104,North West Sector,466,-4.7,Snow,120000,6800,2024-03-05
RT-109,South-Central East Sector,580,16.9,Fog,230000,13800,2024-03-05
RT-102,Central West Sector,452,-4.3,Snow,310000,18500,2024-03-05
RT-104,North West Sector,231,-3.3,Snow,120000,6800,2024-03-05
RT-102,Central West Sector,190,19.9,Fog,310000,18500,2024-03-05
RT-103,North East Sector,368,14.9,Fog,135000,7500,2024-03-05
RT-103,North East Sector,225,21.0,Rain,135000,7500,2024-03-05
RT-105,North-Central East Sector,746,17.7,Fog,175000,9900,2024-03-05
RT-101,Central East Sector,438,-0.1,Snow,340000,20200,2024-03-05
RT-108,South West Sector,139,27.6,Clear,145000,8200,2024-03-05
RT-110,South-Central West Sector,334,-4.9,Snow,210000,12500,2024-03-05
RT-103,North East Sector,238,25.3,Clear,135000,7500,2024-03-05
RT-106,North-Central West Sector,466,21.1,Rain,195000,11200,2024-03-05
RT-101,Central East Sector,542,14.5,Fog,340000,20200,2024-03-05
RT-105,North-Central East Sector,526,-2.5,Snow,175000,9900,2024-03-05
RT-103,North East Sector,1070,22.3,Clear,135000,7500,2024-03-05
RT-103,North East Sector,540,22.8,Clear,135000,7500,2024-03-05
RT-104,North West Sector,227,-2.2,Snow,120000,6800,2024-03-05
RT-103,North East Sector,396,18.8,Rain,135000,7500,2024-03-05
RT-107,South East Sector,1208,21.4,Rain,182000,10400,2024-03-05
RT-108,South West Sector,192,22.1,Rain,145000,8200,2024-03-05
RT-101,Central East Sector,833,22.8,Rain,340000,20200,2024-03-05
RT-110,South-Central West Sector,788,-3.6,Snow,210000,12500,2024-03-05
RT-101,Central East Sector,325,19.0,Rain,340000,20200,2024-03-05
RT-104,North West Sector,197,-4.3,Snow,120000,6800,2024-03-05
RT-106,North-Central West Sector,648,21.8,Rain,195000,11200,2024-03-05
RT-104,North West Sector,399,-0.1,Snow,120000,6800,2024-03-05
RT-109,South-Central East Sector,577,-4.8,Snow,230000,13800,2024-03-05
RT-102,Central West Sector,626,31.4,Clear,310000,18500,2024-03-05
RT-103,North East Sector,662,14.3,Fog,135000,7500,2024-03-05
RT-109,South-Central East Sector,718,17.2,Fog,230000,13800,2024-03-05
RT-105,North-Central East Sector,375,18.3,Fog,175000,9900,2024-03-05
RT-102,Central West Sector,144,19.2,Fog,310000,18500,2024-03-05
RT-104,North West Sector,351,29.1,Clear,120000,6800,2024-03-05
RT-106,North-Central West Sector,414,0.6,Snow,195000,11200,2024-03-05
RT-108,South West Sector,180,-2.6,Snow,145000,8200,2024-03-05
RT-102,Central West Sector,474,30.1,Clear,310000,18500,2024-03-05
RT-101,Central East Sector,111,22.8,Clear,340000,20200,2024-03-05
RT-107,South East Sector,466,19.4,Fog,182000,10400,2024-03-05
RT-104,North West Sector,326,-1.2,Snow,120000,6800,2024-03-05
RT-104,North West Sector,233,0.7,Snow,120000,6800,2024-03-05
RT-104,North West Sector,348,20.7,Rain,120000,6800,2024-03-05
RT-103,North East Sector,866,-0.5,Snow,135000,7500,2024-03-05
RT-110,South-Central West Sector,424,27.3,Clear,210000,12500,2024-03-05
RT-109,South-Central East Sector,370,0.1,Snow,230000,13800,2024-03-05
RT-101,Central East Sector,654,22.8,Clear,340000,20200,2024-03-05
RT-108,South West Sector,345,18.4,Rain,145000,8200,2024-03-05
RT-107,South East Sector,208,19.5,Rain,182000,10400,2024-03-05
RT-108,South West Sector,512,23.6,Clear,145000,8200,2024-03-05
RT-102,Central West Sector,686,30.7,Clear,310000,18500,2024-03-05
RT-106,North-Central West Sector,170,15.3,Fog,195000,11200,2024-03-05
RT-105,North-Central East Sector,377,23.9,Rain,175000,9900,2024-03-05
RT-101,Central East Sector,148,25.4,Clear,340000,20200,2024-03-05
RT-108,South West Sector,360,19.1,Rain,145000,8200,2024-03-05
RT-101,Central East Sector,474,22.7,Rain,340000,20200,2024-03-05
RT-102,Central West Sector,492,28.6,Clear,310000,18500,2024-03-05
RT-107,South East Sector,128,17.0,Fog,182000,10400,2024-03-05
RT-109,South-Central East Sector,202,17.3,Fog,230000,13800,2024-03-05
RT-106,North-Central West Sector,746,0.0,Snow,195000,11200,2024-03-05
RT-106,North-Central West Sector,400,19.4,Rain,195000,11200,2024-03-05
RT-103,North East Sector,616,24.0,Rain,135000,7500,2024-03-05
RT-107,South East Sector,142,1.8,Snow,182000,10400,2024-03-05
RT-107,South East Sector,434,17.9,Fog,182000,10400,2024-03-05
RT-108,South West Sector,137,19.2,Rain,145000,8200,2024-03-05
RT-108,South West Sector,450,18.1,Fog,145000,8200,2024-03-05
RT-102,Central West Sector,240,14.4,Fog,310000,18500,2024-03-05
RT-101,Central East Sector,240,14.2,Fog,340000,20200,2024-03-05
RT-104,North West Sector,193,24.6,Clear,120000,6800,2024-03-05
RT-102,Central West Sector,522,16.8,Fog,310000,18500,2024-03-05
RT-104,North West Sector,596,23.2,Rain,120000,6800,2024-03-05
RT-104,North West Sector,334,22.4,Rain,120000,6800,2024-03-05
RT-110,South-Central West Sector,392,29.4,Clear,210000,12500,2024-03-05
RT-109,South-Central East Sector,172,16.6,Fog,230000,13800,2024-03-05
RT-104,North West Sector,218,25.5,Clear,120000,6800,2024-03-05
RT-103,North East Sector,1060,-2.4,Snow,135000,7500,2024-03-05
RT-104,North West Sector,454,23.9,Rain,120000,6800,2024-03-05
RT-104,North West Sector,712,18.2,Rain,120000,6800,2024-03-05
RT-107,South East Sector,399,1.1,Snow,182000,10400,2024-03-05
RT-108,South West Sector,252,17.5,Fog,145000,8200,2024-03-05
RT-105,North-Central East Sector,301,26.4,Clear,175000,9900,2024-03-05
RT-104,North West Sector,570,0.1,Snow,120000,6800,2024-03-05
RT-109,South-Central East Sector,934,16.9,Fog,230000,13800,2024-03-05
RT-109,South-Central East Sector,1056,23.2,Rain,230000,13800,2024-03-05
RT-108,South West Sector,162,1.3,Snow,145000,8200,2024-03-05
RT-107,South East Sector,376,16.5,Fog,182000,10400,2024-03-05
RT-106,North-Central West Sector,1098,19.7,Rain,195000,11200,2024-03-05
RT-104,North West Sector,256,27.9,Clear,120000,6800,2024-03-05
RT-106,North-Central West Sector,216,1.4,Snow,195000,11200,2024-03-05
RT-106,North-Central West Sector,450,24.1,Clear,195000,11200,2024-03-05
RT-110,South-Central West Sector,288,17.7,Fog,210000,12500,2024-03-05
RT-104,North West Sector,576,28.3,Clear,120000,6800,2024-03-05
RT-106,North-Central West Sector,372,29.3,Clear,195000,11200,2024-03-05
RT-103,North East Sector,414,23.3,Clear,135000,7500,2024-03-05
RT-105,North-Central East Sector,267,22.3,Rain,175000,9900,2024-03-05
RT-102,Central West Sector,290,1.4,Snow,310000,18500,2024-03-05
RT-103,North East Sector,394,23.8,Clear,135000,7500,2024-03-05
RT-107,South East Sector,843,19.4,Rain,182000,10400,2024-03-05
RT-107,South East Sector,388,19.8,Fog,182000,10400,2024-03-05
RT-101,Central East Sector,364,-3.7,Snow,340000,20200,2024-03-05
RT-107,South East Sector,750,1.0,Snow,182000,10400,2024-03-05
RT-103,North East Sector,280,17.0,Fog,135000,7500,2024-03-05
RT-109,South-Central East Sector,218,24.5,Clear,230000,13800,2024-03-05
RT-107,South East Sector,275,30.7,Clear,182000,10400,2024-03-05
RT-109,South-Central East Sector,378,20.7,Rain,230000,13800,2024-03-05
RT-109,South-Central East Sector,85,-1.4,Snow,230000,13800,2024-03-05
RT-107,South East Sector,386,20.2,Rain,182000,10400,2024-03-05
RT-102,Central West Sector,495,-0.8,Snow,310000,18500,2024-03-05
RT-105,North-Central East Sector,106,15.0,Fog,175000,9900,2024-03-05
RT-105,North-Central East Sector,170,20.3,Rain,175000,9900,2024-03-05
RT-103,North East Sector,371,19.8,Fog,135000,7500,2024-03-05
RT-108,South West Sector,147,19.5,Rain,145000,8200,2024-03-05
RT-103,North East Sector,530,17.9,Fog,135000,7500,2024-03-05
RT-108,South West Sector,572,20.0,Rain,145000,8200,2024-03-05
RT-107,South East Sector,252,0.4,Snow,182000,10400,2024-03-05
RT-107,South East Sector,590,18.8,Rain,182000,10400,2024-03-05
RT-105,North-Central East Sector,361,31.7,Clear,175000,9900,2024-03-05
RT-105,North-Central East Sector,518,16.7,Fog,175000,9900,2024-03-05
RT-110,South-Central West Sector,363,24.4,Clear,210000,12500,2024-03-05
RT-107,South East Sector,384,-4.5,Snow,182000,10400,2024-03-05
RT-107,South East Sector,981,19.0,Rain,182000,10400,2024-03-05
RT-109,South-Central East Sector,366,17.1,Fog,230000,13800,2024-03-05
RT-107,South East Sector,592,25.4,Clear,182000,10400,2024-03-05
RT-106,North-Central West Sector,240,23.0,Rain,195000,11200,2024-03-05
RT-110,South-Central West Sector,74,26.3,Clear,210000,12500,2024-03-05
RT-106,North-Central West Sector,336,19.5,Rain,195000,11200,2024-03-05
RT-109,South-Central East Sector,366,21.7,Rain,230000,13800,2024-03-05
RT-108,South West Sector,669,-0.1,Snow,145000,8200,2024-03-05
RT-109,South-Central East Sector,84,-3.8,Snow,230000,13800,2024-03-05
RT-110,South-Central West Sector,923,15.0,Fog,210000,12500,2024-03-05
RT-107,South East Sector,286,-4.7,Snow,182000,10400,2024-03-05
RT-104,North West Sector,437,22.4,Rain,120000,6800,2024-03-05
RT-107,South East Sector,382,22.0,Rain,182000,10400,2024-03-05
RT-102,Central West Sector,853,-1.7,Snow,310000,18500,2024-03-05
RT-105,North-Central East Sector,219,0.9,Snow,175000,9900,2024-03-05
RT-106,North-Central West Sector,247,18.8,Fog,195000,11200,2024-03-05
RT-107,South East Sector,244,27.9,Clear,182000,10400,2024-03-05
RT-107,South East Sector,994,30.7,Clear,182000,10400,2024-03-05
RT-101,Central East Sector,443,24.1,Clear,340000,20200,2024-03-05
RT-108,South West Sector,308,18.7,Rain,145000,8200,2024-03-05
RT-103,North East Sector,488,19.6,Rain,135000,7500,2024-03-05
RT-106,North-Central West Sector,347,22.6,Clear,195000,11200,2024-03-05
RT-103,North East Sector,322,17.2,Fog,135000,7500,2024-03-05
RT-101,Central East Sector,372,19.6,Fog,340000,20200,2024-03-05
RT-101,Central East Sector,171,-4.7,Snow,340000,20200,2024-03-05
RT-109,South-Central East Sector,374,14.7,Fog,230000,13800,2024-03-05
RT-104,North West Sector,843,16.7,Fog,120000,6800,2024-03-05
RT-110,South-Central West Sector,692,31.3,Clear,210000,12500,2024-03-05
RT-110,South-Central West Sector,740,19.9,Rain,210000,12500,2024-03-05
RT-107,South East Sector,372,17.0,Fog,182000,10400,2024-03-05
RT-105,North-Central East Sector,229,18.2,Rain,175000,9900,2024-03-05
RT-103,North East Sector,211,-4.0,Snow,135000,7500,2024-03-05
RT-110,South-Central West Sector,430,31.9,Clear,210000,12500,2024-03-05
RT-106,North-Central West Sector,279,23.8,Rain,195000,11200,2024-03-05
RT-110,South-Central West Sector,268,22.0,Clear,210000,12500,2024-03-05
RT-107,South East Sector,890,31.5,Clear,182000,10400,2024-03-05
RT-102,Central West Sector,218,-0.5,Snow,310000,18500,2024-03-05
RT-105,North-Central East Sector,590,30.7,Clear,175000,9900,2024-03-05
RT-109,South-Central East Sector,288,-1.8,Snow,230000,13800,2024-03-05
RT-106,North-Central West Sector,1256,-1.4,Snow,195000,11200,2024-03-05
RT-105,North-Central East Sector,809,16.9,Fog,175000,9900,2024-03-05
RT-109,South-Central East Sector,574,-0.3,Snow,230000,13800,2024-03-05
RT-108,South West Sector,314,14.8,Fog,145000,8200,2024-03-05
RT-104,North West Sector,80,18.2,Rain,120000,6800,2024-03-05
RT-109,South-Central East Sector,538,19.8,Rain,230000,13800,2024-03-05
RT-110,South-Central West Sector,231,-0.1,Snow,210000,12500,2024-03-05
RT-110,South-Central West Sector,342,24.0,Clear,210000,12500,2024-03-05
RT-110,South-Central West Sector,230,28.7,Clear,210000,12500,2024-03-05
RT-109,South-Central East Sector,244,23.8,Rain,230000,13800,2024-03-06
RT-106,North-Central West Sector,165,-4.3,Snow,195000,11200,2024-03-06
RT-110,South-Central West Sector,152,18.0,Fog,210000,12500,2024-03-06
RT-106,North-Central West Sector,225,20.7,Rain,195000,11200,2024-03-06
RT-102,Central West Sector,300,23.2,Rain,310000,18500,2024-03-06
RT-104,North West Sector,188,23.8,Clear,120000,6800,2024-03-06
RT-108,South West Sector,830,22.2,Rain,145000,8200,2024-03-06
RT-105,North-Central East Sector,302,0.9,Snow,175000,9900,2024-03-06
RT-106,North-Central West Sector,458,19.7,Fog,195000,11200,2024-03-06
RT-107,South East Sector,700,-0.2,Snow,182000,10400,2024-03-06
RT-105,North-Central East Sector,351,27.0,Clear,175000,9900,2024-03-06
RT-105,North-Central East Sector,648,-0.7,Snow,175000,9900,2024-03-06
RT-108,South West Sector,568,23.2,Rain,145000,8200,2024-03-06
RT-108,South West Sector,132,-1.0,Snow,145000,8200,2024-03-06
RT-103,North East Sector,1138,-4.8,Snow,135000,7500,2024-03-06
RT-103,North East Sector,454,31.3,Clear,135000,7500,2024-03-06
RT-107,South East Sector,622,18.1,Fog,182000,10400,2024-03-06
RT-110,South-Central West Sector,542,28.8,Clear,210000,12500,2024-03-06
RT-101,Central East Sector,340,15.3,Fog,340000,20200,2024-03-06
RT-109,South-Central East Sector,320,-0.4,Snow,230000,13800,2024-03-06
RT-109,South-Central East Sector,288,25.9,Clear,230000,13800,2024-03-06
RT-110,South-Central West Sector,314,28.5,Clear,210000,12500,2024-03-06
RT-106,North-Central West Sector,772,18.6,Rain,195000,11200,2024-03-06
RT-104,North West Sector,243,28.6,Clear,120000,6800,2024-03-06
RT-110,South-Central West Sector,724,20.0,Fog,210000,12500,2024-03-06
RT-105,North-Central East Sector,316,14.3,Fog,175000,9900,2024-03-06
RT-104,North West Sector,446,19.9,Fog,120000,6800,2024-03-06
RT-103,North East Sector,263,26.1,Clear,135000,7500,2024-03-06
RT-106,North-Central West Sector,1066,30.7,Clear,195000,11200,2024-03-06
RT-101,Central East Sector,626,29.8,Clear,340000,20200,2024-03-06
RT-110,South-Central West Sector,444,27.7,Clear,210000,12500,2024-03-06
RT-109,South-Central East Sector,293,18.4,Fog,230000,13800,2024-03-06
RT-108,South West Sector,134,1.1,Snow,145000,8200,2024-03-06
RT-107,South East Sector,832,26.0,Clear,182000,10400,2024-03-06
RT-102,Central West Sector,162,-2.7,Snow,310000,18500,2024-03-06
RT-110,South-Central West Sector,1308,18.0,Fog,210000,12500,2024-03-06
RT-103,North East Sector,538,30.1,Clear,135000,7500,2024-03-06
RT-105,North-Central East Sector,135,18.6,Fog,175000,9900,2024-03-06
RT-105,North-Central East Sector,518,0.6,Snow,175000,9900,2024-03-06
RT-110,South-Central West Sector,428,26.4,Clear,210000,12500,2024-03-06
RT-108,South West Sector,572,18.9,Fog,145000,8200,2024-03-06
RT-107,South East Sector,132,23.2,Clear,182000,10400,2024-03-06
RT-110,South-Central West Sector,578,27.4,Clear,210000,12500,2024-03-06
RT-101,Central East Sector,272,-5.0,Snow,340000,20200,2024-03-06
RT-105,North-Central East Sector,328,25.2,Clear,175000,9900,2024-03-06
RT-106,North-Central West Sector,440,16.2,Fog,195000,11200,2024-03-06
RT-102,Central West Sector,1246,20.4,Rain,310000,18500,2024-03-06
RT-102,Central West Sector,101,18.2,Fog,310000,18500,2024-03-06
RT-102,Central West Sector,50,20.3,Rain,310000,18500,2024-03-06
RT-106,North-Central West Sector,356,-1.9,Snow,195000,11200,2024-03-06
RT-101,Central East Sector,744,15.4,Fog,340000,20200,2024-03-06
RT-108,South West Sector,268,25.7,Clear,145000,8200,2024-03-06
RT-106,North-Central West Sector,294,19.4,Rain,195000,11200,2024-03-06
RT-101,Central East Sector,402,22.7,Clear,340000,20200,2024-03-06
RT-103,North East Sector,1242,28.0,Clear,135000,7500,2024-03-06
RT-103,North East Sector,323,22.0,Rain,135000,7500,2024-03-06
RT-107,South East Sector,125,28.2,Clear,182000,10400,2024-03-06
RT-103,North East Sector,288,26.6,Clear,135000,7500,2024-03-06
RT-101,Central East Sector,379,25.8,Clear,340000,20200,2024-03-06
RT-108,South West Sector,407,23.2,Rain,145000,8200,2024-03-06
RT-108,South West Sector,203,21.1,Rain,145000,8200,2024-03-06
RT-102,Central West Sector,241,-1.6,Snow,310000,18500,2024-03-06
RT-108,South West Sector,258,22.3,Clear,145000,8200,2024-03-06
RT-106,North-Central West Sector,300,16.0,Fog,195000,11200,2024-03-06
RT-107,South East Sector,216,25.8,Clear,182000,10400,2024-03-06
RT-108,South West Sector,842,16.4,Fog,145000,8200,2024-03-06
RT-107,South East Sector,425,21.5,Rain,182000,10400,2024-03-06
RT-104,North West Sector,1102,17.2,Fog,120000,6800,2024-03-06
RT-110,South-Central West Sector,339,28.1,Clear,210000,12500,2024-03-06
RT-110,South-Central West Sector,488,18.6,Fog,210000,12500,2024-03-06
RT-106,North-Central West Sector,209,30.1,Clear,195000,11200,2024-03-06
RT-103,North East Sector,1022,0.0,Snow,135000,7500,2024-03-06
RT-104,North West Sector,84,19.7,Fog,120000,6800,2024-03-06
RT-102,Central West Sector,324,14.1,Fog,310000,18500,2024-03-06
RT-101,Central East Sector,200,24.0,Clear,340000,20200,2024-03-06
RT-109,South-Central East Sector,294,18.0,Rain,230000,13800,2024-03-06
RT-104,North West Sector,311,21.9,Rain,120000,6800,2024-03-06
RT-101,Central East Sector,420,19.4,Fog,340000,20200,2024-03-06
RT-101,Central East Sector,1004,-3.3,Snow,340000,20200,2024-03-06
RT-104,North West Sector,198,1.5,Snow,120000,6800,2024-03-06
RT-109,South-Central East Sector,316,22.6,Clear,230000,13800,2024-03-06
RT-103,North East Sector,285,23.6,Rain,135000,7500,2024-03-06
RT-105,North-Central East Sector,508,25.5,Clear,175000,9900,2024-03-06
RT-104,North West Sector,285,-4.3,Snow,120000,6800,2024-03-06
RT-107,South East Sector,227,20.9,Rain,182000,10400,2024-03-06
RT-109,South-Central East Sector,230,-3.2,Snow,230000,13800,2024-03-06
RT-103,North East Sector,178,24.8,Clear,135000,7500,2024-03-06
RT-110,South-Central West Sector,384,15.8,Fog,210000,12500,2024-03-06
RT-104,North West Sector,278,22.8,Rain,120000,6800,2024-03-06
RT-104,North West Sector,431,21.2,Rain,120000,6800,2024-03-06
RT-109,South-Central East Sector,602,19.9,Rain,230000,13800,2024-03-06
RT-101,Central East Sector,226,21.7,Rain,340000,20200,2024-03-06
RT-101,Central East Sector,470,0.0,Snow,340000,20200,2024-03-06
RT-103,North East Sector,137,15.6,Fog,135000,7500,2024-03-06
RT-105,North-Central East Sector,159,26.1,Clear,175000,9900,2024-03-06
RT-102,Central West Sector,292,-4.1,Snow,310000,18500,2024-03-06
RT-110,South-Central West Sector,320,15.1,Fog,210000,12500,2024-03-06
RT-108,South West Sector,247,-0.2,Snow,145000,8200,2024-03-06
RT-102,Central West Sector,750,19.1,Rain,310000,18500,2024-03-06
RT-107,South East Sector,552,-1.3,Snow,182000,10400,2024-03-06
RT-108,South West Sector,242,29.1,Clear,145000,8200,2024-03-06
RT-105,North-Central East Sector,1071,18.6,Rain,175000,9900,2024-03-06
RT-101,Central East Sector,144,-1.0,Snow,340000,20200,2024-03-06
RT-110,South-Central West Sector,222,19.5,Rain,210000,12500,2024-03-06
RT-106,North-Central West Sector,384,23.8,Rain,195000,11200,2024-03-06
RT-103,North East Sector,414,26.8,Clear,135000,7500,2024-03-06
RT-104,North West Sector,238,22.8,Rain,120000,6800,2024-03-06
RT-109,South-Central East Sector,502,27.5,Clear,230000,13800,2024-03-06
RT-105,North-Central East Sector,77,18.3,Rain,175000,9900,2024-03-06
RT-104,North West Sector,328,17.8,Fog,120000,6800,2024-03-06
RT-103,North East Sector,252,31.5,Clear,135000,7500,2024-03-06
RT-101,Central East Sector,248,-0.8,Snow,340000,20200,2024-03-06
RT-101,Central East Sector,280,0.7,Snow,340000,20200,2024-03-06
RT-106,North-Central West Sector,286,1.2,Snow,195000,11200,2024-03-06
RT-109,South-Central East Sector,844,15.4,Fog,230000,13800,2024-03-06
RT-101,Central East Sector,48,19.3,Rain,340000,20200,2024-03-06
RT-105,North-Central East Sector,133,21.7,Rain,175000,9900,2024-03-06
RT-109,South-Central East Sector,413,20.5,Rain,230000,13800,2024-03-06
RT-101,Central East Sector,701,23.0,Rain,340000,20200,2024-03-06
RT-110,South-Central West Sector,366,31.0,Clear,210000,12500,2024-03-06
RT-110,South-Central West Sector,349,16.1,Fog,210000,12500,2024-03-06
RT-110,South-Central West Sector,194,24.4,Clear,210000,12500,2024-03-06
RT-108,South West Sector,136,0.5,Snow,145000,8200,2024-03-06
RT-101,Central East Sector,176,-3.1,Snow,340000,20200,2024-03-06
RT-110,South-Central West Sector,293,22.9,Rain,210000,12500,2024-03-06
RT-110,South-Central West Sector,185,26.2,Clear,210000,12500,2024-03-06
RT-110,South-Central West Sector,506,18.0,Fog,210000,12500,2024-03-06
RT-106,North-Central West Sector,294,18.6,Rain,195000,11200,2024-03-06
RT-108,South West Sector,189,17.7,Fog,145000,8200,2024-03-06
RT-109,South-Central East Sector,188,16.7,Fog,230000,13800,2024-03-06
RT-101,Central East Sector,282,-0.9,Snow,340000,20200,2024-03-06
RT-106,North-Central West Sector,409,23.7,Clear,195000,11200,2024-03-06
RT-105,North-Central East Sector,192,0.2,Snow,175000,9900,2024-03-06
RT-101,Central East Sector,772,1.0,Snow,340000,20200,2024-03-06
RT-106,North-Central West Sector,239,-3.5,Snow,195000,11200,2024-03-06
RT-104,North West Sector,316,-4.3,Snow,120000,6800,2024-03-06
RT-104,North West Sector,440,14.1,Fog,120000,6800,2024-03-06
RT-103,North East Sector,328,21.9,Rain,135000,7500,2024-03-06
RT-104,North West Sector,382,28.1,Clear,120000,6800,2024-03-06
RT-110,South-Central West Sector,152,21.3,Rain,210000,12500,2024-03-06
RT-106,North-Central West Sector,881,24.3,Clear,195000,11200,2024-03-06
RT-105,North-Central East Sector,164,16.3,Fog,175000,9900,2024-03-06
RT-110,South-Central West Sector,476,27.9,Clear,210000,12500,2024-03-06
RT-108,South West Sector,236,-1.5,Snow,145000,8200,2024-03-06
RT-106,North-Central West Sector,508,19.9,Fog,195000,11200,2024-03-06
RT-104,North West Sector,410,-4.0,Snow,120000,6800,2024-03-06
RT-103,North East Sector,352,18.2,Fog,135000,7500,2024-03-06
RT-103,North East Sector,381,20.4,Rain,135000,7500,2024-03-06
RT-103,North East Sector,216,-2.0,Snow,135000,7500,2024-03-06
RT-105,North-Central East Sector,704,22.3,Rain,175000,9900,2024-03-06
RT-110,South-Central West Sector,396,22.2,Rain,210000,12500,2024-03-06
RT-109,South-Central East Sector,286,31.9,Clear,230000,13800,2024-03-06
RT-109,South-Central East Sector,108,14.8,Fog,230000,13800,2024-03-06
RT-105,North-Central East Sector,980,14.6,Fog,175000,9900,2024-03-06
RT-101,Central East Sector,442,0.1,Snow,340000,20200,2024-03-06
RT-109,South-Central East Sector,96,-1.0,Snow,230000,13800,2024-03-06
RT-107,South East Sector,271,24.7,Clear,182000,10400,2024-03-06
RT-103,North East Sector,344,14.5,Fog,135000,7500,2024-03-06
RT-105,North-Central East Sector,302,14.5,Fog,175000,9900,2024-03-06
RT-107,South East Sector,356,1.3,Snow,182000,10400,2024-03-06
RT-110,South-Central West Sector,520,15.2,Fog,210000,12500,2024-03-06
RT-107,South East Sector,458,19.9,Rain,182000,10400,2024-03-06
RT-106,North-Central West Sector,283,24.3,Clear,195000,11200,2024-03-06
RT-103,North East Sector,935,-2.5,Snow,135000,7500,2024-03-06
RT-109,South-Central East Sector,374,22.7,Clear,230000,13800,2024-03-06
RT-103,North East Sector,174,17.1,Fog,135000,7500,2024-03-06
RT-104,North West Sector,343,14.4,Fog,120000,6800,2024-03-06
RT-109,South-Central East Sector,502,22.8,Rain,230000,13800,2024-03-06
RT-101,Central East Sector,680,24.3,Clear,340000,20200,2024-03-06
RT-105,North-Central East Sector,310,-1.2,Snow,175000,9900,2024-03-06
RT-102,Central West Sector,289,30.8,Clear,310000,18500,2024-03-06
RT-110,South-Central West Sector,179,21.9,Rain,210000,12500,2024-03-06
RT-107,South East Sector,304,27.3,Clear,182000,10400,2024-03-06
RT-101,Central East Sector,343,25.2,Clear,340000,20200,2024-03-06
RT-108,South West Sector,204,-2.7,Snow,145000,8200,2024-03-06
RT-108,South West Sector,548,18.0,Fog,145000,8200,2024-03-06
RT-107,South East Sector,306,2.0,Snow,182000,10400,2024-03-06
RT-105,North-Central East Sector,201,18.0,Fog,175000,9900,2024-03-06
RT-105,North-Central East Sector,752,21.3,Rain,175000,9900,2024-03-06
RT-102,Central West Sector,226,18.4,Fog,310000,18500,2024-03-06
RT-108,South West Sector,323,20.8,Rain,145000,8200,2024-03-06
RT-110,South-Central West Sector,416,14.4,Fog,210000,12500,2024-03-06
RT-107,South East Sector,364,17.4,Fog,182000,10400,2024-03-06
RT-103,North East Sector,442,19.7,Fog,135000,7500,2024-03-06
RT-110,South-Central West Sector,646,-3.8,Snow,210000,12500,2024-03-06
RT-108,South West Sector,229,-0.2,Snow,145000,8200,2024-03-06
RT-109,South-Central East Sector,217,24.0,Clear,230000,13800,2024-03-06
RT-103,North East Sector,466,17.2,Fog,135000,7500,2024-03-06
RT-102,Central West Sector,666,-4.3,Snow,310000,18500,2024-03-06
RT-101,Central East Sector,490,-1.8,Snow,340000,20200,2024-03-06
RT-108,South West Sector,390,0.3,Snow,145000,8200,2024-03-06
RT-108,South West Sector,235,20.1,Rain,145000,8200,2024-03-06
RT-106,North-Central West Sector,494,18.0,Fog,195000,11200,2024-03-06
RT-106,North-Central West Sector,234,22.8,Rain,195000,11200,2024-03-06
RT-108,South West Sector,190,23.6,Rain,145000,8200,2024-03-06
RT-105,North-Central East Sector,274,15.4,Fog,175000,9900,2024-03-06
RT-103,North East Sector,1200,16.4,Fog,135000,7500,2024-03-06
RT-109,South-Central East Sector,384,18.9,Rain,230000,13800,2024-03-06
RT-106,North-Central West Sector,86,24.0,Rain,195000,11200,2024-03-06
RT-104,North West Sector,578,1.5,Snow,120000,6800,2024-03-06
RT-106,North-Central West Sector,1007,21.2,Rain,195000,11200,2024-03-06
RT-102,Central West Sector,532,30.4,Clear,310000,18500,2024-03-06
RT-102,Central West Sector,418,-1.4,Snow,310000,18500,2024-03-06
RT-103,North East Sector,278,-0.6,Snow,135000,7500,2024-03-06
RT-108,South West Sector,192,18.5,Rain,145000,8200,2024-03-06
RT-101,Central East Sector,502,18.5,Fog,340000,20200,2024-03-06
RT-103,North East Sector,494,23.3,Clear,135000,7500,2024-03-06
RT-107,South East Sector,829,30.3,Clear,182000,10400,2024-03-06
RT-104,North West Sector,456,0.5,Snow,120000,6800,2024-03-06
RT-109,South-Central East Sector,237,29.1,Clear,230000,13800,2024-03-06
RT-102,Central West Sector,292,18.2,Rain,310000,18500,2024-03-06
RT-108,South West Sector,860,25.0,Clear,145000,8200,2024-03-06
RT-103,North East Sector,93,19.6,Rain,135000,7500,2024-03-06
RT-109,South-Central East Sector,333,20.2,Rain,230000,13800,2024-03-06
RT-102,Central West Sector,125,14.5,Fog,310000,18500,2024-03-06
RT-106,North-Central West Sector,170,23.6,Rain,195000,11200,2024-03-06
RT-108,South West Sector,390,21.3,Rain,145000,8200,2024-03-06
RT-105,North-Central East Sector,283,15.8,Fog,175000,9900,2024-03-06
RT-108,South West Sector,195,26.0,Clear,145000,8200,2024-03-06
RT-102,Central West Sector,281,-1.9,Snow,310000,18500,2024-03-06
RT-106,North-Central West Sector,532,28.0,Clear,195000,11200,2024-03-06
RT-109,South-Central East Sector,70,27.2,Clear,230000,13800,2024-03-06
RT-106,North-Central West Sector,151,1.4,Snow,195000,11200,2024-03-06
RT-106,North-Central West Sector,226,21.0,Rain,195000,11200,2024-03-06
RT-103,North East Sector,356,1.9,Snow,135000,7500,2024-03-06
RT-109,South-Central East Sector,711,30.5,Clear,230000,13800,2024-03-06
RT-110,South-Central West Sector,462,15.3,Fog,210000,12500,2024-03-06
RT-101,Central East Sector,182,23.6,Rain,340000,20200,2024-03-06
RT-101,Central East Sector,235,18.7,Rain,340000,20200,2024-03-06
RT-107,South East Sector,335,30.2,Clear,182000,10400,2024-03-06
RT-104,North West Sector,218,-2.3,Snow,120000,6800,2024-03-06
RT-106,North-Central West Sector,753,1.1,Snow,195000,11200,2024-03-06
RT-106,North-Central West Sector,322,23.2,Rain,195000,11200,2024-03-06
RT-105,North-Central East Sector,176,22.8,Rain,175000,9900,2024-03-06
RT-108,South West Sector,202,22.7,Rain,145000,8200,2024-03-06
RT-109,South-Central East Sector,337,19.8,Rain,230000,13800,2024-03-06
RT-108,South West Sector,300,18.5,Rain,145000,8200,2024-03-06
RT-101,Central East Sector,217,26.0,Clear,340000,20200,2024-03-06
RT-104,North West Sector,558,-3.8,Snow,120000,6800,2024-03-06
RT-110,South-Central West Sector,60,28.9,Clear,210000,12500,2024-03-06
RT-110,South-Central West Sector,368,25.5,Clear,210000,12500,2024-03-06
RT-101,Central East Sector,351,1.8,Snow,340000,20200,2024-03-06
RT-104,North West Sector,301,17.8,Fog,120000,6800,2024-03-06
RT-106,North-Central West Sector,331,0.8,Snow,195000,11200,2024-03-06
RT-103,North East Sector,282,23.3,Clear,135000,7500,2024-03-06
RT-107,South East Sector,140,1.0,Snow,182000,10400,2024-03-06
RT-102,Central West Sector,248,23.5,Rain,310000,18500,2024-03-06
RT-103,North East Sector,228,-1.6,Snow,135000,7500,2024-03-06
RT-102,Central West Sector,742,17.6,Fog,310000,18500,2024-03-06
RT-101,Central East Sector,119,22.6,Rain,340000,20200,2024-03-06
RT-106,North-Central West Sector,887,19.0,Rain,195000,11200,2024-03-06
RT-110,South-Central West Sector,283,-1.5,Snow,210000,12500,2024-03-06
RT-102,Central West Sector,122,-2.2,Snow,310000,18500,2024-03-06
RT-103,North East Sector,847,23.5,Clear,135000,7500,2024-03-06
RT-108,South West Sector,478,25.7,Clear,145000,8200,2024-03-06
RT-107,South East Sector,642,14.4,Fog,182000,10400,2024-03-06
RT-109,South-Central East Sector,538,14.2,Fog,230000,13800,2024-03-06
RT-108,South West Sector,234,23.4,Clear,145000,8200,2024-03-06
RT-110,South-Central West Sector,345,19.8,Fog,210000,12500,2024-03-06
RT-104,North West Sector,197,21.3,Rain,120000,6800,2024-03-06
RT-104,North West Sector,290,23.8,Rain,120000,6800,2024-03-06
RT-105,North-Central East Sector,706,20.6,Rain,175000,9900,2024-03-06
RT-110,South-Central West Sector,435,-2.8,Snow,210000,12500,2024-03-06
RT-108,South West Sector,290,27.1,Clear,145000,8200,2024-03-06
RT-101,Central East Sector,316,-1.9,Snow,340000,20200,2024-03-06
RT-103,North East Sector,635,18.6,Rain,135000,7500,2024-03-06
RT-109,South-Central East Sector,684,28.4,Clear,230000,13800,2024-03-06
RT-101,Central East Sector,422,24.2,Clear,340000,20200,2024-03-06
RT-104,North West Sector,386,17.7,Fog,120000,6800,2024-03-06
RT-107,South East Sector,1222,-0.4,Snow,182000,10400,2024-03-06
RT-106,North-Central West Sector,460,14.9,Fog,195000,11200,2024-03-06
RT-104,North West Sector,99,14.4,Fog,120000,6800,2024-03-06
RT-109,South-Central East Sector,702,18.7,Fog,230000,13800,2024-03-06
RT-105,North-Central East Sector,920,20.8,Rain,175000,9900,2024-03-06
RT-108,South West Sector,821,-4.6,Snow,145000,8200,2024-03-06
RT-107,South East Sector,560,24.0,Rain,182000,10400,2024-03-06
RT-109,South-Central East Sector,284,18.3,Rain,230000,13800,2024-03-06
RT-104,North West Sector,198,18.2,Fog,120000,6800,2024-03-06
RT-110,South-Central West Sector,72,31.8,Clear,210000,12500,2024-03-06
RT-101,Central East Sector,401,24.4,Clear,340000,20200,2024-03-06
RT-101,Central East Sector,443,14.9,Fog,340000,20200,2024-03-06
RT-106,North-Central West Sector,60,14.7,Fog,195000,11200,2024-03-06
RT-102,Central West Sector,832,19.8,Rain,310000,18500,2024-03-06
RT-104,North West Sector,410,18.6,Rain,120000,6800,2024-03-06
RT-108,South West Sector,630,22.2,Rain,145000,8200,2024-03-06
RT-106,North-Central West Sector,108,-4.6,Snow,195000,11200,2024-03-06
RT-102,Central West Sector,366,-1.4,Snow,310000,18500,2024-03-06
RT-102,Central West Sector,275,24.0,Rain,310000,18500,2024-03-06
RT-102,Central West Sector,784,0.7,Snow,310000,18500,2024-03-07
RT-105,North-Central East Sector,231,21.7,Rain,175000,9900,2024-03-07
RT-106,North-Central West Sector,564,15.8,Fog,195000,11200,2024-03-07
RT-110,South-Central West Sector,148,17.7,Fog,210000,12500,2024-03-07
RT-105,North-Central East Sector,992,27.3,Clear,175000,9900,2024-03-07
RT-104,North West Sector,108,26.3,Clear,120000,6800,2024-03-07
RT-108,South West Sector,246,-4.1,Snow,145000,8200,2024-03-07
RT-107,South East Sector,484,1.2,Snow,182000,10400,2024-03-07
RT-101,Central East Sector,264,26.5,Clear,340000,20200,2024-03-07
RT-109,South-Central East Sector,246,15.2,Fog,230000,13800,2024-03-07
RT-106,North-Central West Sector,104,20.2,Rain,195000,11200,2024-03-07
RT-108,South West Sector,306,16.5,Fog,145000,8200,2024-03-07
RT-101,Central East Sector,356,19.0,Fog,340000,20200,2024-03-07
RT-104,North West Sector,272,29.3,Clear,120000,6800,2024-03-07
RT-101,Central East Sector,88,22.6,Rain,340000,20200,2024-03-07
RT-101,Central East Sector,781,18.1,Rain,340000,20200,2024-03-07
RT-101,Central East Sector,724,16.5,Fog,340000,20200,2024-03-07
RT-108,South West Sector,1194,16.9,Fog,145000,8200,2024-03-07
RT-104,North West Sector,228,22.2,Clear,120000,6800,2024-03-07
RT-102,Central West Sector,221,24.6,Clear,310000,18500,2024-03-07
RT-110,South-Central West Sector,662,0.3,Snow,210000,12500,2024-03-07
RT-108,South West Sector,498,18.8,Rain,145000,8200,2024-03-07
RT-103,North East Sector,370,17.2,Fog,135000,7500,2024-03-07
RT-105,North-Central East Sector,446,-3.5,Snow,175000,9900,2024-03-07
RT-108,South West Sector,178,22.1,Clear,145000,8200,2024-03-07
RT-109,South-Central East Sector,457,-3.3,Snow,230000,13800,2024-03-07
RT-102,Central West Sector,168,31.8,Clear,310000,18500,2024-03-07
RT-101,Central East Sector,226,0.6,Snow,340000,20200,2024-03-07
RT-101,Central East Sector,64,19.8,Fog,340000,20200,2024-03-07
RT-105,North-Central East Sector,444,26.9,Clear,175000,9900,2024-03-07
RT-110,South-Central West Sector,1266,14.7,Fog,210000,12500,2024-03-07
RT-104,North West Sector,169,17.3,Fog,120000,6800,2024-03-07
RT-109,South-Central East Sector,240,-1.8,Snow,230000,13800,2024-03-07
RT-104,North West Sector,284,30.4,Clear,120000,6800,2024-03-07
RT-101,Central East Sector,295,-4.3,Snow,340000,20200,2024-03-07
RT-101,Central East Sector,154,20.9,Rain,340000,20200,2024-03-07
RT-107,South East Sector,436,18.9,Rain,182000,10400,2024-03-07
RT-101,Central East Sector,1246,19.9,Rain,340000,20200,2024-03-07
RT-104,North West Sector,1160,0.2,Snow,120000,6800,2024-03-07
RT-107,South East Sector,60,16.9,Fog,182000,10400,2024-03-07
RT-102,Central West Sector,615,20.3,Rain,310000,18500,2024-03-07
RT-108,South West Sector,388,-2.2,Snow,145000,8200,2024-03-07
RT-106,North-Central West Sector,211,20.8,Rain,195000,11200,2024-03-07
RT-101,Central East Sector,147,0.5,Snow,340000,20200,2024-03-07
RT-103,North East Sector,548,23.4,Rain,135000,7500,2024-03-07
RT-105,North-Central East Sector,364,1.7,Snow,175000,9900,2024-03-07
RT-109,South-Central East Sector,458,18.7,Fog,230000,13800,2024-03-07
RT-104,North West Sector,362,25.2,Clear,120000,6800,2024-03-07
RT-108,South West Sector,746,28.9,Clear,145000,8200,2024-03-07
RT-105,North-Central East Sector,546,16.6,Fog,175000,9900,2024-03-07
RT-107,South East Sector,414,15.5,Fog,182000,10400,2024-03-07
RT-103,North East Sector,315,0.9,Snow,135000,7500,2024-03-07
RT-110,South-Central West Sector,422,18.2,Rain,210000,12500,2024-03-07
RT-108,South West Sector,600,31.0,Clear,145000,8200,2024-03-07
RT-107,South East Sector,690,-1.8,Snow,182000,10400,2024-03-07
RT-104,North West Sector,234,28.4,Clear,120000,6800,2024-03-07
RT-109,South-Central East Sector,134,18.0,Fog,230000,13800,2024-03-07
RT-108,South West Sector,524,19.4,Fog,145000,8200,2024-03-07
RT-105,North-Central East Sector,1228,28.4,Clear,175000,9900,2024-03-07
RT-104,North West Sector,336,28.1,Clear,120000,6800,2024-03-07
RT-106,North-Central West Sector,251,-4.5,Snow,195000,11200,2024-03-07
RT-104,North West Sector,536,27.2,Clear,120000,6800,2024-03-07
RT-103,North East Sector,933,-3.9,Snow,135000,7500,2024-03-07
RT-106,North-Central West Sector,261,0.2,Snow,195000,11200,2024-03-07
RT-105,North-Central East Sector,207,27.1,Clear,175000,9900,2024-03-07
RT-103,North East Sector,146,28.8,Clear,135000,7500,2024-03-07
RT-107,South East Sector,482,18.3,Rain,182000,10400,2024-03-07
RT-103,North East Sector,310,14.5,Fog,135000,7500,2024-03-07
RT-108,South West Sector,1140,0.0,Snow,145000,8200,2024-03-07
RT-105,North-Central East Sector,409,22.7,Clear,175000,9900,2024-03-07
RT-103,North East Sector,212,14.4,Fog,135000,7500,2024-03-07
RT-106,North-Central West Sector,600,18.1,Rain,195000,11200,2024-03-07
RT-107,South East Sector,217,1.7,Snow,182000,10400,2024-03-07
RT-109,South-Central East Sector,57,22.4,Rain,230000,13800,2024-03-07
RT-101,Central East Sector,250,20.1,Rain,340000,20200,2024-03-07
RT-108,South West Sector,222,15.8,Fog,145000,8200,2024-03-07
RT-107,South East Sector,536,20.1,Rain,182000,10400,2024-03-07
RT-104,North West Sector,401,18.6,Fog,120000,6800,2024-03-07
RT-108,South West Sector,238,-0.4,Snow,145000,8200,2024-03-07
RT-103,North East Sector,376,23.9,Clear,135000,7500,2024-03-07
RT-104,North West Sector,86,23.7,Clear,120000,6800,2024-03-07
RT-108,South West Sector,445,-4.3,Snow,145000,8200,2024-03-07
RT-103,North East Sector,931,22.0,Rain,135000,7500,2024-03-07
RT-102,Central West Sector,217,18.6,Fog,310000,18500,2024-03-07
RT-102,Central West Sector,271,19.6,Rain,310000,18500,2024-03-07
RT-104,North West Sector,1029,14.1,Fog,120000,6800,2024-03-07
RT-102,Central West Sector,198,18.5,Rain,310000,18500,2024-03-07
RT-108,South West Sector,212,31.7,Clear,145000,8200,2024-03-07
RT-105,North-Central East Sector,218,25.0,Clear,175000,9900,2024-03-07
RT-105,North-Central East Sector,166,0.4,Snow,175000,9900,2024-03-07
RT-101,Central East Sector,464,28.2,Clear,340000,20200,2024-03-07
RT-104,North West Sector,548,20.3,Rain,120000,6800,2024-03-07
RT-110,South-Central West Sector,426,19.2,Rain,210000,12500,2024-03-07
RT-101,Central East Sector,736,18.7,Rain,340000,20200,2024-03-07
RT-105,North-Central East Sector,670,21.7,Rain,175000,9900,2024-03-07
RT-110,South-Central West Sector,706,29.7,Clear,210000,12500,2024-03-07
RT-101,Central East Sector,356,17.9,Fog,340000,20200,2024-03-07
RT-103,North East Sector,487,-1.3,Snow,135000,7500,2024-03-07
RT-107,South East Sector,322,18.3,Rain,182000,10400,2024-03-07
RT-105,North-Central East Sector,271,19.8,Fog,175000,9900,2024-03-07
RT-102,Central West Sector,514,30.0,Clear,310000,18500,2024-03-07
RT-106,North-Central West Sector,252,19.8,Rain,195000,11200,2024-03-07
RT-101,Central East Sector,472,19.9,Fog,340000,20200,2024-03-07
RT-108,South West Sector,213,21.6,Rain,145000,8200,2024-03-07
RT-101,Central East Sector,662,27.8,Clear,340000,20200,2024-03-07
RT-109,South-Central East Sector,1158,18.5,Fog,230000,13800,2024-03-07
RT-108,South West Sector,904,18.9,Fog,145000,8200,2024-03-07
RT-101,Central East Sector,78,28.6,Clear,340000,20200,2024-03-07
RT-104,North West Sector,418,-4.1,Snow,120000,6800,2024-03-07
RT-108,South West Sector,344,25.4,Clear,145000,8200,2024-03-07
RT-110,South-Central West Sector,182,1.5,Snow,210000,12500,2024-03-07
RT-107,South East Sector,1040,24.2,Clear,182000,10400,2024-03-07
RT-102,Central West Sector,210,-2.4,Snow,310000,18500,2024-03-07
RT-107,South East Sector,131,26.3,Clear,182000,10400,2024-03-07
RT-108,South West Sector,239,20.6,Rain,145000,8200,2024-03-07
RT-108,South West Sector,431,-0.7,Snow,145000,8200,2024-03-07
RT-106,North-Central West Sector,704,31.4,Clear,195000,11200,2024-03-07
RT-103,North East Sector,263,15.4,Fog,135000,7500,2024-03-07
RT-101,Central East Sector,344,-4.1,Snow,340000,20200,2024-03-07
RT-102,Central West Sector,328,15.2,Fog,310000,18500,2024-03-07
RT-110,South-Central West Sector,638,23.3,Rain,210000,12500,2024-03-07
RT-110,South-Central West Sector,247,28.5,Clear,210000,12500,2024-03-07
RT-110,South-Central West Sector,374,24.9,Clear,210000,12500,2024-03-07
RT-102,Central West Sector,302,30.2,Clear,310000,18500,2024-03-07
RT-105,North-Central East Sector,468,30.6,Clear,175000,9900,2024-03-07
RT-104,North West Sector,178,19.1,Fog,120000,6800,2024-03-07
RT-102,Central West Sector,312,19.5,Fog,310000,18500,2024-03-07
RT-102,Central West Sector,80,15.5,Fog,310000,18500,2024-03-07
RT-105,North-Central East Sector,706,22.5,Rain,175000,9900,2024-03-07
RT-110,South-Central West Sector,96,-1.8,Snow,210000,12500,2024-03-07
RT-108,South West Sector,1154,30.4,Clear,145000,8200,2024-03-07
RT-104,North West Sector,458,29.3,Clear,120000,6800,2024-03-07
RT-104,North West Sector,143,0.4,Snow,120000,6800,2024-03-07
RT-105,North-Central East Sector,900,17.9,Fog,175000,9900,2024-03-07
RT-102,Central West Sector,910,19.1,Rain,310000,18500,2024-03-07
RT-101,Central East Sector,262,27.5,Clear,340000,20200,2024-03-07
RT-106,North-Central West Sector,502,1.9,Snow,195000,11200,2024-03-07
RT-103,North East Sector,181,19.6,Fog,135000,7500,2024-03-07
RT-103,North East Sector,123,14.3,Fog,135000,7500,2024-03-07
RT-101,Central East Sector,312,23.6,Clear,340000,20200,2024-03-07
RT-102,Central West Sector,106,-4.1,Snow,310000,18500,2024-03-07
RT-102,Central West Sector,348,29.3,Clear,310000,18500,2024-03-07
RT-103,North East Sector,294,18.9,Fog,135000,7500,2024-03-07
RT-106,North-Central West Sector,341,15.3,Fog,195000,11200,2024-03-07
RT-105,North-Central East Sector,470,17.0,Fog,175000,9900,2024-03-07
RT-104,North West Sector,252,30.4,Clear,120000,6800,2024-03-07
RT-101,Central East Sector,543,22.4,Rain,340000,20200,2024-03-07
RT-104,North West Sector,338,27.4,Clear,120000,6800,2024-03-07
RT-104,North West Sector,78,-0.9,Snow,120000,6800,2024-03-07
RT-109,South-Central East Sector,340,27.1,Clear,230000,13800,2024-03-07
RT-108,South West Sector,356,-2.9,Snow,145000,8200,2024-03-07
RT-106,North-Central West Sector,260,-1.0,Snow,195000,11200,2024-03-07
RT-108,South West Sector,310,-0.2,Snow,145000,8200,2024-03-07
RT-110,South-Central West Sector,152,23.2,Rain,210000,12500,2024-03-07
RT-102,Central West Sector,239,-0.5,Snow,310000,18500,2024-03-07
RT-101,Central East Sector,606,18.6,Fog,340000,20200,2024-03-07
RT-106,North-Central West Sector,510,23.6,Clear,195000,11200,2024-03-07
RT-109,South-Central East Sector,432,26.6,Clear,230000,13800,2024-03-07
RT-102,Central West Sector,239,22.1,Clear,310000,18500,2024-03-07
RT-110,South-Central West Sector,353,15.5,Fog,210000,12500,2024-03-07
RT-108,South West Sector,218,22.4,Rain,145000,8200,2024-03-07
RT-101,Central East Sector,338,31.9,Clear,340000,20200,2024-03-07
RT-109,South-Central East Sector,196,14.6,Fog,230000,13800,2024-03-07
RT-103,North East Sector,660,20.4,Rain,135000,7500,2024-03-07
RT-107,South East Sector,660,30.0,Clear,182000,10400,2024-03-07
RT-102,Central West Sector,308,19.2,Rain,310000,18500,2024-03-07
RT-110,South-Central West Sector,384,21.3,Rain,210000,12500,2024-03-07
RT-103,North East Sector,1032,29.3,Clear,135000,7500,2024-03-07
RT-101,Central East Sector,859,21.7,Rain,340000,20200,2024-03-07
RT-104,North West Sector,424,19.1,Rain,120000,6800,2024-03-07
RT-109,South-Central East Sector,307,25.6,Clear,230000,13800,2024-03-07
RT-110,South-Central West Sector,178,29.8,Clear,210000,12500,2024-03-07
RT-108,South West Sector,337,-1.1,Snow,145000,8200,2024-03-07
RT-108,South West Sector,354,-5.0,Snow,145000,8200,2024-03-07
RT-104,North West Sector,120,18.6,Fog,120000,6800,2024-03-07
RT-101,Central East Sector,306,22.4,Clear,340000,20200,2024-03-07
RT-104,North West Sector,251,29.5,Clear,120000,6800,2024-03-07
RT-110,South-Central West Sector,261,24.0,Clear,210000,12500,2024-03-07
RT-102,Central West Sector,273,23.7,Rain,310000,18500,2024-03-07
RT-102,Central West Sector,826,16.2,Fog,310000,18500,2024-03-07
RT-103,North East Sector,131,20.0,Rain,135000,7500,2024-03-07
RT-101,Central East Sector,152,23.5,Clear,340000,20200,2024-03-07
RT-107,South East Sector,338,19.8,Rain,182000,10400,2024-03-07
RT-105,North-Central East Sector,996,23.3,Rain,175000,9900,2024-03-07
RT-105,North-Central East Sector,351,20.0,Fog,175000,9900,2024-03-07
RT-104,North West Sector,88,25.7,Clear,120000,6800,2024-03-07
RT-102,Central West Sector,219,16.7,Fog,310000,18500,2024-03-07
RT-110,South-Central West Sector,282,0.1,Snow,210000,12500,2024-03-07
RT-102,Central West Sector,131,23.3,Rain,310000,18500,2024-03-07
RT-107,South East Sector,300,27.9,Clear,182000,10400,2024-03-07
RT-101,Central East Sector,282,25.9,Clear,340000,20200,2024-03-07
RT-109,South-Central East Sector,136,-2.1,Snow,230000,13800,2024-03-07
RT-101,Central East Sector,1206,-0.1,Snow,340000,20200,2024-03-07
RT-107,South East Sector,279,-5.0,Snow,182000,10400,2024-03-07
RT-106,North-Central West Sector,202,-0.7,Snow,195000,11200,2024-03-07
RT-105,North-Central East Sector,152,20.1,Rain,175000,9900,2024-03-07
RT-101,Central East Sector,660,22.8,Rain,340000,20200,2024-03-07
RT-110,South-Central West Sector,394,14.6,Fog,210000,12500,2024-03-07
RT-110,South-Central West Sector,518,27.9,Clear,210000,12500,2024-03-07
RT-101,Central East Sector,90,20.9,Rain,340000,20200,2024-03-07
RT-104,North West Sector,536,17.9,Fog,120000,6800,2024-03-07
RT-108,South West Sector,362,18.4,Rain,145000,8200,2024-03-07
RT-104,North West Sector,160,-0.9,Snow,120000,6800,2024-03-07
RT-105,North-Central East Sector,221,-1.1,Snow,175000,9900,2024-03-07
RT-107,South East Sector,728,21.4,Rain,182000,10400,2024-03-07
RT-107,South East Sector,363,21.6,Rain,182000,10400,2024-03-07
RT-105,North-Central East Sector,1222,28.8,Clear,175000,9900,2024-03-07
RT-107,South East Sector,456,0.6,Snow,182000,10400,2024-03-07
RT-107,South East Sector,225,15.6,Fog,182000,10400,2024-03-07
RT-108,South West Sector,116,0.8,Snow,145000,8200,2024-03-07
RT-109,South-Central East Sector,200,27.0,Clear,230000,13800,2024-03-07
RT-109,South-Central East Sector,338,14.5,Fog,230000,13800,2024-03-07
RT-103,North East Sector,555,22.6,Clear,135000,7500,2024-03-07
RT-107,South East Sector,773,16.0,Fog,182000,10400,2024-03-07
RT-108,South West Sector,524,29.8,Clear,145000,8200,2024-03-07
RT-102,Central West Sector,198,-0.0,Snow,310000,18500,2024-03-07
RT-102,Central West Sector,334,22.7,Rain,310000,18500,2024-03-07
RT-105,North-Central East Sector,142,17.1,Fog,175000,9900,2024-03-07
RT-110,South-Central West Sector,360,20.6,Rain,210000,12500,2024-03-07
RT-109,South-Central East Sector,178,14.9,Fog,230000,13800,2024-03-07
RT-103,North East Sector,827,20.0,Rain,135000,7500,2024-03-07
RT-103,North East Sector,169,20.6,Rain,135000,7500,2024-03-07
RT-103,North East Sector,395,14.5,Fog,135000,7500,2024-03-07
RT-103,North East Sector,158,-3.5,Snow,135000,7500,2024-03-07
RT-107,South East Sector,698,28.0,Clear,182000,10400,2024-03-07
RT-105,North-Central East Sector,95,29.4,Clear,175000,9900,2024-03-07
RT-109,South-Central East Sector,842,24.0,Rain,230000,13800,2024-03-07
RT-102,Central West Sector,128,23.6,Rain,310000,18500,2024-03-07
RT-102,Central West Sector,628,-0.5,Snow,310000,18500,2024-03-07
RT-104,North West Sector,520,-2.1,Snow,120000,6800,2024-03-07
RT-105,North-Central East Sector,520,21.8,Rain,175000,9900,2024-03-07
RT-102,Central West Sector,842,29.9,Clear,310000,18500,2024-03-07
RT-108,South West Sector,216,14.7,Fog,145000,8200,2024-03-07
RT-105,North-Central East Sector,91,-2.1,Snow,175000,9900,2024-03-07
RT-105,North-Central East Sector,726,23.0,Rain,175000,9900,2024-03-07
RT-103,North East Sector,288,-2.3,Snow,135000,7500,2024-03-07
RT-110,South-Central West Sector,369,17.4,Fog,210000,12500,2024-03-07
RT-103,North East Sector,142,27.9,Clear,135000,7500,2024-03-07
RT-103,North East Sector,443,23.8,Clear,135000,7500,2024-03-07
RT-108,South West Sector,343,20.2,Rain,145000,8200,2024-03-07
RT-107,South East Sector,490,20.0,Rain,182000,10400,2024-03-07
RT-102,Central West Sector,370,18.2,Rain,310000,18500,2024-03-07
RT-108,South West Sector,327,-4.8,Snow,145000,8200,2024-03-07
RT-108,South West Sector,412,23.0,Rain,145000,8200,2024-03-07
RT-104,North West Sector,179,-3.1,Snow,120000,6800,2024-03-07
RT-101,Central East Sector,488,21.1,Rain,340000,20200,2024-03-07
RT-105,North-Central East Sector,486,19.8,Rain,175000,9900,2024-03-07
RT-101,Central East Sector,516,23.6,Rain,340000,20200,2024-03-07
RT-103,North East Sector,142,19.6,Rain,135000,7500,2024-03-07
RT-109,South-Central East Sector,572,-2.0,Snow,230000,13800,2024-03-07
RT-110,South-Central West Sector,843,19.2,Fog,210000,12500,2024-03-07
RT-110,South-Central West Sector,189,23.1,Rain,210000,12500,2024-03-07
RT-108,South West Sector,218,-3.7,Snow,145000,8200,2024-03-07
RT-107,South East Sector,450,22.8,Rain,182000,10400,2024-03-07
RT-109,South-Central East Sector,1150,26.6,Clear,230000,13800,2024-03-07
RT-103,North East Sector,352,20.9,Rain,135000,7500,2024-03-07
RT-107,South East Sector,887,18.8,Rain,182000,10400,2024-03-07
RT-106,North-Central West Sector,468,22.8,Clear,195000,11200,2024-03-07
RT-102,Central West Sector,464,18.4,Fog,310000,18500,2024-03-07
RT-103,North East Sector,192,-1.5,Snow,135000,7500,2024-03-07
RT-101,Central East Sector,154,-1.9,Snow,340000,20200,2024-03-07
RT-103,North East Sector,388,22.4,Rain,135000,7500,2024-03-07
RT-108,South West Sector,362,29.7,Clear,145000,8200,2024-03-07
RT-101,Central East Sector,305,15.0,Fog,340000,20200,2024-03-07
RT-102,Central West Sector,347,17.7,Fog,310000,18500,2024-03-07
RT-110,South-Central West Sector,70,-4.1,Snow,210000,12500,2024-03-07
RT-110,South-Central West Sector,1088,0.3,Snow,210000,12500,2024-03-07
RT-108,South West Sector,352,28.6,Clear,145000,8200,2024-03-07
RT-109,South-Central East Sector,352,1.7,Snow,230000,13800,2024-03-07
RT-105,North-Central East Sector,242,18.4,Rain,175000,9900,2024-03-07
RT-101,Central East Sector,64,22.6,Clear,340000,20200,2024-03-07
RT-106,North-Central West Sector,218,15.7,Fog,195000,11200,2024-03-07
RT-101,Central East Sector,109,19.6,Rain,340000,20200,2024-03-07
RT-105,North-Central East Sector,364,15.5,Fog,175000,9900,2024-03-07
RT-108,South West Sector,752,31.1,Clear,145000,8200,2024-03-07
RT-107,South East Sector,975,24.5,Clear,182000,10400,2024-03-07
RT-105,North-Central East Sector,376,15.6,Fog,175000,9900,2024-03-07
RT-109,South-Central East Sector,309,22.6,Rain,230000,13800,2024-03-07
RT-105,North-Central East Sector,354,20.7,Rain,175000,9900,2024-03-07
RT-106,North-Central West Sector,385,22.7,Rain,195000,11200,2024-03-07
RT-108,South West Sector,273,-4.5,Snow,145000,8200,2024-03-07
RT-104,North West Sector,286,-1.6,Snow,120000,6800,2024-03-07
RT-110,South-Central West Sector,288,22.3,Clear,210000,12500,2024-03-07
RT-104,North West Sector,384,-4.6,Snow,120000,6800,2024-03-07
RT-102,Central West Sector,127,31.1,Clear,310000,18500,2024-03-07
RT-109,South-Central East Sector,452,14.8,Fog,230000,13800,2024-03-07
RT-110,South-Central West Sector,356,27.3,Clear,210000,12500,2024-03-07
RT-104,North West Sector,332,20.5,Rain,120000,6800,2024-03-07
RT-108,South West Sector,337,20.1,Rain,145000,8200,2024-03-08
RT-105,North-Central East Sector,210,19.4,Fog,175000,9900,2024-03-08
RT-106,North-Central West Sector,240,22.2,Clear,195000,11200,2024-03-08
RT-108,South West Sector,688,22.0,Rain,145000,8200,2024-03-08
RT-110,South-Central West Sector,140,19.8,Fog,210000,12500,2024-03-08
RT-109,South-Central East Sector,318,21.4,Rain,230000,13800,2024-03-08
RT-102,Central West Sector,114,1.6,Snow,310000,18500,2024-03-08
RT-103,North East Sector,398,14.3,Fog,135000,7500,2024-03-08
RT-108,South West Sector,206,20.5,Rain,145000,8200,2024-03-08
RT-103,North East Sector,296,19.6,Rain,135000,7500,2024-03-08
RT-104,North West Sector,353,0.1,Snow,120000,6800,2024-03-08
RT-102,Central West Sector,858,23.9,Rain,310000,18500,2024-03-08
RT-109,South-Central East Sector,191,19.5,Rain,230000,13800,2024-03-08
RT-102,Central West Sector,246,-0.4,Snow,310000,18500,2024-03-08
RT-107,South East Sector,382,19.2,Rain,182000,10400,2024-03-08
RT-102,Central West Sector,291,17.4,Fog,310000,18500,2024-03-08
RT-101,Central East Sector,168,26.6,Clear,340000,20200,2024-03-08
RT-101,Central East Sector,104,31.7,Clear,340000,20200,2024-03-08
RT-106,North-Central West Sector,470,21.7,Rain,195000,11200,2024-03-08
RT-108,South West Sector,428,-2.6,Snow,145000,8200,2024-03-08
RT-101,Central East Sector,225,18.7,Rain,340000,20200,2024-03-08
RT-107,South East Sector,330,23.5,Clear,182000,10400,2024-03-08
RT-109,South-Central East Sector,132,19.4,Rain,230000,13800,2024-03-08
RT-103,North East Sector,282,-3.2,Snow,135000,7500,2024-03-08
RT-101,Central East Sector,947,19.1,Fog,340000,20200,2024-03-08
RT-106,North-Central West Sector,314,-1.1,Snow,195000,11200,2024-03-08
RT-105,North-Central East Sector,550,27.2,Clear,175000,9900,2024-03-08
RT-108,South West Sector,97,18.7,Rain,145000,8200,2024-03-08
RT-108,South West Sector,530,19.2,Fog,145000,8200,2024-03-08
RT-108,South West Sector,265,18.3,Fog,145000,8200,2024-03-08
RT-108,South West Sector,488,22.7,Clear,145000,8200,2024-03-08
RT-103,North East Sector,398,22.2,Rain,135000,7500,2024-03-08
RT-106,North-Central West Sector,201,27.4,Clear,195000,11200,2024-03-08
RT-103,North East Sector,492,14.5,Fog,135000,7500,2024-03-08
RT-108,South West Sector,334,16.7,Fog,145000,8200,2024-03-08
RT-106,North-Central West Sector,286,20.9,Rain,195000,11200,2024-03-08
RT-104,North West Sector,758,23.7,Clear,120000,6800,2024-03-08
RT-105,North-Central East Sector,130,19.7,Fog,175000,9900,2024-03-08
RT-106,North-Central West Sector,406,30.5,Clear,195000,11200,2024-03-08
RT-105,North-Central East Sector,398,22.0,Rain,175000,9900,2024-03-08
RT-102,Central West Sector,911,26.6,Clear,310000,18500,2024-03-08
RT-102,Central West Sector,371,-2.1,Snow,310000,18500,2024-03-08
RT-106,North-Central West Sector,240,-0.4,Snow,195000,11200,2024-03-08
RT-107,South East Sector,1024,17.3,Fog,182000,10400,2024-03-08
RT-110,South-Central West Sector,1128,18.4,Rain,210000,12500,2024-03-08
RT-106,North-Central West Sector,532,17.1,Fog,195000,11200,2024-03-08
RT-106,North-Central West Sector,560,30.1,Clear,195000,11200,2024-03-08
RT-104,North West Sector,295,-1.8,Snow,120000,6800,2024-03-08
RT-107,South East Sector,241,22.5,Clear,182000,10400,2024-03-08
RT-107,South East Sector,388,18.7,Fog,182000,10400,2024-03-08
RT-110,South-Central West Sector,279,-3.6,Snow,210000,12500,2024-03-08
RT-105,North-Central East Sector,448,15.6,Fog,175000,9900,2024-03-08
RT-109,South-Central East Sector,313,-3.8,Snow,230000,13800,2024-03-08
RT-105,North-Central East Sector,417,20.0,Rain,175000,9900,2024-03-08
RT-110,South-Central West Sector,270,0.3,Snow,210000,12500,2024-03-08
RT-101,Central East Sector,694,27.2,Clear,340000,20200,2024-03-08
RT-103,North East Sector,284,19.2,Rain,135000,7500,2024-03-08
RT-101,Central East Sector,123,19.3,Fog,340000,20200,2024-03-08
RT-106,North-Central West Sector,244,1.2,Snow,195000,11200,2024-03-08
RT-101,Central East Sector,206,23.2,Rain,340000,20200,2024-03-08
RT-101,Central East Sector,300,19.4,Rain,340000,20200,2024-03-08
RT-101,Central East Sector,42,20.7,Rain,340000,20200,2024-03-08
RT-106,North-Central West Sector,680,31.8,Clear,195000,11200,2024-03-08
RT-107,South East Sector,206,29.7,Clear,182000,10400,2024-03-08
RT-109,South-Central East Sector,259,22.3,Clear,230000,13800,2024-03-08
RT-107,South East Sector,775,22.7,Clear,182000,10400,2024-03-08
RT-107,South East Sector,158,26.6,Clear,182000,10400,2024-03-08
RT-107,South East Sector,490,1.4,Snow,182000,10400,2024-03-08
RT-106,North-Central West Sector,440,17.2,Fog,195000,11200,2024-03-08
RT-106,North-Central West Sector,211,-1.5,Snow,195000,11200,2024-03-08
RT-103,North East Sector,260,23.1,Clear,135000,7500,2024-03-08
RT-108,South West Sector,306,-0.4,Snow,145000,8200,2024-03-08
RT-103,North East Sector,267,30.2,Clear,135000,7500,2024-03-08
RT-102,Central West Sector,218,25.8,Clear,310000,18500,2024-03-08
RT-102,Central West Sector,189,18.7,Fog,310000,18500,2024-03-08
RT-105,North-Central East Sector,966,19.8,Fog,175000,9900,2024-03-08
RT-110,South-Central West Sector,450,-3.6,Snow,210000,12500,2024-03-08
RT-104,North West Sector,359,27.2,Clear,120000,6800,2024-03-08
RT-101,Central East Sector,368,24.9,Clear,340000,20200,2024-03-08
RT-104,North West Sector,132,29.9,Clear,120000,6800,2024-03-08
RT-108,South West Sector,794,27.8,Clear,145000,8200,2024-03-08
RT-106,North-Central West Sector,201,28.3,Clear,195000,11200,2024-03-08
RT-106,North-Central West Sector,240,22.8,Rain,195000,11200,2024-03-08
RT-109,South-Central East Sector,194,20.4,Rain,230000,13800,2024-03-08
RT-108,South West Sector,281,1.4,Snow,145000,8200,2024-03-08
RT-102,Central West Sector,424,-1.3,Snow,310000,18500,2024-03-08
RT-108,South West Sector,510,-3.9,Snow,145000,8200,2024-03-08
RT-107,South East Sector,334,18.2,Fog,182000,10400,2024-03-08
RT-107,South East Sector,439,29.9,Clear,182000,10400,2024-03-08
RT-106,North-Central West Sector,231,19.9,Rain,195000,11200,2024-03-08
RT-104,North West Sector,459,1.0,Snow,120000,6800,2024-03-08
RT-105,North-Central East Sector,61,23.4,Rain,175000,9900,2024-03-08
RT-106,North-Central West Sector,1015,-3.1,Snow,195000,11200,2024-03-08
RT-109,South-Central East Sector,732,31.8,Clear,230000,13800,2024-03-08
RT-103,North East Sector,336,23.4,Clear,135000,7500,2024-03-08
RT-102,Central West Sector,626,-3.6,Snow,310000,18500,2024-03-08
RT-101,Central East Sector,460,-3.7,Snow,340000,20200,2024-03-08
RT-109,South-Central East Sector,307,1.3,Snow,230000,13800,2024-03-08
RT-103,North East Sector,172,21.9,Rain,135000,7500,2024-03-08
RT-108,South West Sector,678,-3.9,Snow,145000,8200,2024-03-08
RT-103,North East Sector,279,16.6,Fog,135000,7500,2024-03-08
RT-109,South-Central East Sector,164,21.7,Rain,230000,13800,2024-03-08
RT-110,South-Central West Sector,288,-4.4,Snow,210000,12500,2024-03-08
RT-101,Central East Sector,438,1.2,Snow,340000,20200,2024-03-08
RT-103,North East Sector,490,30.0,Clear,135000,7500,2024-03-08
RT-110,South-Central West Sector,219,21.0,Rain,210000,12500,2024-03-08
RT-104,North West Sector,378,31.7,Clear,120000,6800,2024-03-08
RT-109,South-Central East Sector,463,20.5,Rain,230000,13800,2024-03-08
RT-102,Central West Sector,330,23.9,Rain,310000,18500,2024-03-08
RT-101,Central East Sector,176,22.0,Rain,340000,20200,2024-03-08
RT-101,Central East Sector,233,-0.6,Snow,340000,20200,2024-03-08
RT-106,North-Central West Sector,242,15.0,Fog,195000,11200,2024-03-08
RT-108,South West Sector,141,1.2,Snow,145000,8200,2024-03-08
RT-103,North East Sector,712,16.6,Fog,135000,7500,2024-03-08
RT-109,South-Central East Sector,325,19.0,Rain,230000,13800,2024-03-08
RT-110,South-Central West Sector,354,22.1,Clear,210000,12500,2024-03-08
RT-104,North West Sector,558,21.4,Rain,120000,6800,2024-03-08
RT-109,South-Central East Sector,85,-1.3,Snow,230000,13800,2024-03-08
RT-108,South West Sector,394,22.3,Rain,145000,8200,2024-03-08
RT-107,South East Sector,348,19.3,Fog,182000,10400,2024-03-08
RT-105,North-Central East Sector,745,18.5,Rain,175000,9900,2024-03-08
RT-101,Central East Sector,324,22.4,Rain,340000,20200,2024-03-08
RT-102,Central West Sector,378,-3.7,Snow,310000,18500,2024-03-08
RT-106,North-Central West Sector,137,1.0,Snow,195000,11200,2024-03-08
RT-107,South East Sector,212,18.9,Fog,182000,10400,2024-03-08
RT-105,North-Central East Sector,325,27.4,Clear,175000,9900,2024-03-08
RT-110,South-Central West Sector,229,-0.0,Snow,210000,12500,2024-03-08
RT-104,North West Sector,166,15.9,Fog,120000,6800,2024-03-08
RT-107,South East Sector,798,-1.7,Snow,182000,10400,2024-03-08
RT-103,North East Sector,670,0.8,Snow,135000,7500,2024-03-08
RT-103,North East Sector,350,20.8,Rain,135000,7500,2024-03-08
RT-108,South West Sector,460,20.1,Rain,145000,8200,2024-03-08
RT-107,South East Sector,264,21.0,Rain,182000,10400,2024-03-08
RT-107,South East Sector,264,23.0,Rain,182000,10400,2024-03-08
RT-105,North-Central East Sector,880,16.0,Fog,175000,9900,2024-03-08
RT-108,South West Sector,268,23.7,Clear,145000,8200,2024-03-08
RT-102,Central West Sector,586,-0.0,Snow,310000,18500,2024-03-08
RT-107,South East Sector,76,30.3,Clear,182000,10400,2024-03-08
RT-101,Central East Sector,403,23.0,Clear,340000,20200,2024-03-08
RT-109,South-Central East Sector,323,19.4,Rain,230000,13800,2024-03-08
RT-106,North-Central West Sector,334,18.9,Rain,195000,11200,2024-03-08
RT-110,South-Central West Sector,80,25.5,Clear,210000,12500,2024-03-08
RT-106,North-Central West Sector,181,-1.8,Snow,195000,11200,2024-03-08
RT-110,South-Central West Sector,680,29.5,Clear,210000,12500,2024-03-08
RT-109,South-Central East Sector,286,28.5,Clear,230000,13800,2024-03-08
RT-107,South East Sector,340,17.7,Fog,182000,10400,2024-03-08
RT-108,South West Sector,188,-2.5,Snow,145000,8200,2024-03-08
RT-105,North-Central East Sector,376,23.0,Rain,175000,9900,2024-03-08
RT-102,Central West Sector,536,20.8,Rain,310000,18500,2024-03-08
RT-110,South-Central West Sector,296,1.9,Snow,210000,12500,2024-03-08
RT-107,South East Sector,662,17.8,Fog,182000,10400,2024-03-08
RT-104,North West Sector,194,-4.1,Snow,120000,6800,2024-03-08
RT-107,South East Sector,188,22.1,Rain,182000,10400,2024-03-08
RT-107,South East Sector,145,-2.7,Snow,182000,10400,2024-03-08
RT-104,North West Sector,578,-0.2,Snow,120000,6800,2024-03-08
RT-110,South-Central West Sector,920,14.4,Fog,210000,12500,2024-03-08
RT-104,North West Sector,367,-3.8,Snow,120000,6800,2024-03-08
RT-106,North-Central West Sector,616,30.6,Clear,195000,11200,2024-03-08
RT-102,Central West Sector,314,24.3,Clear,310000,18500,2024-03-08
RT-110,South-Central West Sector,256,30.4,Clear,210000,12500,2024-03-08
RT-110,South-Central West Sector,1110,24.8,Clear,210000,12500,2024-03-08
RT-109,South-Central East Sector,917,21.9,Rain,230000,13800,2024-03-08
RT-101,Central East Sector,341,22.2,Rain,340000,20200,2024-03-08
RT-101,Central East Sector,258,27.1,Clear,340000,20200,2024-03-08
RT-103,North East Sector,398,-2.9,Snow,135000,7500,2024-03-08
RT-103,North East Sector,522,19.3,Rain,135000,7500,2024-03-08
RT-106,North-Central West Sector,453,-4.8,Snow,195000,11200,2024-03-08
RT-107,South East Sector,596,-2.9,Snow,182000,10400,2024-03-08
RT-103,North East Sector,384,17.9,Fog,135000,7500,2024-03-08
RT-110,South-Central West Sector,1086,19.6,Fog,210000,12500,2024-03-08
RT-102,Central West Sector,468,1.1,Snow,310000,18500,2024-03-08
RT-110,South-Central West Sector,470,29.7,Clear,210000,12500,2024-03-08
RT-106,North-Central West Sector,256,29.9,Clear,195000,11200,2024-03-08
RT-102,Central West Sector,288,-0.3,Snow,310000,18500,2024-03-08
RT-107,South East Sector,142,15.6,Fog,182000,10400,2024-03-08
RT-109,South-Central East Sector,544,1.4,Snow,230000,13800,2024-03-08
RT-108,South West Sector,686,28.7,Clear,145000,8200,2024-03-08
RT-101,Central East Sector,201,21.4,Rain,340000,20200,2024-03-08
RT-108,South West Sector,735,-4.2,Snow,145000,8200,2024-03-08
RT-107,South East Sector,286,26.5,Clear,182000,10400,2024-03-08
RT-102,Central West Sector,122,-1.8,Snow,310000,18500,2024-03-08
RT-106,North-Central West Sector,838,23.2,Rain,195000,11200,2024-03-08
RT-110,South-Central West Sector,510,27.5,Clear,210000,12500,2024-03-08
RT-110,South-Central West Sector,952,-2.3,Snow,210000,12500,2024-03-08
RT-105,North-Central East Sector,224,23.9,Rain,175000,9900,2024-03-08
RT-103,North East Sector,110,18.7,Rain,135000,7500,2024-03-08
RT-101,Central East Sector,608,16.5,Fog,340000,20200,2024-03-08
RT-107,South East Sector,309,22.4,Clear,182000,10400,2024-03-08
RT-104,North West Sector,726,0.2,Snow,120000,6800,2024-03-08
RT-106,North-Central West Sector,439,1.4,Snow,195000,11200,2024-03-08
RT-102,Central West Sector,364,15.7,Fog,310000,18500,2024-03-08
RT-110,South-Central West Sector,456,1.0,Snow,210000,12500,2024-03-08
RT-110,South-Central West Sector,246,19.8,Rain,210000,12500,2024-03-08
RT-110,South-Central West Sector,230,31.1,Clear,210000,12500,2024-03-08
RT-110,South-Central West Sector,164,18.5,Fog,210000,12500,2024-03-08
RT-106,North-Central West Sector,373,18.8,Fog,195000,11200,2024-03-08
RT-106,North-Central West Sector,252,-4.9,Snow,195000,11200,2024-03-08
RT-103,North East Sector,572,19.8,Fog,135000,7500,2024-03-08
RT-102,Central West Sector,346,18.4,Fog,310000,18500,2024-03-08
RT-108,South West Sector,524,25.0,Clear,145000,8200,2024-03-08
RT-104,North West Sector,282,19.0,Fog,120000,6800,2024-03-08
RT-110,South-Central West Sector,382,15.7,Fog,210000,12500,2024-03-08
RT-105,North-Central East Sector,358,1.1,Snow,175000,9900,2024-03-08
RT-105,North-Central East Sector,954,-4.2,Snow,175000,9900,2024-03-08
RT-104,North West Sector,380,22.2,Rain,120000,6800,2024-03-08
RT-106,North-Central West Sector,405,17.2,Fog,195000,11200,2024-03-08
RT-105,North-Central East Sector,124,-4.3,Snow,175000,9900,2024-03-08
RT-110,South-Central West Sector,157,-3.3,Snow,210000,12500,2024-03-08
RT-103,North East Sector,809,14.1,Fog,135000,7500,2024-03-08
RT-107,South East Sector,416,26.7,Clear,182000,10400,2024-03-08
RT-101,Central East Sector,558,15.8,Fog,340000,20200,2024-03-08
RT-106,North-Central West Sector,350,21.6,Rain,195000,11200,2024-03-08
RT-101,Central East Sector,864,19.8,Rain,340000,20200,2024-03-08
RT-107,South East Sector,102,19.8,Rain,182000,10400,2024-03-08
RT-110,South-Central West Sector,135,29.4,Clear,210000,12500,2024-03-08
RT-106,North-Central West Sector,280,14.3,Fog,195000,11200,2024-03-08
RT-108,South West Sector,286,31.0,Clear,145000,8200,2024-03-08
RT-101,Central East Sector,520,1.0,Snow,340000,20200,2024-03-08
RT-102,Central West Sector,100,28.7,Clear,310000,18500,2024-03-08
RT-105,North-Central East Sector,134,17.6,Fog,175000,9900,2024-03-08
RT-106,North-Central West Sector,104,1.2,Snow,195000,11200,2024-03-08
RT-101,Central East Sector,395,23.9,Clear,340000,20200,2024-03-08
RT-106,North-Central West Sector,314,22.8,Clear,195000,11200,2024-03-08
RT-110,South-Central West Sector,682,19.4,Rain,210000,12500,2024-03-08
RT-104,North West Sector,678,29.9,Clear,120000,6800,2024-03-08
RT-102,Central West Sector,1324,22.3,Clear,310000,18500,2024-03-08
RT-104,North West Sector,252,27.8,Clear,120000,6800,2024-03-08
RT-103,North East Sector,700,24.0,Rain,135000,7500,2024-03-08
RT-106,North-Central West Sector,471,1.0,Snow,195000,11200,2024-03-08
RT-108,South West Sector,320,17.1,Fog,145000,8200,2024-03-08
RT-107,South East Sector,288,14.4,Fog,182000,10400,2024-03-08
RT-103,North East Sector,311,0.8,Snow,135000,7500,2024-03-08
RT-106,North-Central West Sector,224,28.0,Clear,195000,11200,2024-03-08
RT-109,South-Central East Sector,876,23.1,Clear,230000,13800,2024-03-08
RT-104,North West Sector,541,-4.3,Snow,120000,6800,2024-03-08
RT-106,North-Central West Sector,1160,31.1,Clear,195000,11200,2024-03-08
RT-110,South-Central West Sector,251,18.0,Fog,210000,12500,2024-03-08
RT-104,North West Sector,1234,23.0,Rain,120000,6800,2024-03-08
RT-102,Central West Sector,307,19.3,Fog,310000,18500,2024-03-08
RT-108,South West Sector,566,17.4,Fog,145000,8200,2024-03-08
RT-110,South-Central West Sector,271,21.1,Rain,210000,12500,2024-03-08
RT-102,Central West Sector,325,20.6,Rain,310000,18500,2024-03-08
RT-105,North-Central East Sector,632,25.2,Clear,175000,9900,2024-03-08
RT-110,South-Central West Sector,126,16.6,Fog,210000,12500,2024-03-08
RT-105,North-Central East Sector,252,0.4,Snow,175000,9900,2024-03-08
RT-110,South-Central West Sector,370,21.6,Rain,210000,12500,2024-03-08
RT-103,North East Sector,638,19.4,Fog,135000,7500,2024-03-08
RT-102,Central West Sector,106,-1.9,Snow,310000,18500,2024-03-08
RT-104,North West Sector,767,21.6,Rain,120000,6800,2024-03-08
RT-107,South East Sector,431,17.8,Fog,182000,10400,2024-03-08
RT-107,South East Sector,366,21.6,Rain,182000,10400,2024-03-08
RT-110,South-Central West Sector,249,-0.1,Snow,210000,12500,2024-03-08
RT-109,South-Central East Sector,102,15.4,Fog,230000,13800,2024-03-08
RT-106,North-Central West Sector,200,27.1,Clear,195000,11200,2024-03-08
RT-110,South-Central West Sector,419,14.6,Fog,210000,12500,2024-03-08
RT-105,North-Central East Sector,260,16.3,Fog,175000,9900,2024-03-08
RT-108,South West Sector,480,-1.6,Snow,145000,8200,2024-03-08
RT-107,South East Sector,416,28.5,Clear,182000,10400,2024-03-08
RT-102,Central West Sector,638,1.7,Snow,310000,18500,2024-03-08
RT-106,North-Central West Sector,824,21.6,Rain,195000,11200,2024-03-08
RT-108,South West Sector,305,18.5,Fog,145000,8200,2024-03-08
RT-102,Central West Sector,270,27.1,Clear,310000,18500,2024-03-08
RT-110,South-Central West Sector,800,-0.6,Snow,210000,12500,2024-03-08
RT-107,South East Sector,236,22.7,Clear,182000,10400,2024-03-08
RT-105,North-Central East Sector,636,-3.2,Snow,175000,9900,2024-03-08
RT-102,Central West Sector,284,20.2,Rain,310000,18500,2024-03-08
RT-103,North East Sector,141,16.8,Fog,135000,7500,2024-03-08
RT-104,North West Sector,496,18.3,Rain,120000,6800,2024-03-08
RT-106,North-Central West Sector,224,14.8,Fog,195000,11200,2024-03-08
RT-108,South West Sector,412,19.7,Rain,145000,8200,2024-03-08
RT-108,South West Sector,94,1.8,Snow,145000,8200,2024-03-08
RT-101,Central East Sector,310,25.3,Clear,340000,20200,2024-03-08
RT-106,North-Central West Sector,724,-1.6,Snow,195000,11200,2024-03-08
RT-101,Central East Sector,612,15.2,Fog,340000,20200,2024-03-08
RT-107,South East Sector,582,-0.7,Snow,182000,10400,2024-03-08
RT-104,North West Sector,197,-3.0,Snow,120000,6800,2024-03-08
RT-108,South West Sector,307,24.1,Clear,145000,8200,2024-03-08
RT-104,North West Sector,522,21.1,Rain,120000,6800,2024-03-08
RT-103,North East Sector,204,14.0,Fog,135000,7500,2024-03-08
RT-109,South-Central East Sector,698,-4.9,Snow,230000,13800,2024-03-08
RT-107,South East Sector,178,-3.5,Snow,182000,10400,2024-03-08
RT-107,South East Sector,230,-4.7,Snow,182000,10400,2024-03-08
RT-109,South-Central East Sector,313,23.1,Clear,230000,13800,2024-03-08
RT-105,North-Central East Sector,682,25.4,Clear,175000,9900,2024-03-08
RT-110,South-Central West Sector,196,0.6,Snow,210000,12500,2024-03-08
RT-105,North-Central East Sector,656,21.4,Rain,175000,9900,2024-03-08
RT-106,North-Central West Sector,380,21.1,Rain,195000,11200,2024-03-08
RT-106,North-Central West Sector,714,-2.9,Snow,195000,11200,2024-03-08
RT-101,Central East Sector,198,23.6,Rain,340000,20200,2024-03-09
RT-105,North-Central East Sector,462,-2.2,Snow,175000,9900,2024-03-09
RT-102,Central West Sector,286,22.9,Clear,310000,18500,2024-03-09
RT-110,South-Central West Sector,254,21.7,Rain,210000,12500,2024-03-09
RT-104,North West Sector,280,14.7,Fog,120000,6800,2024-03-09
RT-106,North-Central West Sector,94,20.1,Rain,195000,11200,2024-03-09
RT-105,North-Central East Sector,440,-1.4,Snow,175000,9900,2024-03-09
RT-110,South-Central West Sector,430,30.7,Clear,210000,12500,2024-03-09
RT-110,South-Central West Sector,275,26.9,Clear,210000,12500,2024-03-09
RT-101,Central East Sector,307,18.2,Fog,340000,20200,2024-03-09
RT-102,Central West Sector,397,1.9,Snow,310000,18500,2024-03-09
RT-104,North West Sector,1102,23.3,Clear,120000,6800,2024-03-09
RT-106,North-Central West Sector,119,24.7,Clear,195000,11200,2024-03-09
RT-103,North East Sector,190,16.4,Fog,135000,7500,2024-03-09
RT-107,South East Sector,288,-2.0,Snow,182000,10400,2024-03-09
RT-102,Central West Sector,266,16.5,Fog,310000,18500,2024-03-09
RT-108,South West Sector,186,31.1,Clear,145000,8200,2024-03-09
RT-103,North East Sector,554,-0.0,Snow,135000,7500,2024-03-09
RT-107,South East Sector,514,21.6,Rain,182000,10400,2024-03-09
RT-104,North West Sector,524,19.9,Rain,120000,6800,2024-03-09
RT-108,South West Sector,282,30.2,Clear,145000,8200,2024-03-09
RT-110,South-Central West Sector,61,1.7,Snow,210000,12500,2024-03-09
RT-110,South-Central West Sector,116,18.9,Fog,210000,12500,2024-03-09
RT-106,North-Central West Sector,50,-5.0,Snow,195000,11200,2024-03-09
RT-102,Central West Sector,167,28.4,Clear,310000,18500,2024-03-09
RT-107,South East Sector,458,-4.6,Snow,182000,10400,2024-03-09
RT-104,North West Sector,360,-3.2,Snow,120000,6800,2024-03-09
RT-109,South-Central East Sector,438,18.4,Rain,230000,13800,2024-03-09
RT-108,South West Sector,794,21.6,Rain,145000,8200,2024-03-09
RT-103,North East Sector,326,18.1,Fog,135000,7500,2024-03-09
RT-107,South East Sector,420,14.7,Fog,182000,10400,2024-03-09
RT-110,South-Central West Sector,229,16.3,Fog,210000,12500,2024-03-09
RT-104,North West Sector,270,16.7,Fog,120000,6800,2024-03-09
RT-104,North West Sector,110,-2.4,Snow,120000,6800,2024-03-09
RT-107,South East Sector,322,18.7,Rain,182000,10400,2024-03-09
RT-101,Central East Sector,706,26.2,Clear,340000,20200,2024-03-09
RT-105,North-Central East Sector,244,22.5,Rain,175000,9900,2024-03-09
RT-109,South-Central East Sector,331,-4.5,Snow,230000,13800,2024-03-09
RT-101,Central East Sector,162,-4.4,Snow,340000,20200,2024-03-09
RT-106,North-Central West Sector,74,-2.5,Snow,195000,11200,2024-03-09
RT-107,South East Sector,262,19.7,Fog,182000,10400,2024-03-09
RT-110,South-Central West Sector,349,-0.3,Snow,210000,12500,2024-03-09
RT-106,North-Central West Sector,724,28.8,Clear,195000,11200,2024-03-09
RT-101,Central East Sector,458,16.2,Fog,340000,20200,2024-03-09
RT-106,North-Central West Sector,418,-0.8,Snow,195000,11200,2024-03-09
RT-102,Central West Sector,106,18.1,Rain,310000,18500,2024-03-09
RT-110,South-Central West Sector,276,-0.5,Snow,210000,12500,2024-03-09
RT-105,North-Central East Sector,288,1.4,Snow,175000,9900,2024-03-09
RT-102,Central West Sector,542,17.7,Fog,310000,18500,2024-03-09
RT-106,North-Central West Sector,476,1.1,Snow,195000,11200,2024-03-09
RT-108,South West Sector,131,18.3,Fog,145000,8200,2024-03-09
RT-101,Central East Sector,813,23.2,Clear,340000,20200,2024-03-09
RT-107,South East Sector,1348,23.4,Rain,182000,10400,2024-03-09
RT-105,North-Central East Sector,760,-4.5,Snow,175000,9900,2024-03-09
RT-101,Central East Sector,364,21.2,Rain,340000,20200,2024-03-09
RT-105,North-Central East Sector,116,-4.0,Snow,175000,9900,2024-03-09
RT-108,South West Sector,238,-4.9,Snow,145000,8200,2024-03-09
RT-106,North-Central West Sector,82,-2.0,Snow,195000,11200,2024-03-09
RT-105,North-Central East Sector,88,15.8,Fog,175000,9900,2024-03-09
RT-109,South-Central East Sector,498,16.9,Fog,230000,13800,2024-03-09
RT-107,South East Sector,228,21.5,Rain,182000,10400,2024-03-09
RT-101,Central East Sector,120,-4.7,Snow,340000,20200,2024-03-09
RT-102,Central West Sector,322,23.2,Clear,310000,18500,2024-03-09
RT-107,South East Sector,638,-1.1,Snow,182000,10400,2024-03-09
RT-103,North East Sector,267,25.4,Clear,135000,7500,2024-03-09
RT-102,Central West Sector,1260,22.4,Rain,310000,18500,2024-03-09
RT-110,South-Central West Sector,328,-0.4,Snow,210000,12500,2024-03-09
RT-109,South-Central East Sector,460,23.1,Rain,230000,13800,2024-03-09
RT-103,North East Sector,298,22.2,Rain,135000,7500,2024-03-09
RT-108,South West Sector,262,20.6,Rain,145000,8200,2024-03-09
RT-109,South-Central East Sector,392,22.0,Rain,230000,13800,2024-03-09
RT-110,South-Central West Sector,114,19.7,Rain,210000,12500,2024-03-09
RT-107,South East Sector,216,15.8,Fog,182000,10400,2024-03-09
RT-108,South West Sector,150,29.9,Clear,145000,8200,2024-03-09
RT-102,Central West Sector,520,26.5,Clear,310000,18500,2024-03-09
RT-101,Central East Sector,280,30.0,Clear,340000,20200,2024-03-09
RT-110,South-Central West Sector,464,22.9,Rain,210000,12500,2024-03-09
RT-109,South-Central East Sector,382,30.6,Clear,230000,13800,2024-03-09
RT-109,South-Central East Sector,672,1.4,Snow,230000,13800,2024-03-09
RT-101,Central East Sector,450,26.3,Clear,340000,20200,2024-03-09
RT-101,Central East Sector,662,15.9,Fog,340000,20200,2024-03-09
RT-109,South-Central East Sector,103,17.5,Fog,230000,13800,2024-03-09
RT-103,North East Sector,391,25.7,Clear,135000,7500,2024-03-09
RT-110,South-Central West Sector,1172,17.6,Fog,210000,12500,2024-03-09
RT-109,South-Central East Sector,198,18.2,Fog,230000,13800,2024-03-09
RT-108,South West Sector,374,28.9,Clear,145000,8200,2024-03-09
RT-109,South-Central East Sector,656,20.2,Rain,230000,13800,2024-03-09
RT-102,Central West Sector,188,23.7,Clear,310000,18500,2024-03-09
RT-104,North West Sector,575,16.6,Fog,120000,6800,2024-03-09
RT-102,Central West Sector,466,18.9,Rain,310000,18500,2024-03-09
RT-108,South West Sector,125,19.3,Fog,145000,8200,2024-03-09
RT-106,North-Central West Sector,357,-2.6,Snow,195000,11200,2024-03-09
RT-104,North West Sector,249,18.9,Rain,120000,6800,2024-03-09
RT-108,South West Sector,236,22.3,Clear,145000,8200,2024-03-09
RT-102,Central West Sector,568,21.9,Rain,310000,18500,2024-03-09
RT-107,South East Sector,214,-0.5,Snow,182000,10400,2024-03-09
RT-108,South West Sector,203,-2.6,Snow,145000,8200,2024-03-09
RT-105,North-Central East Sector,778,22.7,Clear,175000,9900,2024-03-09
RT-104,North West Sector,254,-2.1,Snow,120000,6800,2024-03-09
RT-103,North East Sector,476,-2.8,Snow,135000,7500,2024-03-09
RT-105,North-Central East Sector,171,28.8,Clear,175000,9900,2024-03-09
RT-104,North West Sector,189,21.6,Rain,120000,6800,2024-03-09
RT-109,South-Central East Sector,428,16.2,Fog,230000,13800,2024-03-09
RT-102,Central West Sector,918,15.3,Fog,310000,18500,2024-03-09
RT-104,North West Sector,382,19.9,Fog,120000,6800,2024-03-09
RT-107,South East Sector,156,16.7,Fog,182000,10400,2024-03-09
RT-106,North-Central West Sector,536,-0.2,Snow,195000,11200,2024-03-09
RT-106,North-Central West Sector,352,23.4,Clear,195000,11200,2024-03-09
RT-103,North East Sector,43,26.9,Clear,135000,7500,2024-03-09
RT-104,North West Sector,866,22.3,Clear,120000,6800,2024-03-09
RT-104,North West Sector,276,17.0,Fog,120000,6800,2024-03-09
RT-103,North East Sector,234,1.7,Snow,135000,7500,2024-03-09
RT-103,North East Sector,318,-2.3,Snow,135000,7500,2024-03-09
RT-110,South-Central West Sector,109,22.4,Clear,210000,12500,2024-03-09
RT-105,North-Central East Sector,26,-4.8,Snow,175000,9900,2024-03-09
RT-106,North-Central West Sector,694,16.3,Fog,195000,11200,2024-03-09
RT-103,North East Sector,79,19.0,Rain,135000,7500,2024-03-09
RT-102,Central West Sector,588,22.2,Clear,310000,18500,2024-03-09
RT-105,North-Central East Sector,329,22.5,Rain,175000,9900,2024-03-09
RT-104,North West Sector,66,16.8,Fog,120000,6800,2024-03-09
RT-107,South East Sector,438,19.7,Rain,182000,10400,2024-03-09
RT-108,South West Sector,72,19.4,Fog,145000,8200,2024-03-09
RT-110,South-Central West Sector,113,-4.2,Snow,210000,12500,2024-03-09
RT-106,North-Central West Sector,407,31.6,Clear,195000,11200,2024-03-09
RT-110,South-Central West Sector,454,25.1,Clear,210000,12500,2024-03-09
RT-102,Central West Sector,406,1.2,Snow,310000,18500,2024-03-09
RT-106,North-Central West Sector,399,17.6,Fog,195000,11200,2024-03-09
RT-110,South-Central West Sector,304,19.0,Fog,210000,12500,2024-03-09
RT-110,South-Central West Sector,339,19.9,Fog,210000,12500,2024-03-09
RT-102,Central West Sector,259,24.9,Clear,310000,18500,2024-03-09
RT-102,Central West Sector,172,23.8,Rain,310000,18500,2024-03-09
RT-104,North West Sector,489,25.9,Clear,120000,6800,2024-03-09
RT-102,Central West Sector,407,-2.3,Snow,310000,18500,2024-03-09
RT-110,South-Central West Sector,190,-2.6,Snow,210000,12500,2024-03-09
RT-101,Central East Sector,354,27.4,Clear,340000,20200,2024-03-09
RT-103,North East Sector,417,14.9,Fog,135000,7500,2024-03-09
RT-108,South West Sector,486,21.3,Rain,145000,8200,2024-03-09
RT-102,Central West Sector,124,17.3,Fog,310000,18500,2024-03-09
RT-109,South-Central East Sector,239,18.6,Fog,230000,13800,2024-03-09
RT-106,North-Central West Sector,100,23.0,Rain,195000,11200,2024-03-09
RT-108,South West Sector,277,20.6,Rain,145000,8200,2024-03-09
RT-103,North East Sector,572,15.8,Fog,135000,7500,2024-03-09
RT-104,North West Sector,302,-3.2,Snow,120000,6800,2024-03-09
RT-104,North West Sector,360,23.9,Clear,120000,6800,2024-03-09
RT-109,South-Central East Sector,420,-4.6,Snow,230000,13800,2024-03-09
RT-102,Central West Sector,314,16.1,Fog,310000,18500,2024-03-09
RT-105,North-Central East Sector,224,15.6,Fog,175000,9900,2024-03-09
RT-105,North-Central East Sector,652,19.8,Fog,175000,9900,2024-03-09
RT-107,South East Sector,181,27.6,Clear,182000,10400,2024-03-09
RT-101,Central East Sector,288,-2.6,Snow,340000,20200,2024-03-09
RT-104,North West Sector,468,27.8,Clear,120000,6800,2024-03-09
RT-101,Central East Sector,412,14.8,Fog,340000,20200,2024-03-09
RT-110,South-Central West Sector,248,20.7,Rain,210000,12500,2024-03-09
RT-109,South-Central East Sector,148,21.8,Rain,230000,13800,2024-03-09
RT-104,North West Sector,229,26.9,Clear,120000,6800,2024-03-09
RT-108,South West Sector,240,-2.2,Snow,145000,8200,2024-03-09
RT-106,North-Central West Sector,514,20.0,Fog,195000,11200,2024-03-09
RT-109,South-Central East Sector,115,23.3,Rain,230000,13800,2024-03-09
RT-109,South-Central East Sector,1058,17.7,Fog,230000,13800,2024-03-09
RT-109,South-Central East Sector,372,21.4,Rain,230000,13800,2024-03-09
RT-103,North East Sector,440,-0.7,Snow,135000,7500,2024-03-09
RT-101,Central East Sector,191,15.2,Fog,340000,20200,2024-03-09
RT-109,South-Central East Sector,395,-2.2,Snow,230000,13800,2024-03-09
RT-110,South-Central West Sector,628,-4.7,Snow,210000,12500,2024-03-09
RT-107,South East Sector,274,-1.7,Snow,182000,10400,2024-03-09
RT-107,South East Sector,213,21.3,Rain,182000,10400,2024-03-09
RT-104,North West Sector,564,19.4,Rain,120000,6800,2024-03-09
RT-104,North West Sector,318,23.8,Rain,120000,6800,2024-03-09
RT-101,Central East Sector,786,19.5,Fog,340000,20200,2024-03-09
RT-101,Central East Sector,220,29.2,Clear,340000,20200,2024-03-09
RT-101,Central East Sector,200,-1.3,Snow,340000,20200,2024-03-09
RT-107,South East Sector,136,30.7,Clear,182000,10400,2024-03-09
RT-107,South East Sector,334,-4.1,Snow,182000,10400,2024-03-09
RT-106,North-Central West Sector,158,22.7,Rain,195000,11200,2024-03-09
RT-103,North East Sector,831,23.2,Clear,135000,7500,2024-03-09
RT-110,South-Central West Sector,678,18.8,Fog,210000,12500,2024-03-09
RT-106,North-Central West Sector,166,-3.1,Snow,195000,11200,2024-03-09
RT-106,North-Central West Sector,108,30.8,Clear,195000,11200,2024-03-09
RT-102,Central West Sector,574,19.7,Fog,310000,18500,2024-03-09
RT-109,South-Central East Sector,252,-4.0,Snow,230000,13800,2024-03-09
RT-108,South West Sector,400,26.6,Clear,145000,8200,2024-03-09
RT-105,North-Central East Sector,284,23.9,Rain,175000,9900,2024-03-09
RT-101,Central East Sector,554,26.8,Clear,340000,20200,2024-03-09
RT-103,North East Sector,290,30.6,Clear,135000,7500,2024-03-09
RT-108,South West Sector,388,21.5,Rain,145000,8200,2024-03-09
RT-101,Central East Sector,1067,20.3,Rain,340000,20200,2024-03-09
RT-103,North East Sector,311,19.7,Rain,135000,7500,2024-03-09
RT-106,North-Central West Sector,201,15.2,Fog,195000,11200,2024-03-09
RT-102,Central West Sector,181,22.6,Rain,310000,18500,2024-03-09
RT-105,North-Central East Sector,584,16.3,Fog,175000,9900,2024-03-09
RT-110,South-Central West Sector,348,21.1,Rain,210000,12500,2024-03-09
RT-107,South East Sector,207,21.0,Rain,182000,10400,2024-03-09
RT-108,South West Sector,358,-1.0,Snow,145000,8200,2024-03-09
RT-104,North West Sector,789,30.7,Clear,120000,6800,2024-03-09
RT-108,South West Sector,279,23.9,Rain,145000,8200,2024-03-09
RT-106,North-Central West Sector,718,26.1,Clear,195000,11200,2024-03-09
RT-101,Central East Sector,348,19.0,Fog,340000,20200,2024-03-09
RT-109,South-Central East Sector,736,22.6,Rain,230000,13800,2024-03-09
RT-101,Central East Sector,183,-1.0,Snow,340000,20200,2024-03-09
RT-103,North East Sector,280,23.7,Rain,135000,7500,2024-03-09
RT-103,North East Sector,456,-3.6,Snow,135000,7500,2024-03-09
RT-106,North-Central West Sector,496,18.7,Rain,195000,11200,2024-03-09
RT-108,South West Sector,698,19.1,Fog,145000,8200,2024-03-09
RT-105,North-Central East Sector,275,20.6,Rain,175000,9900,2024-03-09
RT-105,North-Central East Sector,380,0.9,Snow,175000,9900,2024-03-09
RT-102,Central West Sector,740,19.4,Fog,310000,18500,2024-03-09
RT-101,Central East Sector,269,-4.6,Snow,340000,20200,2024-03-09
RT-106,North-Central West Sector,660,23.3,Rain,195000,11200,2024-03-09
RT-110,South-Central West Sector,220,-1.9,Snow,210000,12500,2024-03-09
RT-105,North-Central East Sector,378,-1.4,Snow,175000,9900,2024-03-09
RT-110,South-Central West Sector,360,28.3,Clear,210000,12500,2024-03-09
RT-109,South-Central East Sector,623,31.3,Clear,230000,13800,2024-03-09
RT-103,North East Sector,371,14.1,Fog,135000,7500,2024-03-09
RT-102,Central West Sector,109,26.8,Clear,310000,18500,2024-03-09
RT-106,North-Central West Sector,782,18.1,Fog,195000,11200,2024-03-09
RT-108,South West Sector,285,18.3,Fog,145000,8200,2024-03-09
RT-101,Central East Sector,383,28.9,Clear,340000,20200,2024-03-09
RT-107,South East Sector,332,-4.1,Snow,182000,10400,2024-03-09
RT-109,South-Central East Sector,556,-2.9,Snow,230000,13800,2024-03-09
RT-101,Central East Sector,228,16.2,Fog,340000,20200,2024-03-09
RT-106,North-Central West Sector,89,30.0,Clear,195000,11200,2024-03-09
RT-110,South-Central West Sector,282,15.7,Fog,210000,12500,2024-03-09
RT-107,South East Sector,482,-3.5,Snow,182000,10400,2024-03-09
RT-108,South West Sector,380,31.6,Clear,145000,8200,2024-03-09
RT-109,South-Central East Sector,454,22.1,Clear,230000,13800,2024-03-09
RT-106,North-Central West Sector,412,2.0,Snow,195000,11200,2024-03-09
RT-107,South East Sector,166,18.1,Fog,182000,10400,2024-03-09
RT-103,North East Sector,413,23.0,Rain,135000,7500,2024-03-09
RT-101,Central East Sector,240,-2.9,Snow,340000,20200,2024-03-09
RT-103,North East Sector,574,18.1,Rain,135000,7500,2024-03-09
RT-106,North-Central West Sector,640,22.4,Rain,195000,11200,2024-03-09
RT-102,Central West Sector,606,23.0,Rain,310000,18500,2024-03-09
RT-107,South East Sector,1032,18.4,Fog,182000,10400,2024-03-09
RT-108,South West Sector,366,23.4,Clear,145000,8200,2024-03-09
RT-109,South-Central East Sector,686,29.5,Clear,230000,13800,2024-03-09
RT-104,North West Sector,198,18.6,Fog,120000,6800,2024-03-09
RT-107,South East Sector,439,18.0,Fog,182000,10400,2024-03-09
RT-110,South-Central West Sector,245,29.7,Clear,210000,12500,2024-03-09
RT-107,South East Sector,302,0.9,Snow,182000,10400,2024-03-09
RT-109,South-Central East Sector,448,21.7,Rain,230000,13800,2024-03-09
RT-107,South East Sector,136,22.9,Clear,182000,10400,2024-03-09
RT-110,South-Central West Sector,438,16.9,Fog,210000,12500,2024-03-09
RT-106,North-Central West Sector,846,-4.5,Snow,195000,11200,2024-03-09
RT-106,North-Central West Sector,230,16.4,Fog,195000,11200,2024-03-09
RT-107,South East Sector,743,26.1,Clear,182000,10400,2024-03-09
RT-110,South-Central West Sector,370,14.4,Fog,210000,12500,2024-03-09
RT-107,South East Sector,1168,-2.6,Snow,182000,10400,2024-03-09
RT-108,South West Sector,244,23.1,Clear,145000,8200,2024-03-09
RT-107,South East Sector,498,22.8,Rain,182000,10400,2024-03-09
RT-108,South West Sector,88,23.7,Rain,145000,8200,2024-03-09
RT-107,South East Sector,156,14.4,Fog,182000,10400,2024-03-09
RT-103,North East Sector,506,1.7,Snow,135000,7500,2024-03-09
RT-102,Central West Sector,247,-1.3,Snow,310000,18500,2024-03-09
RT-101,Central East Sector,488,15.8,Fog,340000,20200,2024-03-09
RT-110,South-Central West Sector,358,18.5,Rain,210000,12500,2024-03-09
RT-105,North-Central East Sector,368,-1.5,Snow,175000,9900,2024-03-09
RT-105,North-Central East Sector,276,29.9,Clear,175000,9900,2024-03-09
RT-109,South-Central East Sector,494,-0.1,Snow,230000,13800,2024-03-09
RT-107,South East Sector,216,22.5,Clear,182000,10400,2024-03-09
RT-106,North-Central West Sector,560,18.4,Rain,195000,11200,2024-03-09
RT-101,Central East Sector,50,26.0,Clear,340000,20200,2024-03-09
RT-110,South-Central West Sector,395,15.8,Fog,210000,12500,2024-03-09
RT-103,North East Sector,188,15.4,Fog,135000,7500,2024-03-09
RT-101,Central East Sector,81,15.7,Fog,340000,20200,2024-03-09
RT-101,Central East Sector,531,22.8,Rain,340000,20200,2024-03-09
RT-109,South-Central East Sector,85,23.6,Rain,230000,13800,2024-03-09
RT-104,North West Sector,233,-2.2,Snow,120000,6800,2024-03-09
RT-105,North-Central East Sector,252,19.4,Fog,175000,9900,2024-03-09
RT-104,North West Sector,415,15.9,Fog,120000,6800,2024-03-09
RT-105,North-Central East Sector,252,20.9,Rain,175000,9900,2024-03-09
RT-106,North-Central West Sector,374,19.4,Rain,195000,11200,2024-03-09
RT-104,North West Sector,230,28.4,Clear,120000,6800,2024-03-09
RT-107,South East Sector,260,31.8,Clear,182000,10400,2024-03-09
RT-106,North-Central West Sector,102,17.6,Fog,195000,11200,2024-03-09
RT-110,South-Central West Sector,1310,16.1,Fog,210000,12500,2024-03-09
RT-103,North East Sector,536,17.9,Fog,135000,7500,2024-03-09
RT-110,South-Central West Sector,500,-4.1,Snow,210000,12500,2024-03-09
RT-104,North West Sector,320,19.3,Fog,120000,6800,2024-03-09
RT-108,South West Sector,431,21.0,Rain,145000,8200,2024-03-09
RT-109,South-Central East Sector,105,26.5,Clear,230000,13800,2024-03-09
RT-104,North West Sector,212,21.5,Rain,120000,6800,2024-03-09
RT-106,North-Central West Sector,78,28.2,Clear,195000,11200,2024-03-09
RT-105,North-Central East Sector,208,14.4,Fog,175000,9900,2024-03-09
RT-106,North-Central West Sector,216,22.1,Rain,195000,11200,2024-03-09
RT-102,Central West Sector,396,-3.3,Snow,310000,18500,2024-03-09
RT-102,Central West Sector,296,29.1,Clear,310000,18500,2024-03-09
RT-106,North-Central West Sector,356,30.2,Clear,195000,11200,2024-03-09
RT-107,South East Sector,931,18.8,Fog,182000,10400,2024-03-09
RT-105,North-Central East Sector,464,27.5,Clear,175000,9900,2024-03-10
RT-102,Central West Sector,160,21.1,Rain,310000,18500,2024-03-10
RT-105,North-Central East Sector,116,23.4,Clear,175000,9900,2024-03-10
RT-103,North East Sector,574,29.8,Clear,135000,7500,2024-03-10
RT-101,Central East Sector,176,19.6,Rain,340000,20200,2024-03-10
RT-107,South East Sector,136,17.0,Fog,182000,10400,2024-03-10
RT-105,North-Central East Sector,272,24.8,Clear,175000,9900,2024-03-10
RT-108,South West Sector,310,14.8,Fog,145000,8200,2024-03-10
RT-110,South-Central West Sector,636,28.3,Clear,210000,12500,2024-03-10
RT-105,North-Central East Sector,413,22.5,Clear,175000,9900,2024-03-10
RT-107,South East Sector,292,22.5,Rain,182000,10400,2024-03-10
RT-101,Central East Sector,420,19.9,Rain,340000,20200,2024-03-10
RT-110,South-Central West Sector,100,22.0,Clear,210000,12500,2024-03-10
RT-105,North-Central East Sector,526,17.1,Fog,175000,9900,2024-03-10
RT-101,Central East Sector,266,14.3,Fog,340000,20200,2024-03-10
RT-107,South East Sector,580,15.7,Fog,182000,10400,2024-03-10
RT-103,North East Sector,323,22.2,Rain,135000,7500,2024-03-10
RT-106,North-Central West Sector,314,-4.6,Snow,195000,11200,2024-03-10
RT-106,North-Central West Sector,378,0.9,Snow,195000,11200,2024-03-10
RT-110,South-Central West Sector,210,18.0,Rain,210000,12500,2024-03-10
RT-105,North-Central East Sector,950,19.5,Rain,175000,9900,2024-03-10
RT-101,Central East Sector,288,29.4,Clear,340000,20200,2024-03-10
RT-107,South East Sector,440,19.9,Rain,182000,10400,2024-03-10
RT-104,North West Sector,186,23.0,Clear,120000,6800,2024-03-10
RT-106,North-Central West Sector,382,25.6,Clear,195000,11200,2024-03-10
RT-110,South-Central West Sector,506,19.6,Rain,210000,12500,2024-03-10
RT-101,Central East Sector,920,23.1,Rain,340000,20200,2024-03-10
RT-110,South-Central West Sector,116,15.9,Fog,210000,12500,2024-03-10
RT-106,North-Central West Sector,684,0.5,Snow,195000,11200,2024-03-10
RT-103,North East Sector,456,1.2,Snow,135000,7500,2024-03-10
RT-103,North East Sector,286,26.3,Clear,135000,7500,2024-03-10
RT-104,North West Sector,396,19.5,Fog,120000,6800,2024-03-10
RT-108,South West Sector,356,20.3,Rain,145000,8200,2024-03-10
RT-105,North-Central East Sector,158,19.8,Fog,175000,9900,2024-03-10
RT-110,South-Central West Sector,661,22.9,Clear,210000,12500,2024-03-10
RT-102,Central West Sector,454,28.9,Clear,310000,18500,2024-03-10
RT-103,North East Sector,1212,26.9,Clear,135000,7500,2024-03-10
RT-107,South East Sector,864,16.3,Fog,182000,10400,2024-03-10
RT-108,South West Sector,222,17.8,Fog,145000,8200,2024-03-10
RT-101,Central East Sector,598,-0.1,Snow,340000,20200,2024-03-10
RT-105,North-Central East Sector,262,22.0,Clear,175000,9900,2024-03-10
RT-110,South-Central West Sector,518,23.7,Clear,210000,12500,2024-03-10
RT-104,North West Sector,286,29.1,Clear,120000,6800,2024-03-10
RT-102,Central West Sector,214,22.0,Rain,310000,18500,2024-03-10
RT-108,South West Sector,406,31.7,Clear,145000,8200,2024-03-10
RT-102,Central West Sector,178,0.3,Snow,310000,18500,2024-03-10
RT-105,North-Central East Sector,234,19.7,Fog,175000,9900,2024-03-10
RT-106,North-Central West Sector,68,29.0,Clear,195000,11200,2024-03-10
RT-106,North-Central West Sector,492,-2.9,Snow,195000,11200,2024-03-10
RT-105,North-Central East Sector,223,-4.3,Snow,175000,9900,2024-03-10
RT-102,Central West Sector,632,22.7,Rain,310000,18500,2024-03-10
RT-108,South West Sector,28,28.4,Clear,145000,8200,2024-03-10
RT-105,North-Central East Sector,286,-4.7,Snow,175000,9900,2024-03-10
RT-104,North West Sector,232,16.2,Fog,120000,6800,2024-03-10
RT-109,South-Central East Sector,730,23.7,Rain,230000,13800,2024-03-10
RT-110,South-Central West Sector,242,17.0,Fog,210000,12500,2024-03-10
RT-104,North West Sector,218,26.3,Clear,120000,6800,2024-03-10
RT-102,Central West Sector,408,20.7,Rain,310000,18500,2024-03-10
RT-110,South-Central West Sector,364,-3.5,Snow,210000,12500,2024-03-10
RT-102,Central West Sector,235,-2.4,Snow,310000,18500,2024-03-10
RT-108,South West Sector,410,25.7,Clear,145000,8200,2024-03-10
RT-103,North East Sector,144,-4.6,Snow,135000,7500,2024-03-10
RT-110,South-Central West Sector,905,22.6,Rain,210000,12500,2024-03-10
RT-108,South West Sector,296,-2.1,Snow,145000,8200,2024-03-10
RT-106,North-Central West Sector,488,22.9,Rain,195000,11200,2024-03-10
RT-107,South East Sector,286,23.1,Rain,182000,10400,2024-03-10
RT-103,North East Sector,176,15.3,Fog,135000,7500,2024-03-10
RT-105,North-Central East Sector,250,-0.4,Snow,175000,9900,2024-03-10
RT-103,North East Sector,238,-1.7,Snow,135000,7500,2024-03-10
RT-108,South West Sector,294,30.8,Clear,145000,8200,2024-03-10
RT-103,North East Sector,707,15.3,Fog,135000,7500,2024-03-10
RT-110,South-Central West Sector,304,22.1,Rain,210000,12500,2024-03-10
RT-101,Central East Sector,460,21.6,Rain,340000,20200,2024-03-10
RT-101,Central East Sector,416,19.8,Rain,340000,20200,2024-03-10
RT-105,North-Central East Sector,268,-4.0,Snow,175000,9900,2024-03-10
RT-103,North East Sector,212,21.9,Rain,135000,7500,2024-03-10
RT-109,South-Central East Sector,401,22.4,Rain,230000,13800,2024-03-10
RT-102,Central West Sector,221,-2.8,Snow,310000,18500,2024-03-10
RT-105,North-Central East Sector,755,28.4,Clear,175000,9900,2024-03-10
RT-102,Central West Sector,482,16.4,Fog,310000,18500,2024-03-10
RT-101,Central East Sector,386,-0.0,Snow,340000,20200,2024-03-10
RT-109,South-Central East Sector,486,15.2,Fog,230000,13800,2024-03-10
RT-103,North East Sector,210,1.2,Snow,135000,7500,2024-03-10
RT-103,North East Sector,282,24.9,Clear,135000,7500,2024-03-10
RT-105,North-Central East Sector,156,25.7,Clear,175000,9900,2024-03-10
RT-108,South West Sector,1142,-4.6,Snow,145000,8200,2024-03-10
RT-105,North-Central East Sector,372,23.1,Clear,175000,9900,2024-03-10
RT-105,North-Central East Sector,265,17.1,Fog,175000,9900,2024-03-10
RT-106,North-Central West Sector,882,15.6,Fog,195000,11200,2024-03-10
RT-106,North-Central West Sector,268,0.8,Snow,195000,11200,2024-03-10
RT-101,Central East Sector,562,18.1,Rain,340000,20200,2024-03-10
RT-106,North-Central West Sector,364,20.3,Rain,195000,11200,2024-03-10
RT-108,South West Sector,343,20.0,Rain,145000,8200,2024-03-10
RT-109,South-Central East Sector,806,22.2,Clear,230000,13800,2024-03-10
RT-110,South-Central West Sector,140,14.7,Fog,210000,12500,2024-03-10
RT-109,South-Central East Sector,87,26.1,Clear,230000,13800,2024-03-10
RT-110,South-Central West Sector,344,-1.5,Snow,210000,12500,2024-03-10
RT-109,South-Central East Sector,294,20.4,Rain,230000,13800,2024-03-10
RT-104,North West Sector,262,-1.3,Snow,120000,6800,2024-03-10
RT-104,North West Sector,842,21.6,Rain,120000,6800,2024-03-10
RT-106,North-Central West Sector,385,22.1,Clear,195000,11200,2024-03-10
RT-110,South-Central West Sector,360,-1.8,Snow,210000,12500,2024-03-10
RT-102,Central West Sector,404,19.8,Fog,310000,18500,2024-03-10
RT-108,South West Sector,186,-1.4,Snow,145000,8200,2024-03-10
RT-105,North-Central East Sector,284,-0.3,Snow,175000,9900,2024-03-10
RT-109,South-Central East Sector,578,25.1,Clear,230000,13800,2024-03-10
RT-108,South West Sector,224,22.6,Rain,145000,8200,2024-03-10
RT-107,South East Sector,256,29.7,Clear,182000,10400,2024-03-10
RT-101,Central East Sector,480,17.1,Fog,340000,20200,2024-03-10
RT-106,North-Central West Sector,739,31.8,Clear,195000,11200,2024-03-10
RT-110,South-Central West Sector,652,23.3,Clear,210000,12500,2024-03-10
RT-105,North-Central East Sector,219,18.1,Rain,175000,9900,2024-03-10
RT-103,North East Sector,241,0.4,Snow,135000,7500,2024-03-10
RT-103,North East Sector,370,0.7,Snow,135000,7500,2024-03-10
RT-102,Central West Sector,634,-4.2,Snow,310000,18500,2024-03-10
RT-107,South East Sector,516,15.6,Fog,182000,10400,2024-03-10
RT-102,Central West Sector,332,18.1,Rain,310000,18500,2024-03-10
RT-102,Central West Sector,842,-2.9,Snow,310000,18500,2024-03-10
RT-105,North-Central East Sector,322,18.6,Fog,175000,9900,2024-03-10
RT-103,North East Sector,118,27.2,Clear,135000,7500,2024-03-10
RT-110,South-Central West Sector,466,20.1,Rain,210000,12500,2024-03-10
RT-102,Central West Sector,196,20.2,Rain,310000,18500,2024-03-10
RT-108,South West Sector,356,-5.0,Snow,145000,8200,2024-03-10
RT-106,North-Central West Sector,986,25.0,Clear,195000,11200,2024-03-10
RT-101,Central East Sector,202,21.9,Rain,340000,20200,2024-03-10
RT-108,South West Sector,1120,23.8,Rain,145000,8200,2024-03-10
RT-105,North-Central East Sector,224,0.9,Snow,175000,9900,2024-03-10
RT-110,South-Central West Sector,924,-4.8,Snow,210000,12500,2024-03-10
RT-102,Central West Sector,448,1.3,Snow,310000,18500,2024-03-10
RT-102,Central West Sector,1084,18.7,Fog,310000,18500,2024-03-10
RT-105,North-Central East Sector,233,22.7,Rain,175000,9900,2024-03-10
RT-103,North East Sector,214,-1.8,Snow,135000,7500,2024-03-10
RT-110,South-Central West Sector,1294,-2.2,Snow,210000,12500,2024-03-10
RT-107,South East Sector,231,-2.9,Snow,182000,10400,2024-03-10
RT-103,North East Sector,166,-4.5,Snow,135000,7500,2024-03-10
RT-105,North-Central East Sector,522,19.4,Rain,175000,9900,2024-03-10
RT-110,South-Central West Sector,1060,19.5,Rain,210000,12500,2024-03-10
RT-103,North East Sector,454,26.8,Clear,135000,7500,2024-03-10
RT-107,South East Sector,180,18.5,Fog,182000,10400,2024-03-10
RT-104,North West Sector,198,-1.7,Snow,120000,6800,2024-03-10
RT-105,North-Central East Sector,208,18.3,Rain,175000,9900,2024-03-10
RT-102,Central West Sector,475,19.7,Fog,310000,18500,2024-03-10
RT-105,North-Central East Sector,239,23.7,Rain,175000,9900,2024-03-10
RT-110,South-Central West Sector,568,22.7,Rain,210000,12500,2024-03-10
RT-109,South-Central East Sector,894,19.9,Fog,230000,13800,2024-03-10
RT-108,South West Sector,23,17.3,Fog,145000,8200,2024-03-10
RT-103,North East Sector,198,31.6,Clear,135000,7500,2024-03-10
RT-103,North East Sector,393,-4.5,Snow,135000,7500,2024-03-10
RT-108,South West Sector,636,-2.4,Snow,145000,8200,2024-03-10
RT-102,Central West Sector,194,15.4,Fog,310000,18500,2024-03-10
RT-108,South West Sector,384,-3.6,Snow,145000,8200,2024-03-10
RT-102,Central West Sector,321,23.4,Clear,310000,18500,2024-03-10
RT-101,Central East Sector,588,28.2,Clear,340000,20200,2024-03-10
RT-101,Central East Sector,272,29.8,Clear,340000,20200,2024-03-10
RT-106,North-Central West Sector,270,21.5,Rain,195000,11200,2024-03-10
RT-106,North-Central West Sector,610,-4.0,Snow,195000,11200,2024-03-10
RT-109,South-Central East Sector,184,18.9,Fog,230000,13800,2024-03-10
RT-103,North East Sector,488,-0.5,Snow,135000,7500,2024-03-10
RT-109,South-Central East Sector,273,16.3,Fog,230000,13800,2024-03-10
RT-106,North-Central West Sector,198,28.7,Clear,195000,11200,2024-03-10
RT-109,South-Central East Sector,252,19.6,Rain,230000,13800,2024-03-10
RT-110,South-Central West Sector,604,16.1,Fog,210000,12500,2024-03-10
RT-101,Central East Sector,405,31.2,Clear,340000,20200,2024-03-10
RT-110,South-Central West Sector,326,15.7,Fog,210000,12500,2024-03-10
RT-110,South-Central West Sector,324,26.7,Clear,210000,12500,2024-03-10
RT-103,North East Sector,466,19.3,Fog,135000,7500,2024-03-10
RT-108,South West Sector,586,18.2,Fog,145000,8200,2024-03-10
RT-109,South-Central East Sector,186,-4.6,Snow,230000,13800,2024-03-10
RT-102,Central West Sector,250,23.5,Clear,310000,18500,2024-03-10
RT-110,South-Central West Sector,225,18.0,Rain,210000,12500,2024-03-10
RT-101,Central East Sector,275,28.3,Clear,340000,20200,2024-03-10
RT-102,Central West Sector,510,20.7,Rain,310000,18500,2024-03-10
RT-107,South East Sector,630,-4.1,Snow,182000,10400,2024-03-10
RT-107,South East Sector,232,1.7,Snow,182000,10400,2024-03-10
RT-108,South West Sector,406,-1.3,Snow,145000,8200,2024-03-10
RT-109,South-Central East Sector,209,-3.3,Snow,230000,13800,2024-03-10
RT-103,North East Sector,252,21.0,Rain,135000,7500,2024-03-10
RT-102,Central West Sector,522,22.1,Rain,310000,18500,2024-03-10
RT-109,South-Central East Sector,304,18.5,Rain,230000,13800,2024-03-10
RT-103,North East Sector,758,-3.1,Snow,135000,7500,2024-03-10
RT-103,North East Sector,356,18.8,Fog,135000,7500,2024-03-10
RT-110,South-Central West Sector,169,-1.8,Snow,210000,12500,2024-03-10
RT-109,South-Central East Sector,219,21.3,Rain,230000,13800,2024-03-10
RT-109,South-Central East Sector,418,26.3,Clear,230000,13800,2024-03-10
RT-107,South East Sector,128,14.3,Fog,182000,10400,2024-03-10
RT-109,South-Central East Sector,362,19.0,Rain,230000,13800,2024-03-10
RT-106,North-Central West Sector,417,16.7,Fog,195000,11200,2024-03-10
RT-103,North East Sector,160,-3.5,Snow,135000,7500,2024-03-10
RT-105,North-Central East Sector,534,14.3,Fog,175000,9900,2024-03-10
RT-104,North West Sector,331,30.4,Clear,120000,6800,2024-03-10
RT-108,South West Sector,403,23.9,Rain,145000,8200,2024-03-10
RT-105,North-Central East Sector,329,22.8,Rain,175000,9900,2024-03-10
RT-103,North East Sector,1052,23.1,Rain,135000,7500,2024-03-10
RT-105,North-Central East Sector,160,-3.3,Snow,175000,9900,2024-03-10
RT-105,North-Central East Sector,168,1.7,Snow,175000,9900,2024-03-10
RT-102,Central West Sector,846,-3.6,Snow,310000,18500,2024-03-10
RT-101,Central East Sector,191,23.7,Rain,340000,20200,2024-03-10
RT-104,North West Sector,184,31.9,Clear,120000,6800,2024-03-10
RT-106,North-Central West Sector,506,22.3,Rain,195000,11200,2024-03-10
RT-107,South East Sector,139,19.9,Fog,182000,10400,2024-03-10
RT-102,Central West Sector,612,27.7,Clear,310000,18500,2024-03-10
RT-108,South West Sector,234,24.6,Clear,145000,8200,2024-03-10
RT-108,South West Sector,166,-1.9,Snow,145000,8200,2024-03-10
RT-107,South East Sector,217,21.6,Rain,182000,10400,2024-03-10
RT-107,South East Sector,194,18.4,Rain,182000,10400,2024-03-10
RT-101,Central East Sector,238,28.2,Clear,340000,20200,2024-03-10
RT-105,North-Central East Sector,423,31.8,Clear,175000,9900,2024-03-10
RT-109,South-Central East Sector,123,-3.7,Snow,230000,13800,2024-03-10
RT-101,Central East Sector,128,29.9,Clear,340000,20200,2024-03-10
RT-101,Central East Sector,132,23.4,Rain,340000,20200,2024-03-10
RT-104,North West Sector,964,1.6,Snow,120000,6800,2024-03-10
RT-103,North East Sector,336,23.8,Rain,135000,7500,2024-03-10
RT-109,South-Central East Sector,109,-1.3,Snow,230000,13800,2024-03-10
RT-110,South-Central West Sector,288,31.8,Clear,210000,12500,2024-03-10
RT-107,South East Sector,274,18.5,Fog,182000,10400,2024-03-10
RT-101,Central East Sector,543,19.0,Rain,340000,20200,2024-03-10
RT-103,North East Sector,430,-1.7,Snow,135000,7500,2024-03-10
RT-102,Central West Sector,429,0.0,Snow,310000,18500,2024-03-10
RT-106,North-Central West Sector,126,15.5,Fog,195000,11200,2024-03-10
RT-101,Central East Sector,233,-0.5,Snow,340000,20200,2024-03-10
RT-105,North-Central East Sector,374,22.0,Rain,175000,9900,2024-03-10
RT-103,North East Sector,396,15.0,Fog,135000,7500,2024-03-10
RT-107,South East Sector,407,-1.0,Snow,182000,10400,2024-03-10
RT-105,North-Central East Sector,198,18.6,Fog,175000,9900,2024-03-10
RT-107,South East Sector,486,17.0,Fog,182000,10400,2024-03-10
RT-109,South-Central East Sector,1198,22.1,Clear,230000,13800,2024-03-10
RT-103,North East Sector,218,22.1,Clear,135000,7500,2024-03-10
RT-102,Central West Sector,412,-2.5,Snow,310000,18500,2024-03-10
RT-107,South East Sector,358,31.3,Clear,182000,10400,2024-03-10
RT-109,South-Central East Sector,324,24.3,Clear,230000,13800,2024-03-10
RT-104,North West Sector,214,28.3,Clear,120000,6800,2024-03-10
RT-108,South West Sector,616,24.2,Clear,145000,8200,2024-03-10
RT-108,South West Sector,552,-2.7,Snow,145000,8200,2024-03-10
RT-105,North-Central East Sector,729,0.9,Snow,175000,9900,2024-03-10
RT-104,North West Sector,524,22.4,Rain,120000,6800,2024-03-10
RT-105,North-Central East Sector,211,-4.3,Snow,175000,9900,2024-03-10
RT-108,South West Sector,204,-2.0,Snow,145000,8200,2024-03-10
RT-102,Central West Sector,235,-4.8,Snow,310000,18500,2024-03-10
RT-102,Central West Sector,99,26.8,Clear,310000,18500,2024-03-10
RT-104,North West Sector,630,22.0,Rain,120000,6800,2024-03-10
RT-104,North West Sector,193,18.7,Rain,120000,6800,2024-03-10
RT-110,South-Central West Sector,471,24.9,Clear,210000,12500,2024-03-10
RT-110,South-Central West Sector,85,16.4,Fog,210000,12500,2024-03-10
RT-103,North East Sector,438,1.4,Snow,135000,7500,2024-03-10
RT-107,South East Sector,694,20.0,Fog,182000,10400,2024-03-10
RT-105,North-Central East Sector,406,22.4,Clear,175000,9900,2024-03-10
RT-103,North East Sector,299,0.3,Snow,135000,7500,2024-03-10
RT-102,Central West Sector,923,20.2,Rain,310000,18500,2024-03-10
RT-102,Central West Sector,176,-2.3,Snow,310000,18500,2024-03-10
RT-104,North West Sector,142,22.5,Rain,120000,6800,2024-03-10
RT-109,South-Central East Sector,178,1.4,Snow,230000,13800,2024-03-10
RT-109,South-Central East Sector,254,1.7,Snow,230000,13800,2024-03-10
RT-102,Central West Sector,226,-1.0,Snow,310000,18500,2024-03-10
RT-105,North-Central East Sector,318,20.1,Rain,175000,9900,2024-03-10
RT-104,North West Sector,234,29.9,Clear,120000,6800,2024-03-10
RT-108,South West Sector,756,-3.2,Snow,145000,8200,2024-03-10
RT-102,Central West Sector,413,-1.1,Snow,310000,18500,2024-03-10
RT-109,South-Central East Sector,290,-2.5,Snow,230000,13800,2024-03-10
RT-108,South West Sector,185,21.9,Rain,145000,8200,2024-03-10
RT-103,North East Sector,574,24.4,Clear,135000,7500,2024-03-10
RT-107,South East Sector,877,-3.7,Snow,182000,10400,2024-03-10
RT-102,Central West Sector,425,23.5,Rain,310000,18500,2024-03-10
RT-107,South East Sector,162,14.6,Fog,182000,10400,2024-03-10
RT-106,North-Central West Sector,714,-1.5,Snow,195000,11200,2024-03-10
RT-102,Central West Sector,384,24.2,Clear,310000,18500,2024-03-10
RT-101,Central East Sector,408,18.2,Rain,340000,20200,2024-03-10
RT-103,North East Sector,226,14.2,Fog,135000,7500,2024-03-10
RT-108,South West Sector,192,19.1,Rain,145000,8200,2024-03-10
RT-109,South-Central East Sector,410,19.2,Fog,230000,13800,2024-03-10
RT-110,South-Central West Sector,337,24.8,Clear,210000,12500,2024-03-10
RT-105,North-Central East Sector,234,23.7,Rain,175000,9900,2024-03-10
RT-107,South East Sector,678,-0.9,Snow,182000,10400,2024-03-10
RT-107,South East Sector,194,-1.9,Snow,182000,10400,2024-03-10
RT-107,South East Sector,648,-0.9,Snow,182000,10400,2024-03-10
RT-106,North-Central West Sector,269,-1.4,Snow,195000,11200,2024-03-10
RT-107,South East Sector,455,22.6,Rain,182000,10400,2024-03-10
RT-105,North-Central East Sector,68,24.8,Clear,175000,9900,2024-03-10
RT-102,Central West Sector,259,-2.5,Snow,310000,18500,2024-03-10
RT-106,North-Central West Sector,315,23.4,Rain,195000,11200,2024-03-10
RT-102,Central West Sector,358,31.5,Clear,310000,18500,2024-03-10
RT-108,South West Sector,930,23.4,Rain,145000,8200,2024-03-10
RT-110,South-Central West Sector,645,26.2,Clear,210000,12500,2024-03-10
RT-106,North-Central West Sector,178,0.5,Snow,195000,11200,2024-03-10
RT-102,Central West Sector,456,16.9,Fog,310000,18500,2024-03-10
RT-109,South-Central East Sector,110,17.0,Fog,230000,13800,2024-03-10
RT-104,North West Sector,336,-3.6,Snow,120000,6800,2024-03-10
RT-110,South-Central West Sector,642,-0.9,Snow,210000,12500,2024-03-10
RT-104,North West Sector,136,19.1,Rain,120000,6800,2024-03-10
RT-110,South-Central West Sector,452,-2.7,Snow,210000,12500,2024-03-11
RT-110,South-Central West Sector,600,1.0,Snow,210000,12500,2024-03-11
RT-106,North-Central West Sector,518,24.1,Clear,195000,11200,2024-03-11
RT-105,North-Central East Sector,370,22.7,Clear,175000,9900,2024-03-11
RT-105,North-Central East Sector,324,14.4,Fog,175000,9900,2024-03-11
RT-107,South East Sector,521,31.4,Clear,182000,10400,2024-03-11
RT-110,South-Central West Sector,295,21.0,Rain,210000,12500,2024-03-11
RT-108,South West Sector,293,-2.1,Snow,145000,8200,2024-03-11
RT-109,South-Central East Sector,211,30.1,Clear,230000,13800,2024-03-11
RT-110,South-Central West Sector,246,23.0,Rain,210000,12500,2024-03-11
RT-106,North-Central West Sector,297,20.0,Rain,195000,11200,2024-03-11
RT-103,North East Sector,184,22.2,Rain,135000,7500,2024-03-11
RT-101,Central East Sector,709,29.7,Clear,340000,20200,2024-03-11
RT-104,North West Sector,628,-0.4,Snow,120000,6800,2024-03-11
RT-101,Central East Sector,664,-3.9,Snow,340000,20200,2024-03-11
RT-101,Central East Sector,276,19.3,Fog,340000,20200,2024-03-11
RT-101,Central East Sector,552,21.2,Rain,340000,20200,2024-03-11
RT-103,North East Sector,502,19.7,Rain,135000,7500,2024-03-11
RT-102,Central West Sector,376,20.6,Rain,310000,18500,2024-03-11
RT-110,South-Central West Sector,493,14.2,Fog,210000,12500,2024-03-11
RT-108,South West Sector,354,-4.1,Snow,145000,8200,2024-03-11
RT-107,South East Sector,324,22.6,Rain,182000,10400,2024-03-11
RT-105,North-Central East Sector,352,18.0,Rain,175000,9900,2024-03-11
RT-110,South-Central West Sector,690,-2.1,Snow,210000,12500,2024-03-11
RT-106,North-Central West Sector,263,27.2,Clear,195000,11200,2024-03-11
RT-105,North-Central East Sector,786,18.3,Rain,175000,9900,2024-03-11
RT-107,South East Sector,309,19.8,Fog,182000,10400,2024-03-11
RT-103,North East Sector,857,15.4,Fog,135000,7500,2024-03-11
RT-104,North West Sector,195,15.8,Fog,120000,6800,2024-03-11
RT-105,North-Central East Sector,368,15.8,Fog,175000,9900,2024-03-11
RT-105,North-Central East Sector,570,19.4,Rain,175000,9900,2024-03-11
RT-109,South-Central East Sector,280,18.0,Rain,230000,13800,2024-03-11
RT-107,South East Sector,482,0.1,Snow,182000,10400,2024-03-11
RT-104,North West Sector,256,1.8,Snow,120000,6800,2024-03-11
RT-110,South-Central West Sector,246,15.3,Fog,210000,12500,2024-03-11
RT-110,South-Central West Sector,250,-0.4,Snow,210000,12500,2024-03-11
RT-103,North East Sector,374,22.5,Rain,135000,7500,2024-03-11
RT-107,South East Sector,370,19.1,Fog,182000,10400,2024-03-11
RT-104,North West Sector,359,-2.0,Snow,120000,6800,2024-03-11
RT-110,South-Central West Sector,256,15.8,Fog,210000,12500,2024-03-11
RT-101,Central East Sector,332,16.0,Fog,340000,20200,2024-03-11
RT-104,North West Sector,114,22.3,Rain,120000,6800,2024-03-11
RT-101,Central East Sector,182,0.7,Snow,340000,20200,2024-03-11
RT-110,South-Central West Sector,369,15.1,Fog,210000,12500,2024-03-11
RT-106,North-Central West Sector,672,-2.4,Snow,195000,11200,2024-03-11
RT-102,Central West Sector,267,1.3,Snow,310000,18500,2024-03-11
RT-101,Central East Sector,565,30.1,Clear,340000,20200,2024-03-11
RT-105,North-Central East Sector,339,31.8,Clear,175000,9900,2024-03-11
RT-103,North East Sector,911,29.5,Clear,135000,7500,2024-03-11
RT-106,North-Central West Sector,263,20.4,Rain,195000,11200,2024-03-11
RT-107,South East Sector,224,21.5,Rain,182000,10400,2024-03-11
RT-102,Central West Sector,837,28.6,Clear,310000,18500,2024-03-11
RT-104,North West Sector,668,22.8,Clear,120000,6800,2024-03-11
RT-101,Central East Sector,284,17.3,Fog,340000,20200,2024-03-11
RT-109,South-Central East Sector,329,22.3,Rain,230000,13800,2024-03-11
RT-104,North West Sector,152,19.0,Rain,120000,6800,2024-03-11
RT-103,North East Sector,652,22.7,Rain,135000,7500,2024-03-11
RT-110,South-Central West Sector,530,27.8,Clear,210000,12500,2024-03-11
RT-110,South-Central West Sector,105,1.7,Snow,210000,12500,2024-03-11
RT-104,North West Sector,458,22.4,Clear,120000,6800,2024-03-11
RT-106,North-Central West Sector,282,-3.1,Snow,195000,11200,2024-03-11
RT-109,South-Central East Sector,614,17.6,Fog,230000,13800,2024-03-11
RT-107,South East Sector,482,19.8,Rain,182000,10400,2024-03-11
RT-102,Central West Sector,278,18.3,Fog,310000,18500,2024-03-11
RT-108,South West Sector,90,29.6,Clear,145000,8200,2024-03-11
RT-103,North East Sector,217,18.6,Rain,135000,7500,2024-03-11
RT-109,South-Central East Sector,604,-1.4,Snow,230000,13800,2024-03-11
RT-107,South East Sector,526,27.1,Clear,182000,10400,2024-03-11
RT-103,North East Sector,746,25.7,Clear,135000,7500,2024-03-11
RT-102,Central West Sector,81,23.6,Rain,310000,18500,2024-03-11
RT-108,South West Sector,362,19.0,Fog,145000,8200,2024-03-11
RT-104,North West Sector,74,-0.1,Snow,120000,6800,2024-03-11
RT-109,South-Central East Sector,414,29.1,Clear,230000,13800,2024-03-11
RT-108,South West Sector,317,20.8,Rain,145000,8200,2024-03-11
RT-108,South West Sector,404,19.5,Fog,145000,8200,2024-03-11
RT-103,North East Sector,508,22.2,Rain,135000,7500,2024-03-11
RT-110,South-Central West Sector,266,22.4,Rain,210000,12500,2024-03-11
RT-108,South West Sector,424,19.2,Fog,145000,8200,2024-03-11
RT-109,South-Central East Sector,168,15.6,Fog,230000,13800,2024-03-11
RT-103,North East Sector,440,18.8,Fog,135000,7500,2024-03-11
RT-103,North East Sector,291,-3.6,Snow,135000,7500,2024-03-11
RT-105,North-Central East Sector,437,25.5,Clear,175000,9900,2024-03-11
RT-106,North-Central West Sector,417,-2.7,Snow,195000,11200,2024-03-11
RT-103,North East Sector,280,19.9,Fog,135000,7500,2024-03-11
RT-106,North-Central West Sector,452,1.0,Snow,195000,11200,2024-03-11
RT-107,South East Sector,324,29.0,Clear,182000,10400,2024-03-11
RT-110,South-Central West Sector,297,18.4,Fog,210000,12500,2024-03-11
RT-109,South-Central East Sector,302,21.4,Rain,230000,13800,2024-03-11
RT-106,North-Central West Sector,482,19.7,Fog,195000,11200,2024-03-11
RT-109,South-Central East Sector,651,17.0,Fog,230000,13800,2024-03-11
RT-107,South East Sector,798,16.3,Fog,182000,10400,2024-03-11
RT-109,South-Central East Sector,220,19.0,Rain,230000,13800,2024-03-11
RT-109,South-Central East Sector,240,22.7,Rain,230000,13800,2024-03-11
RT-106,North-Central West Sector,154,22.4,Rain,195000,11200,2024-03-11
RT-108,South West Sector,686,16.3,Fog,145000,8200,2024-03-11
RT-107,South East Sector,446,14.2,Fog,182000,10400,2024-03-11
RT-104,North West Sector,302,30.4,Clear,120000,6800,2024-03-11
RT-107,South East Sector,991,22.1,Clear,182000,10400,2024-03-11
RT-102,Central West Sector,612,29.0,Clear,310000,18500,2024-03-11
RT-106,North-Central West Sector,244,23.8,Rain,195000,11200,2024-03-11
RT-104,North West Sector,205,16.6,Fog,120000,6800,2024-03-11
RT-108,South West Sector,46,24.3,Clear,145000,8200,2024-03-11
RT-102,Central West Sector,106,-0.1,Snow,310000,18500,2024-03-11
RT-103,North East Sector,391,22.9,Rain,135000,7500,2024-03-11
RT-107,South East Sector,158,-1.2,Snow,182000,10400,2024-03-11
RT-102,Central West Sector,556,19.8,Fog,310000,18500,2024-03-11
RT-103,North East Sector,422,14.3,Fog,135000,7500,2024-03-11
RT-107,South East Sector,618,-1.5,Snow,182000,10400,2024-03-11
RT-103,North East Sector,943,18.3,Fog,135000,7500,2024-03-11
RT-106,North-Central West Sector,691,1.0,Snow,195000,11200,2024-03-11
RT-109,South-Central East Sector,556,-3.7,Snow,230000,13800,2024-03-11
RT-109,South-Central East Sector,308,18.8,Fog,230000,13800,2024-03-11
RT-103,North East Sector,219,-1.1,Snow,135000,7500,2024-03-11
RT-103,North East Sector,218,-2.2,Snow,135000,7500,2024-03-11
RT-106,North-Central West Sector,271,23.3,Clear,195000,11200,2024-03-11
RT-101,Central East Sector,425,1.1,Snow,340000,20200,2024-03-11
RT-101,Central East Sector,249,23.6,Clear,340000,20200,2024-03-11
RT-103,North East Sector,594,-2.8,Snow,135000,7500,2024-03-11
RT-110,South-Central West Sector,1156,24.9,Clear,210000,12500,2024-03-11
RT-107,South East Sector,291,23.2,Rain,182000,10400,2024-03-11
RT-108,South West Sector,318,18.0,Fog,145000,8200,2024-03-11
RT-110,South-Central West Sector,564,0.6,Snow,210000,12500,2024-03-11
RT-101,Central East Sector,301,15.5,Fog,340000,20200,2024-03-11
RT-107,South East Sector,252,17.7,Fog,182000,10400,2024-03-11
RT-104,North West Sector,350,17.4,Fog,120000,6800,2024-03-11
RT-107,South East Sector,239,23.0,Rain,182000,10400,2024-03-11
RT-109,South-Central East Sector,628,23.4,Rain,230000,13800,2024-03-11
RT-105,North-Central East Sector,206,22.1,Clear,175000,9900,2024-03-11
RT-107,South East Sector,676,18.0,Fog,182000,10400,2024-03-11
RT-105,North-Central East Sector,207,18.3,Rain,175000,9900,2024-03-11
RT-101,Central East Sector,363,21.3,Rain,340000,20200,2024-03-11
RT-103,North East Sector,338,24.9,Clear,135000,7500,2024-03-11
RT-103,North East Sector,462,-2.9,Snow,135000,7500,2024-03-11
RT-101,Central East Sector,249,25.5,Clear,340000,20200,2024-03-11
RT-105,North-Central East Sector,218,-0.7,Snow,175000,9900,2024-03-11
RT-110,South-Central West Sector,304,25.3,Clear,210000,12500,2024-03-11
RT-101,Central East Sector,136,0.1,Snow,340000,20200,2024-03-11
RT-104,North West Sector,322,16.4,Fog,120000,6800,2024-03-11
RT-107,South East Sector,462,18.4,Rain,182000,10400,2024-03-11
RT-108,South West Sector,375,18.7,Fog,145000,8200,2024-03-11
RT-104,North West Sector,628,19.7,Rain,120000,6800,2024-03-11
RT-103,North East Sector,94,26.3,Clear,135000,7500,2024-03-11
RT-104,North West Sector,612,22.1,Rain,120000,6800,2024-03-11
RT-110,South-Central West Sector,608,16.0,Fog,210000,12500,2024-03-11
RT-104,North West Sector,332,18.3,Rain,120000,6800,2024-03-11
RT-108,South West Sector,178,16.2,Fog,145000,8200,2024-03-11
RT-110,South-Central West Sector,268,31.4,Clear,210000,12500,2024-03-11
RT-102,Central West Sector,270,28.4,Clear,310000,18500,2024-03-11
RT-105,North-Central East Sector,234,-0.3,Snow,175000,9900,2024-03-11
RT-109,South-Central East Sector,321,21.8,Rain,230000,13800,2024-03-11
RT-106,North-Central West Sector,465,24.0,Clear,195000,11200,2024-03-11
RT-106,North-Central West Sector,318,-2.1,Snow,195000,11200,2024-03-11
RT-108,South West Sector,326,22.5,Rain,145000,8200,2024-03-11
RT-106,North-Central West Sector,250,-4.3,Snow,195000,11200,2024-03-11
RT-106,North-Central West Sector,530,-3.1,Snow,195000,11200,2024-03-11
RT-110,South-Central West Sector,206,19.7,Rain,210000,12500,2024-03-11
RT-107,South East Sector,243,-2.0,Snow,182000,10400,2024-03-11
RT-101,Central East Sector,168,23.9,Rain,340000,20200,2024-03-11
RT-110,South-Central West Sector,153,14.4,Fog,210000,12500,2024-03-11
RT-106,North-Central West Sector,736,17.1,Fog,195000,11200,2024-03-11
RT-106,North-Central West Sector,406,-3.7,Snow,195000,11200,2024-03-11
RT-102,Central West Sector,292,1.8,Snow,310000,18500,2024-03-11
RT-107,South East Sector,295,18.7,Rain,182000,10400,2024-03-11
RT-101,Central East Sector,318,16.4,Fog,340000,20200,2024-03-11
RT-109,South-Central East Sector,352,22.4,Rain,230000,13800,2024-03-11
RT-110,South-Central West Sector,161,29.0,Clear,210000,12500,2024-03-11
RT-108,South West Sector,46,-2.0,Snow,145000,8200,2024-03-11
RT-105,North-Central East Sector,333,25.5,Clear,175000,9900,2024-03-11
RT-107,South East Sector,955,26.0,Clear,182000,10400,2024-03-11
RT-110,South-Central West Sector,413,19.6,Rain,210000,12500,2024-03-11
RT-103,North East Sector,337,-3.6,Snow,135000,7500,2024-03-11
RT-107,South East Sector,382,16.9,Fog,182000,10400,2024-03-11
RT-106,North-Central West Sector,556,-3.1,Snow,195000,11200,2024-03-11
RT-110,South-Central West Sector,496,19.7,Rain,210000,12500,2024-03-11
RT-107,South East Sector,618,17.9,Fog,182000,10400,2024-03-11
RT-101,Central East Sector,36,31.7,Clear,340000,20200,2024-03-11
RT-108,South West Sector,349,17.6,Fog,145000,8200,2024-03-11
RT-101,Central East Sector,229,18.5,Rain,340000,20200,2024-03-11
RT-106,North-Central West Sector,672,-4.5,Snow,195000,11200,2024-03-11
RT-102,Central West Sector,204,23.7,Rain,310000,18500,2024-03-11
RT-104,North West Sector,614,15.8,Fog,120000,6800,2024-03-11
RT-104,North West Sector,278,14.6,Fog,120000,6800,2024-03-11
RT-103,North East Sector,734,21.6,Rain,135000,7500,2024-03-11
RT-104,North West Sector,410,17.7,Fog,120000,6800,2024-03-11
RT-108,South West Sector,778,21.9,Rain,145000,8200,2024-03-11
RT-103,North East Sector,196,24.7,Clear,135000,7500,2024-03-11
RT-107,South East Sector,346,22.2,Clear,182000,10400,2024-03-11
RT-108,South West Sector,290,19.8,Fog,145000,8200,2024-03-11
RT-103,North East Sector,126,15.5,Fog,135000,7500,2024-03-11
RT-105,North-Central East Sector,454,-0.3,Snow,175000,9900,2024-03-11
RT-105,North-Central East Sector,662,-0.1,Snow,175000,9900,2024-03-11
RT-107,South East Sector,480,17.7,Fog,182000,10400,2024-03-11
RT-108,South West Sector,318,15.9,Fog,145000,8200,2024-03-11
RT-101,Central East Sector,428,-3.1,Snow,340000,20200,2024-03-11
RT-106,North-Central West Sector,190,21.6,Rain,195000,11200,2024-03-11
RT-110,South-Central West Sector,119,19.2,Fog,210000,12500,2024-03-11
RT-110,South-Central West Sector,546,1.6,Snow,210000,12500,2024-03-11
RT-106,North-Central West Sector,420,-4.3,Snow,195000,11200,2024-03-11
RT-103,North East Sector,412,18.9,Rain,135000,7500,2024-03-11
RT-106,North-Central West Sector,112,19.7,Fog,195000,11200,2024-03-11
RT-102,Central West Sector,284,29.4,Clear,310000,18500,2024-03-11
RT-106,North-Central West Sector,344,19.3,Fog,195000,11200,2024-03-11
RT-106,North-Central West Sector,198,24.0,Clear,195000,11200,2024-03-11
RT-105,North-Central East Sector,141,21.5,Rain,175000,9900,2024-03-11
RT-109,South-Central East Sector,404,22.2,Rain,230000,13800,2024-03-11
RT-102,Central West Sector,690,-0.2,Snow,310000,18500,2024-03-11
RT-102,Central West Sector,662,-2.1,Snow,310000,18500,2024-03-11
RT-110,South-Central West Sector,626,22.2,Clear,210000,12500,2024-03-11
RT-105,North-Central East Sector,328,21.5,Rain,175000,9900,2024-03-11
RT-107,South East Sector,487,-3.2,Snow,182000,10400,2024-03-11
RT-104,North West Sector,62,26.5,Clear,120000,6800,2024-03-11
RT-107,South East Sector,256,23.7,Rain,182000,10400,2024-03-11
RT-103,North East Sector,270,20.4,Rain,135000,7500,2024-03-11
RT-104,North West Sector,1178,30.4,Clear,120000,6800,2024-03-11
RT-102,Central West Sector,600,23.9,Clear,310000,18500,2024-03-11
RT-102,Central West Sector,780,-0.3,Snow,310000,18500,2024-03-11
RT-102,Central West Sector,369,19.9,Fog,310000,18500,2024-03-11
RT-103,North East Sector,210,18.6,Rain,135000,7500,2024-03-11
RT-109,South-Central East Sector,728,22.1,Clear,230000,13800,2024-03-11
RT-102,Central West Sector,352,16.6,Fog,310000,18500,2024-03-11
RT-102,Central West Sector,225,-4.4,Snow,310000,18500,2024-03-11
RT-107,South East Sector,194,29.5,Clear,182000,10400,2024-03-11
RT-109,South-Central East Sector,394,19.5,Fog,230000,13800,2024-03-11
RT-106,North-Central West Sector,295,-2.0,Snow,195000,11200,2024-03-11
RT-101,Central East Sector,693,24.6,Clear,340000,20200,2024-03-11
RT-107,South East Sector,400,16.6,Fog,182000,10400,2024-03-11
RT-109,South-Central East Sector,175,18.3,Fog,230000,13800,2024-03-11
RT-102,Central West Sector,572,-4.9,Snow,310000,18500,2024-03-11
RT-107,South East Sector,204,27.9,Clear,182000,10400,2024-03-11
RT-109,South-Central East Sector,700,21.7,Rain,230000,13800,2024-03-11
RT-110,South-Central West Sector,364,21.8,Rain,210000,12500,2024-03-11
RT-110,South-Central West Sector,300,15.5,Fog,210000,12500,2024-03-11
RT-110,South-Central West Sector,886,29.1,Clear,210000,12500,2024-03-11
RT-105,North-Central East Sector,522,-4.4,Snow,175000,9900,2024-03-11
RT-103,North East Sector,340,15.2,Fog,135000,7500,2024-03-11
RT-108,South West Sector,111,19.3,Fog,145000,8200,2024-03-11
RT-101,Central East Sector,668,18.4,Fog,340000,20200,2024-03-11
RT-101,Central East Sector,318,18.1,Rain,340000,20200,2024-03-11
RT-101,Central East Sector,284,-3.3,Snow,340000,20200,2024-03-11
RT-104,North West Sector,668,24.1,Clear,120000,6800,2024-03-11
RT-109,South-Central East Sector,243,19.6,Rain,230000,13800,2024-03-11
RT-106,North-Central West Sector,180,19.5,Rain,195000,11200,2024-03-11
RT-108,South West Sector,189,18.4,Rain,145000,8200,2024-03-11
RT-102,Central West Sector,304,16.8,Fog,310000,18500,2024-03-11
RT-101,Central East Sector,120,0.1,Snow,340000,20200,2024-03-11
RT-108,South West Sector,226,28.1,Clear,145000,8200,2024-03-11
RT-109,South-Central East Sector,224,-0.3,Snow,230000,13800,2024-03-11
RT-103,North East Sector,326,-4.4,Snow,135000,7500,2024-03-11
RT-103,North East Sector,285,1.7,Snow,135000,7500,2024-03-11
RT-107,South East Sector,174,0.9,Snow,182000,10400,2024-03-11
RT-107,South East Sector,909,0.6,Snow,182000,10400,2024-03-11
RT-109,South-Central East Sector,588,0.8,Snow,230000,13800,2024-03-11
RT-109,South-Central East Sector,726,19.6,Fog,230000,13800,2024-03-11
RT-110,South-Central West Sector,126,-1.2,Snow,210000,12500,2024-03-11
RT-104,North West Sector,128,15.2,Fog,120000,6800,2024-03-11
RT-107,South East Sector,327,21.7,Rain,182000,10400,2024-03-11
RT-106,North-Central West Sector,193,0.2,Snow,195000,11200,2024-03-11
RT-104,North West Sector,550,29.4,Clear,120000,6800,2024-03-11
RT-101,Central East Sector,146,27.2,Clear,340000,20200,2024-03-11
RT-104,North West Sector,204,14.4,Fog,120000,6800,2024-03-11
RT-109,South-Central East Sector,181,20.2,Rain,230000,13800,2024-03-11
RT-109,South-Central East Sector,550,23.5,Rain,230000,13800,2024-03-11
RT-107,South East Sector,670,17.5,Fog,182000,10400,2024-03-11
RT-109,South-Central East Sector,282,-1.2,Snow,230000,13800,2024-03-11
RT-109,South-Central East Sector,1176,24.7,Clear,230000,13800,2024-03-11
RT-102,Central West Sector,273,20.2,Rain,310000,18500,2024-03-11
RT-107,South East Sector,292,23.4,Rain,182000,10400,2024-03-11
RT-110,South-Central West Sector,114,28.7,Clear,210000,12500,2024-03-11
RT-109,South-Central East Sector,300,29.9,Clear,230000,13800,2024-03-11
RT-105,North-Central East Sector,306,20.7,Rain,175000,9900,2024-03-11
RT-107,South East Sector,442,17.8,Fog,182000,10400,2024-03-11
RT-105,North-Central East Sector,527,24.5,Clear,175000,9900,2024-03-11
RT-106,North-Central West Sector,277,18.2,Fog,195000,11200,2024-03-11
RT-109,South-Central East Sector,350,20.6,Rain,230000,13800,2024-03-11
RT-101,Central East Sector,277,26.4,Clear,340000,20200,2024-03-11
RT-104,North West Sector,245,-0.5,Snow,120000,6800,2024-03-11
RT-108,South West Sector,616,19.6,Fog,145000,8200,2024-03-11
RT-109,South-Central East Sector,229,14.4,Fog,230000,13800,2024-03-11
RT-101,Central East Sector,590,0.8,Snow,340000,20200,2024-03-11
RT-107,South East Sector,943,24.9,Clear,182000,10400,2024-03-11
RT-105,North-Central East Sector,176,-1.9,Snow,175000,9900,2024-03-11
RT-104,North West Sector,175,14.1,Fog,120000,6800,2024-03-11
RT-108,South West Sector,270,19.8,Rain,145000,8200,2024-03-11
RT-107,South East Sector,498,27.0,Clear,182000,10400,2024-03-11
RT-110,South-Central West Sector,237,-4.6,Snow,210000,12500,2024-03-11
RT-106,North-Central West Sector,257,16.9,Fog,195000,11200,2024-03-11
RT-110,South-Central West Sector,100,1.5,Snow,210000,12500,2024-03-11
RT-107,South East Sector,482,14.6,Fog,182000,10400,2024-03-11
RT-104,North West Sector,404,29.6,Clear,120000,6800,2024-03-12
RT-106,North-Central West Sector,460,16.5,Fog,195000,11200,2024-03-12
RT-108,South West Sector,454,21.9,Rain,145000,8200,2024-03-12
RT-107,South East Sector,834,15.6,Fog,182000,10400,2024-03-12
RT-107,South East Sector,278,-3.9,Snow,182000,10400,2024-03-12
RT-107,South East Sector,317,15.0,Fog,182000,10400,2024-03-12
RT-101,Central East Sector,472,-4.5,Snow,340000,20200,2024-03-12
RT-106,North-Central West Sector,299,23.9,Clear,195000,11200,2024-03-12
RT-104,North West Sector,293,18.0,Fog,120000,6800,2024-03-12
RT-105,North-Central East Sector,430,23.3,Rain,175000,9900,2024-03-12
RT-105,North-Central East Sector,302,0.7,Snow,175000,9900,2024-03-12
RT-106,North-Central West Sector,190,28.9,Clear,195000,11200,2024-03-12
RT-103,North East Sector,470,14.7,Fog,135000,7500,2024-03-12
RT-108,South West Sector,184,15.7,Fog,145000,8200,2024-03-12
RT-101,Central East Sector,448,15.9,Fog,340000,20200,2024-03-12
RT-106,North-Central West Sector,216,19.5,Rain,195000,11200,2024-03-12
RT-106,North-Central West Sector,170,-1.4,Snow,195000,11200,2024-03-12
RT-108,South West Sector,174,-1.3,Snow,145000,8200,2024-03-12
RT-104,North West Sector,112,20.1,Rain,120000,6800,2024-03-12
RT-101,Central East Sector,744,16.1,Fog,340000,20200,2024-03-12
RT-102,Central West Sector,546,30.3,Clear,310000,18500,2024-03-12
RT-109,South-Central East Sector,262,0.5,Snow,230000,13800,2024-03-12
RT-101,Central East Sector,200,19.8,Rain,340000,20200,2024-03-12
RT-106,North-Central West Sector,272,19.5,Fog,195000,11200,2024-03-12
RT-110,South-Central West Sector,371,19.7,Fog,210000,12500,2024-03-12
RT-101,Central East Sector,225,20.0,Rain,340000,20200,2024-03-12
RT-110,South-Central West Sector,214,25.5,Clear,210000,12500,2024-03-12
RT-104,North West Sector,271,21.0,Rain,120000,6800,2024-03-12
RT-101,Central East Sector,506,1.6,Snow,340000,20200,2024-03-12
RT-109,South-Central East Sector,325,1.1,Snow,230000,13800,2024-03-12
RT-109,South-Central East Sector,306,14.6,Fog,230000,13800,2024-03-12
RT-106,North-Central West Sector,215,25.9,Clear,195000,11200,2024-03-12
RT-109,South-Central East Sector,216,17.3,Fog,230000,13800,2024-03-12
RT-108,South West Sector,258,17.0,Fog,145000,8200,2024-03-12
RT-102,Central West Sector,552,19.2,Rain,310000,18500,2024-03-12
RT-104,North West Sector,143,23.2,Rain,120000,6800,2024-03-12
RT-105,North-Central East Sector,756,18.1,Fog,175000,9900,2024-03-12
RT-105,North-Central East Sector,387,23.0,Rain,175000,9900,2024-03-12
RT-107,South East Sector,374,30.6,Clear,182000,10400,2024-03-12
RT-110,South-Central West Sector,305,0.2,Snow,210000,12500,2024-03-12
RT-110,South-Central West Sector,229,16.6,Fog,210000,12500,2024-03-12
RT-109,South-Central East Sector,280,-0.7,Snow,230000,13800,2024-03-12
RT-109,South-Central East Sector,285,15.0,Fog,230000,13800,2024-03-12
RT-103,North East Sector,32,-0.3,Snow,135000,7500,2024-03-12
RT-103,North East Sector,117,23.8,Clear,135000,7500,2024-03-12
RT-102,Central West Sector,272,28.9,Clear,310000,18500,2024-03-12
RT-104,North West Sector,269,19.4,Rain,120000,6800,2024-03-12
RT-105,North-Central East Sector,524,18.7,Rain,175000,9900,2024-03-12
RT-107,South East Sector,336,23.7,Clear,182000,10400,2024-03-12
RT-104,North West Sector,372,18.0,Rain,120000,6800,2024-03-12
RT-103,North East Sector,286,29.2,Clear,135000,7500,2024-03-12
RT-101,Central East Sector,452,18.4,Fog,340000,20200,2024-03-12
RT-109,South-Central East Sector,684,27.1,Clear,230000,13800,2024-03-12
RT-105,North-Central East Sector,93,23.6,Clear,175000,9900,2024-03-12
RT-108,South West Sector,158,14.5,Fog,145000,8200,2024-03-12
RT-104,North West Sector,699,22.2,Clear,120000,6800,2024-03-12
RT-104,North West Sector,49,23.7,Clear,120000,6800,2024-03-12
RT-105,North-Central East Sector,562,30.9,Clear,175000,9900,2024-03-12
RT-110,South-Central West Sector,340,19.4,Rain,210000,12500,2024-03-12
RT-101,Central East Sector,267,20.1,Rain,340000,20200,2024-03-12
RT-106,North-Central West Sector,352,-4.3,Snow,195000,11200,2024-03-12
RT-101,Central East Sector,376,24.2,Clear,340000,20200,2024-03-12
RT-101,Central East Sector,101,27.2,Clear,340000,20200,2024-03-12
RT-109,South-Central East Sector,486,17.6,Fog,230000,13800,2024-03-12
RT-110,South-Central West Sector,872,-3.3,Snow,210000,12500,2024-03-12
RT-106,North-Central West Sector,296,22.6,Clear,195000,11200,2024-03-12
RT-108,South West Sector,206,20.3,Rain,145000,8200,2024-03-12
RT-103,North East Sector,640,24.3,Clear,135000,7500,2024-03-12
RT-101,Central East Sector,438,15.3,Fog,340000,20200,2024-03-12
RT-110,South-Central West Sector,340,19.8,Fog,210000,12500,2024-03-12
RT-101,Central East Sector,480,28.2,Clear,340000,20200,2024-03-12
RT-108,South West Sector,215,27.6,Clear,145000,8200,2024-03-12
RT-101,Central East Sector,226,-2.1,Snow,340000,20200,2024-03-12
RT-102,Central West Sector,198,-2.0,Snow,310000,18500,2024-03-12
RT-103,North East Sector,360,27.4,Clear,135000,7500,2024-03-12
RT-101,Central East Sector,50,22.2,Rain,340000,20200,2024-03-12
RT-108,South West Sector,359,22.2,Rain,145000,8200,2024-03-12
RT-108,South West Sector,714,19.0,Rain,145000,8200,2024-03-12
RT-107,South East Sector,345,-1.5,Snow,182000,10400,2024-03-12
RT-105,North-Central East Sector,448,20.5,Rain,175000,9900,2024-03-12
RT-101,Central East Sector,866,1.1,Snow,340000,20200,2024-03-12
RT-109,South-Central East Sector,320,-0.6,Snow,230000,13800,2024-03-12
RT-101,Central East Sector,658,27.3,Clear,340000,20200,2024-03-12
RT-101,Central East Sector,1186,-4.2,Snow,340000,20200,2024-03-12
RT-108,South West Sector,92,21.6,Rain,145000,8200,2024-03-12
RT-106,North-Central West Sector,484,18.7,Rain,195000,11200,2024-03-12
RT-104,North West Sector,94,25.4,Clear,120000,6800,2024-03-12
RT-107,South East Sector,878,-4.0,Snow,182000,10400,2024-03-12
RT-103,North East Sector,334,28.9,Clear,135000,7500,2024-03-12
RT-104,North West Sector,276,24.1,Clear,120000,6800,2024-03-12
RT-107,South East Sector,534,20.4,Rain,182000,10400,2024-03-12
RT-105,North-Central East Sector,877,23.4,Rain,175000,9900,2024-03-12
RT-109,South-Central East Sector,312,-3.6,Snow,230000,13800,2024-03-12
RT-101,Central East Sector,286,27.1,Clear,340000,20200,2024-03-12
RT-106,North-Central West Sector,643,26.2,Clear,195000,11200,2024-03-12
RT-104,North West Sector,286,-4.9,Snow,120000,6800,2024-03-12
RT-102,Central West Sector,521,0.5,Snow,310000,18500,2024-03-12
RT-108,South West Sector,297,18.4,Rain,145000,8200,2024-03-12
RT-107,South East Sector,592,26.7,Clear,182000,10400,2024-03-12
RT-109,South-Central East Sector,93,21.4,Rain,230000,13800,2024-03-12
RT-106,North-Central West Sector,350,-0.6,Snow,195000,11200,2024-03-12
RT-104,North West Sector,178,28.9,Clear,120000,6800,2024-03-12
RT-102,Central West Sector,364,19.5,Rain,310000,18500,2024-03-12
RT-105,North-Central East Sector,371,-4.9,Snow,175000,9900,2024-03-12
RT-107,South East Sector,117,0.1,Snow,182000,10400,2024-03-12
RT-104,North West Sector,268,17.2,Fog,120000,6800,2024-03-12
RT-105,North-Central East Sector,158,23.0,Rain,175000,9900,2024-03-12
RT-101,Central East Sector,454,22.9,Rain,340000,20200,2024-03-12
RT-108,South West Sector,230,23.1,Rain,145000,8200,2024-03-12
RT-109,South-Central East Sector,250,20.9,Rain,230000,13800,2024-03-12
RT-101,Central East Sector,183,-2.7,Snow,340000,20200,2024-03-12
RT-107,South East Sector,245,18.7,Fog,182000,10400,2024-03-12
RT-110,South-Central West Sector,307,16.7,Fog,210000,12500,2024-03-12
RT-109,South-Central East Sector,324,19.1,Rain,230000,13800,2024-03-12
RT-106,North-Central West Sector,377,19.1,Fog,195000,11200,2024-03-12
RT-106,North-Central West Sector,248,19.3,Fog,195000,11200,2024-03-12
RT-103,North East Sector,410,20.8,Rain,135000,7500,2024-03-12
RT-103,North East Sector,516,14.5,Fog,135000,7500,2024-03-12
RT-106,North-Central West Sector,152,20.3,Rain,195000,11200,2024-03-12
RT-105,North-Central East Sector,53,22.8,Rain,175000,9900,2024-03-12
RT-105,North-Central East Sector,406,31.0,Clear,175000,9900,2024-03-12
RT-102,Central West Sector,612,15.2,Fog,310000,18500,2024-03-12
RT-104,North West Sector,986,18.4,Rain,120000,6800,2024-03-12
RT-107,South East Sector,442,1.1,Snow,182000,10400,2024-03-12
RT-101,Central East Sector,252,-2.3,Snow,340000,20200,2024-03-12
RT-104,North West Sector,319,27.4,Clear,120000,6800,2024-03-12
RT-103,North East Sector,786,31.7,Clear,135000,7500,2024-03-12
RT-106,North-Central West Sector,309,18.4,Rain,195000,11200,2024-03-12
RT-101,Central East Sector,656,28.5,Clear,340000,20200,2024-03-12
RT-106,North-Central West Sector,602,-4.5,Snow,195000,11200,2024-03-12
RT-104,North West Sector,70,-2.4,Snow,120000,6800,2024-03-12
RT-105,North-Central East Sector,559,22.8,Rain,175000,9900,2024-03-12
RT-102,Central West Sector,655,16.6,Fog,310000,18500,2024-03-12
RT-102,Central West Sector,349,2.0,Snow,310000,18500,2024-03-12
RT-106,North-Central West Sector,234,21.4,Rain,195000,11200,2024-03-12
RT-105,North-Central East Sector,145,15.9,Fog,175000,9900,2024-03-12
RT-103,North East Sector,419,-3.5,Snow,135000,7500,2024-03-12
RT-101,Central East Sector,85,20.1,Rain,340000,20200,2024-03-12
RT-101,Central East Sector,232,16.2,Fog,340000,20200,2024-03-12
RT-102,Central West Sector,304,22.7,Clear,310000,18500,2024-03-12
RT-102,Central West Sector,424,-2.4,Snow,310000,18500,2024-03-12
RT-102,Central West Sector,644,16.8,Fog,310000,18500,2024-03-12
RT-107,South East Sector,672,22.3,Rain,182000,10400,2024-03-12
RT-106,North-Central West Sector,405,21.9,Rain,195000,11200,2024-03-12
RT-101,Central East Sector,381,18.3,Fog,340000,20200,2024-03-12
RT-107,South East Sector,534,-4.9,Snow,182000,10400,2024-03-12
RT-106,North-Central West Sector,212,-3.5,Snow,195000,11200,2024-03-12
RT-103,North East Sector,250,18.0,Fog,135000,7500,2024-03-12
RT-101,Central East Sector,846,16.9,Fog,340000,20200,2024-03-12
RT-105,North-Central East Sector,360,-5.0,Snow,175000,9900,2024-03-12
RT-103,North East Sector,726,22.8,Rain,135000,7500,2024-03-12
RT-105,North-Central East Sector,336,22.6,Rain,175000,9900,2024-03-12
RT-104,North West Sector,150,27.5,Clear,120000,6800,2024-03-12
RT-105,North-Central East Sector,474,22.7,Clear,175000,9900,2024-03-12
RT-108,South West Sector,145,0.4,Snow,145000,8200,2024-03-12
RT-101,Central East Sector,258,27.8,Clear,340000,20200,2024-03-12
RT-108,South West Sector,56,0.5,Snow,145000,8200,2024-03-12
RT-108,South West Sector,369,29.5,Clear,145000,8200,2024-03-12
RT-105,North-Central East Sector,249,18.8,Fog,175000,9900,2024-03-12
RT-106,North-Central West Sector,1078,-1.4,Snow,195000,11200,2024-03-12
RT-105,North-Central East Sector,430,14.8,Fog,175000,9900,2024-03-12
RT-110,South-Central West Sector,626,22.0,Rain,210000,12500,2024-03-12
RT-101,Central East Sector,454,-0.7,Snow,340000,20200,2024-03-12
RT-101,Central East Sector,654,29.4,Clear,340000,20200,2024-03-12
RT-105,North-Central East Sector,825,19.0,Rain,175000,9900,2024-03-12
RT-110,South-Central West Sector,592,15.2,Fog,210000,12500,2024-03-12
RT-108,South West Sector,564,23.3,Rain,145000,8200,2024-03-12
RT-104,North West Sector,492,29.5,Clear,120000,6800,2024-03-12
RT-107,South East Sector,482,19.4,Fog,182000,10400,2024-03-12
RT-103,North East Sector,442,0.3,Snow,135000,7500,2024-03-12
RT-104,North West Sector,172,17.6,Fog,120000,6800,2024-03-12
RT-107,South East Sector,371,21.9,Rain,182000,10400,2024-03-12
RT-107,South East Sector,147,19.3,Fog,182000,10400,2024-03-12
RT-105,North-Central East Sector,520,21.5,Rain,175000,9900,2024-03-12
RT-110,South-Central West Sector,168,-0.6,Snow,210000,12500,2024-03-12
RT-104,North West Sector,144,14.9,Fog,120000,6800,2024-03-12
RT-106,North-Central West Sector,954,26.7,Clear,195000,11200,2024-03-12
RT-107,South East Sector,519,18.3,Fog,182000,10400,2024-03-12
RT-105,North-Central East Sector,737,19.6,Rain,175000,9900,2024-03-12
RT-103,North East Sector,316,19.2,Rain,135000,7500,2024-03-12
RT-101,Central East Sector,534,15.9,Fog,340000,20200,2024-03-12
RT-102,Central West Sector,544,19.4,Rain,310000,18500,2024-03-12
RT-105,North-Central East Sector,666,24.1,Clear,175000,9900,2024-03-12
RT-106,North-Central West Sector,284,26.2,Clear,195000,11200,2024-03-12
RT-108,South West Sector,318,1.4,Snow,145000,8200,2024-03-12
RT-108,South West Sector,286,-1.5,Snow,145000,8200,2024-03-12
RT-109,South-Central East Sector,231,15.1,Fog,230000,13800,2024-03-12
RT-110,South-Central West Sector,323,14.5,Fog,210000,12500,2024-03-12
RT-109,South-Central East Sector,292,22.2,Rain,230000,13800,2024-03-12
RT-103,North East Sector,554,16.3,Fog,135000,7500,2024-03-12
RT-104,North West Sector,341,22.9,Rain,120000,6800,2024-03-12
RT-104,North West Sector,54,-0.4,Snow,120000,6800,2024-03-12
RT-104,North West Sector,940,18.8,Fog,120000,6800,2024-03-12
RT-105,North-Central East Sector,330,-3.1,Snow,175000,9900,2024-03-12
RT-110,South-Central West Sector,326,18.2,Fog,210000,12500,2024-03-12
RT-107,South East Sector,254,-3.2,Snow,182000,10400,2024-03-12
RT-107,South East Sector,332,1.6,Snow,182000,10400,2024-03-12
RT-108,South West Sector,838,-0.5,Snow,145000,8200,2024-03-12
RT-106,North-Central West Sector,308,19.9,Rain,195000,11200,2024-03-12
RT-109,South-Central East Sector,607,24.7,Clear,230000,13800,2024-03-12
RT-103,North East Sector,438,-3.7,Snow,135000,7500,2024-03-12
RT-109,South-Central East Sector,221,22.2,Rain,230000,13800,2024-03-12
RT-107,South East Sector,302,24.2,Clear,182000,10400,2024-03-12
RT-109,South-Central East Sector,160,21.6,Rain,230000,13800,2024-03-12
RT-110,South-Central West Sector,243,-3.1,Snow,210000,12500,2024-03-12
RT-105,North-Central East Sector,372,18.0,Fog,175000,9900,2024-03-12
RT-103,North East Sector,286,30.1,Clear,135000,7500,2024-03-12
RT-104,North West Sector,283,18.7,Fog,120000,6800,2024-03-12
RT-101,Central East Sector,295,0.3,Snow,340000,20200,2024-03-12
RT-106,North-Central West Sector,105,23.9,Clear,195000,11200,2024-03-12
RT-110,South-Central West Sector,332,18.5,Rain,210000,12500,2024-03-12
RT-104,North West Sector,294,22.2,Rain,120000,6800,2024-03-12
RT-107,South East Sector,708,25.7,Clear,182000,10400,2024-03-12
RT-103,North East Sector,53,-2.0,Snow,135000,7500,2024-03-12
RT-105,North-Central East Sector,522,-4.8,Snow,175000,9900,2024-03-12
RT-108,South West Sector,782,-3.2,Snow,145000,8200,2024-03-12
RT-110,South-Central West Sector,89,18.2,Rain,210000,12500,2024-03-12
RT-106,North-Central West Sector,216,30.8,Clear,195000,11200,2024-03-12
RT-107,South East Sector,672,24.4,Clear,182000,10400,2024-03-12
RT-108,South West Sector,267,-1.1,Snow,145000,8200,2024-03-12
RT-106,North-Central West Sector,422,18.2,Rain,195000,11200,2024-03-12
RT-105,North-Central East Sector,295,22.0,Rain,175000,9900,2024-03-12
RT-108,South West Sector,684,-2.7,Snow,145000,8200,2024-03-12
RT-104,North West Sector,269,19.4,Fog,120000,6800,2024-03-12
RT-105,North-Central East Sector,94,19.3,Fog,175000,9900,2024-03-12
RT-103,North East Sector,118,25.3,Clear,135000,7500,2024-03-12
RT-105,North-Central East Sector,173,31.0,Clear,175000,9900,2024-03-12
RT-109,South-Central East Sector,290,24.0,Rain,230000,13800,2024-03-12
RT-106,North-Central West Sector,94,0.8,Snow,195000,11200,2024-03-12
RT-106,North-Central West Sector,728,19.1,Fog,195000,11200,2024-03-12
RT-108,South West Sector,681,-3.3,Snow,145000,8200,2024-03-12
RT-109,South-Central East Sector,1256,17.5,Fog,230000,13800,2024-03-12
RT-108,South West Sector,240,18.4,Rain,145000,8200,2024-03-12
RT-104,North West Sector,1246,22.9,Clear,120000,6800,2024-03-12
RT-110,South-Central West Sector,622,24.0,Rain,210000,12500,2024-03-12
RT-106,North-Central West Sector,160,20.0,Rain,195000,11200,2024-03-12
RT-102,Central West Sector,502,0.2,Snow,310000,18500,2024-03-12
RT-109,South-Central East Sector,294,18.8,Fog,230000,13800,2024-03-12
RT-101,Central East Sector,177,1.0,Snow,340000,20200,2024-03-12
RT-110,South-Central West Sector,203,20.0,Fog,210000,12500,2024-03-12
RT-106,North-Central West Sector,300,-3.3,Snow,195000,11200,2024-03-12
RT-101,Central East Sector,345,22.4,Clear,340000,20200,2024-03-12
RT-103,North East Sector,298,20.5,Rain,135000,7500,2024-03-12
RT-109,South-Central East Sector,628,18.8,Rain,230000,13800,2024-03-12
RT-110,South-Central West Sector,426,-4.8,Snow,210000,12500,2024-03-12
RT-101,Central East Sector,468,20.2,Rain,340000,20200,2024-03-12
RT-103,North East Sector,370,29.8,Clear,135000,7500,2024-03-12
RT-110,South-Central West Sector,327,17.4,Fog,210000,12500,2024-03-12
RT-110,South-Central West Sector,849,-2.8,Snow,210000,12500,2024-03-12
RT-101,Central East Sector,230,-0.4,Snow,340000,20200,2024-03-12
RT-101,Central East Sector,93,15.4,Fog,340000,20200,2024-03-12
RT-105,North-Central East Sector,329,22.1,Clear,175000,9900,2024-03-12
RT-109,South-Central East Sector,276,18.6,Fog,230000,13800,2024-03-12
RT-109,South-Central East Sector,156,21.7,Rain,230000,13800,2024-03-12
RT-105,North-Central East Sector,245,18.6,Fog,175000,9900,2024-03-12
RT-103,North East Sector,244,-4.7,Snow,135000,7500,2024-03-12
RT-103,North East Sector,388,0.9,Snow,135000,7500,2024-03-12
RT-110,South-Central West Sector,226,17.7,Fog,210000,12500,2024-03-12
RT-108,South West Sector,273,-1.1,Snow,145000,8200,2024-03-12
RT-103,North East Sector,706,17.7,Fog,135000,7500,2024-03-12
RT-102,Central West Sector,185,19.2,Fog,310000,18500,2024-03-12
RT-108,South West Sector,261,-0.9,Snow,145000,8200,2024-03-12
RT-110,South-Central West Sector,193,-0.9,Snow,210000,12500,2024-03-12
RT-110,South-Central West Sector,508,19.9,Fog,210000,12500,2024-03-12
RT-107,South East Sector,231,18.5,Fog,182000,10400,2024-03-12
RT-109,South-Central East Sector,299,16.7,Fog,230000,13800,2024-03-12
RT-102,Central West Sector,1228,22.2,Rain,310000,18500,2024-03-12
RT-108,South West Sector,282,16.3,Fog,145000,8200,2024-03-12
RT-102,Central West Sector,720,-3.4,Snow,310000,18500,2024-03-12
RT-109,South-Central East Sector,366,21.6,Rain,230000,13800,2024-03-12
RT-103,North East Sector,242,19.6,Fog,135000,7500,2024-03-12
RT-110,South-Central West Sector,734,31.3,Clear,210000,12500,2024-03-12
RT-103,North East Sector,91,20.1,Rain,135000,7500,2024-03-12
RT-106,North-Central West Sector,302,17.2,Fog,195000,11200,2024-03-12
RT-106,North-Central West Sector,186,24.1,Clear,195000,11200,2024-03-12
RT-108,South West Sector,128,24.0,Rain,145000,8200,2024-03-12
RT-107,South East Sector,126,1.9,Snow,182000,10400,2024-03-12
RT-110,South-Central West Sector,604,17.9,Fog,210000,12500,2024-03-12
RT-101,Central East Sector,428,30.0,Clear,340000,20200,2024-03-12
RT-110,South-Central West Sector,685,0.0,Snow,210000,12500,2024-03-12
RT-104,North West Sector,70,17.6,Fog,120000,6800,2024-03-12
RT-109,South-Central East Sector,1004,14.3,Fog,230000,13800,2024-03-12
RT-103,North East Sector,200,-1.8,Snow,135000,7500,2024-03-12
RT-107,South East Sector,196,28.7,Clear,182000,10400,2024-03-12
RT-110,South-Central West Sector,236,18.1,Fog,210000,12500,2024-03-12
RT-106,North-Central West Sector,266,16.2,Fog,195000,11200,2024-03-12
RT-103,North East Sector,490,31.4,Clear,135000,7500,2024-03-12
RT-105,North-Central East Sector,252,19.0,Rain,175000,9900,2024-03-12
RT-103,North East Sector,546,-1.5,Snow,135000,7500,2024-03-13
RT-110,South-Central West Sector,233,28.9,Clear,210000,12500,2024-03-13
RT-106,North-Central West Sector,436,22.2,Rain,195000,11200,2024-03-13
RT-107,South East Sector,382,28.5,Clear,182000,10400,2024-03-13
RT-102,Central West Sector,610,15.7,Fog,310000,18500,2024-03-13
RT-109,South-Central East Sector,1284,23.6,Clear,230000,13800,2024-03-13
RT-110,South-Central West Sector,347,21.8,Rain,210000,12500,2024-03-13
RT-107,South East Sector,195,28.0,Clear,182000,10400,2024-03-13
RT-103,North East Sector,194,-3.7,Snow,135000,7500,2024-03-13
RT-108,South West Sector,135,29.1,Clear,145000,8200,2024-03-13
RT-104,North West Sector,664,20.7,Rain,120000,6800,2024-03-13
RT-110,South-Central West Sector,396,18.0,Fog,210000,12500,2024-03-13
RT-101,Central East Sector,94,0.9,Snow,340000,20200,2024-03-13
RT-101,Central East Sector,198,23.7,Clear,340000,20200,2024-03-13
RT-106,North-Central West Sector,234,22.2,Clear,195000,11200,2024-03-13
RT-110,South-Central West Sector,271,22.7,Rain,210000,12500,2024-03-13
RT-109,South-Central East Sector,174,28.1,Clear,230000,13800,2024-03-13
RT-103,North East Sector,469,18.2,Fog,135000,7500,2024-03-13
RT-110,South-Central West Sector,520,0.9,Snow,210000,12500,2024-03-13
RT-107,South East Sector,458,0.6,Snow,182000,10400,2024-03-13
RT-104,North West Sector,339,1.7,Snow,120000,6800,2024-03-13
RT-105,North-Central East Sector,212,27.4,Clear,175000,9900,2024-03-13
RT-107,South East Sector,274,26.9,Clear,182000,10400,2024-03-13
RT-109,South-Central East Sector,374,16.4,Fog,230000,13800,2024-03-13
RT-101,Central East Sector,152,14.9,Fog,340000,20200,2024-03-13
RT-109,South-Central East Sector,357,17.4,Fog,230000,13800,2024-03-13
RT-109,South-Central East Sector,76,24.8,Clear,230000,13800,2024-03-13
RT-110,South-Central West Sector,326,23.5,Rain,210000,12500,2024-03-13
RT-107,South East Sector,324,-0.9,Snow,182000,10400,2024-03-13
RT-107,South East Sector,356,-0.9,Snow,182000,10400,2024-03-13
RT-101,Central East Sector,427,25.5,Clear,340000,20200,2024-03-13
RT-104,North West Sector,316,14.3,Fog,120000,6800,2024-03-13
RT-101,Central East Sector,155,22.3,Clear,340000,20200,2024-03-13
RT-105,North-Central East Sector,88,-2.0,Snow,175000,9900,2024-03-13
RT-105,North-Central East Sector,220,14.5,Fog,175000,9900,2024-03-13
RT-102,Central West Sector,342,17.6,Fog,310000,18500,2024-03-13
RT-104,North West Sector,130,19.3,Fog,120000,6800,2024-03-13
RT-103,North East Sector,152,1.2,Snow,135000,7500,2024-03-13
RT-106,North-Central West Sector,181,28.6,Clear,195000,11200,2024-03-13
RT-103,North East Sector,424,15.3,Fog,135000,7500,2024-03-13
RT-101,Central East Sector,314,19.2,Fog,340000,20200,2024-03-13
RT-109,South-Central East Sector,194,30.9,Clear,230000,13800,2024-03-13
RT-109,South-Central East Sector,273,15.2,Fog,230000,13800,2024-03-13
RT-108,South West Sector,417,18.4,Fog,145000,8200,2024-03-13
RT-101,Central East Sector,436,24.9,Clear,340000,20200,2024-03-13
RT-105,North-Central East Sector,351,0.6,Snow,175000,9900,2024-03-13
RT-105,North-Central East Sector,444,24.0,Rain,175000,9900,2024-03-13
RT-108,South West Sector,966,-4.8,Snow,145000,8200,2024-03-13
RT-110,South-Central West Sector,73,23.4,Rain,210000,12500,2024-03-13
RT-103,North East Sector,354,-0.6,Snow,135000,7500,2024-03-13
RT-101,Central East Sector,196,31.7,Clear,340000,20200,2024-03-13
RT-110,South-Central West Sector,466,20.8,Rain,210000,12500,2024-03-13
RT-108,South West Sector,886,0.9,Snow,145000,8200,2024-03-13
RT-105,North-Central East Sector,228,22.6,Clear,175000,9900,2024-03-13
RT-103,North East Sector,259,25.4,Clear,135000,7500,2024-03-13
RT-110,South-Central West Sector,424,18.4,Rain,210000,12500,2024-03-13
RT-105,North-Central East Sector,474,19.9,Fog,175000,9900,2024-03-13
RT-104,North West Sector,548,22.9,Rain,120000,6800,2024-03-13
RT-105,North-Central East Sector,139,1.0,Snow,175000,9900,2024-03-13
RT-103,North East Sector,166,31.4,Clear,135000,7500,2024-03-13
RT-109,South-Central East Sector,136,18.5,Rain,230000,13800,2024-03-13
RT-105,North-Central East Sector,434,25.9,Clear,175000,9900,2024-03-13
RT-109,South-Central East Sector,318,18.4,Rain,230000,13800,2024-03-13
RT-109,South-Central East Sector,397,19.3,Rain,230000,13800,2024-03-13
RT-110,South-Central West Sector,638,19.4,Rain,210000,12500,2024-03-13
RT-108,South West Sector,598,16.8,Fog,145000,8200,2024-03-13
RT-108,South West Sector,215,19.6,Rain,145000,8200,2024-03-13
RT-110,South-Central West Sector,398,-4.3,Snow,210000,12500,2024-03-13
RT-110,South-Central West Sector,474,19.0,Rain,210000,12500,2024-03-13
RT-105,North-Central East Sector,356,14.9,Fog,175000,9900,2024-03-13
RT-102,Central West Sector,234,19.8,Fog,310000,18500,2024-03-13
RT-104,North West Sector,144,18.6,Fog,120000,6800,2024-03-13
RT-106,North-Central West Sector,420,31.7,Clear,195000,11200,2024-03-13
RT-102,Central West Sector,374,-1.9,Snow,310000,18500,2024-03-13
RT-106,North-Central West Sector,798,15.7,Fog,195000,11200,2024-03-13
RT-110,South-Central West Sector,133,22.8,Rain,210000,12500,2024-03-13
RT-103,North East Sector,112,20.0,Rain,135000,7500,2024-03-13
RT-102,Central West Sector,334,-2.9,Snow,310000,18500,2024-03-13
RT-102,Central West Sector,394,24.3,Clear,310000,18500,2024-03-13
RT-101,Central East Sector,272,14.8,Fog,340000,20200,2024-03-13
RT-103,North East Sector,70,15.5,Fog,135000,7500,2024-03-13
RT-104,North West Sector,664,20.1,Rain,120000,6800,2024-03-13
RT-107,South East Sector,396,18.0,Fog,182000,10400,2024-03-13
RT-108,South West Sector,861,18.4,Rain,145000,8200,2024-03-13
RT-106,North-Central West Sector,722,-3.5,Snow,195000,11200,2024-03-13
RT-107,South East Sector,240,22.9,Rain,182000,10400,2024-03-13
RT-101,Central East Sector,851,14.9,Fog,340000,20200,2024-03-13
RT-101,Central East Sector,212,-2.6,Snow,340000,20200,2024-03-13
RT-109,South-Central East Sector,159,30.6,Clear,230000,13800,2024-03-13
RT-106,North-Central West Sector,332,14.9,Fog,195000,11200,2024-03-13
RT-104,North West Sector,740,18.5,Rain,120000,6800,2024-03-13
RT-106,North-Central West Sector,406,16.9,Fog,195000,11200,2024-03-13
RT-108,South West Sector,224,25.0,Clear,145000,8200,2024-03-13
RT-101,Central East Sector,166,21.4,Rain,340000,20200,2024-03-13
RT-101,Central East Sector,1142,30.0,Clear,340000,20200,2024-03-13
RT-108,South West Sector,252,23.4,Clear,145000,8200,2024-03-13
RT-102,Central West Sector,516,17.5,Fog,310000,18500,2024-03-13
RT-106,North-Central West Sector,554,-1.5,Snow,195000,11200,2024-03-13
RT-105,North-Central East Sector,608,14.9,Fog,175000,9900,2024-03-13
RT-107,South East Sector,618,17.7,Fog,182000,10400,2024-03-13
RT-108,South West Sector,352,15.6,Fog,145000,8200,2024-03-13
RT-101,Central East Sector,240,26.9,Clear,340000,20200,2024-03-13
RT-104,North West Sector,867,18.5,Rain,120000,6800,2024-03-13
RT-107,South East Sector,915,26.6,Clear,182000,10400,2024-03-13
RT-110,South-Central West Sector,413,25.1,Clear,210000,12500,2024-03-13
RT-109,South-Central East Sector,226,18.9,Fog,230000,13800,2024-03-13
RT-103,North East Sector,356,18.3,Rain,135000,7500,2024-03-13
RT-108,South West Sector,558,-2.1,Snow,145000,8200,2024-03-13
RT-109,South-Central East Sector,272,20.8,Rain,230000,13800,2024-03-13
RT-101,Central East Sector,274,22.4,Rain,340000,20200,2024-03-13
RT-106,North-Central West Sector,318,-1.0,Snow,195000,11200,2024-03-13
RT-103,North East Sector,357,-0.3,Snow,135000,7500,2024-03-13
RT-101,Central East Sector,464,18.7,Fog,340000,20200,2024-03-13
RT-101,Central East Sector,136,1.0,Snow,340000,20200,2024-03-13
RT-109,South-Central East Sector,240,15.9,Fog,230000,13800,2024-03-13
RT-107,South East Sector,485,-1.2,Snow,182000,10400,2024-03-13
RT-105,North-Central East Sector,185,0.9,Snow,175000,9900,2024-03-13
RT-106,North-Central West Sector,379,23.9,Rain,195000,11200,2024-03-13
RT-105,North-Central East Sector,769,30.9,Clear,175000,9900,2024-03-13
RT-102,Central West Sector,364,-2.4,Snow,310000,18500,2024-03-13
RT-101,Central East Sector,364,-3.6,Snow,340000,20200,2024-03-13
RT-110,South-Central West Sector,232,-1.6,Snow,210000,12500,2024-03-13
RT-109,South-Central East Sector,285,22.4,Rain,230000,13800,2024-03-13
RT-108,South West Sector,218,21.0,Rain,145000,8200,2024-03-13
RT-107,South East Sector,168,16.9,Fog,182000,10400,2024-03-13
RT-102,Central West Sector,405,23.0,Rain,310000,18500,2024-03-13
RT-104,North West Sector,192,-2.5,Snow,120000,6800,2024-03-13
RT-105,North-Central East Sector,328,30.6,Clear,175000,9900,2024-03-13
RT-104,North West Sector,220,26.1,Clear,120000,6800,2024-03-13
RT-102,Central West Sector,520,20.0,Rain,310000,18500,2024-03-13
RT-103,North East Sector,282,-1.8,Snow,135000,7500,2024-03-13
RT-102,Central West Sector,167,0.3,Snow,310000,18500,2024-03-13
RT-108,South West Sector,590,18.8,Rain,145000,8200,2024-03-13
RT-104,North West Sector,588,-3.6,Snow,120000,6800,2024-03-13
RT-107,South East Sector,247,1.7,Snow,182000,10400,2024-03-13
RT-109,South-Central East Sector,226,23.8,Clear,230000,13800,2024-03-13
RT-101,Central East Sector,342,21.4,Rain,340000,20200,2024-03-13
RT-105,North-Central East Sector,260,21.5,Rain,175000,9900,2024-03-13
RT-108,South West Sector,416,20.9,Rain,145000,8200,2024-03-13
RT-107,South East Sector,516,28.4,Clear,182000,10400,2024-03-13
RT-107,South East Sector,246,15.4,Fog,182000,10400,2024-03-13
RT-103,North East Sector,260,-1.1,Snow,135000,7500,2024-03-13
RT-107,South East Sector,170,16.2,Fog,182000,10400,2024-03-13
RT-105,North-Central East Sector,316,28.6,Clear,175000,9900,2024-03-13
RT-105,North-Central East Sector,252,23.4,Clear,175000,9900,2024-03-13
RT-106,North-Central West Sector,580,27.7,Clear,195000,11200,2024-03-13
RT-107,South East Sector,936,15.1,Fog,182000,10400,2024-03-13
RT-109,South-Central East Sector,270,19.7,Rain,230000,13800,2024-03-13
RT-103,North East Sector,242,-3.5,Snow,135000,7500,2024-03-13
RT-109,South-Central East Sector,580,15.1,Fog,230000,13800,2024-03-13
RT-106,North-Central West Sector,602,19.0,Fog,195000,11200,2024-03-13
RT-108,South West Sector,136,19.7,Rain,145000,8200,2024-03-13
RT-106,North-Central West Sector,286,23.6,Rain,195000,11200,2024-03-13
RT-108,South West Sector,481,19.8,Fog,145000,8200,2024-03-13
RT-103,North East Sector,440,-1.0,Snow,135000,7500,2024-03-13
RT-103,North East Sector,828,14.9,Fog,135000,7500,2024-03-13
RT-102,Central West Sector,790,-2.4,Snow,310000,18500,2024-03-13
RT-106,North-Central West Sector,230,18.8,Fog,195000,11200,2024-03-13
RT-106,North-Central West Sector,387,20.2,Rain,195000,11200,2024-03-13
RT-110,South-Central West Sector,632,18.5,Rain,210000,12500,2024-03-13
RT-101,Central East Sector,220,17.3,Fog,340000,20200,2024-03-13
RT-101,Central East Sector,181,23.1,Rain,340000,20200,2024-03-13
RT-105,North-Central East Sector,367,0.6,Snow,175000,9900,2024-03-13
RT-105,North-Central East Sector,202,19.1,Rain,175000,9900,2024-03-13
RT-102,Central West Sector,154,-0.3,Snow,310000,18500,2024-03-13
RT-103,North East Sector,241,15.3,Fog,135000,7500,2024-03-13
RT-105,North-Central East Sector,536,-3.5,Snow,175000,9900,2024-03-13
RT-108,South West Sector,1005,23.2,Rain,145000,8200,2024-03-13
RT-108,South West Sector,362,24.5,Clear,145000,8200,2024-03-13
RT-107,South East Sector,624,-3.2,Snow,182000,10400,2024-03-13
RT-102,Central West Sector,267,22.0,Clear,310000,18500,2024-03-13
RT-107,South East Sector,378,19.2,Fog,182000,10400,2024-03-13
RT-107,South East Sector,341,29.9,Clear,182000,10400,2024-03-13
RT-101,Central East Sector,376,-0.6,Snow,340000,20200,2024-03-13
RT-102,Central West Sector,712,18.5,Fog,310000,18500,2024-03-13
RT-106,North-Central West Sector,183,-3.9,Snow,195000,11200,2024-03-13
RT-101,Central East Sector,228,-1.8,Snow,340000,20200,2024-03-13
RT-106,North-Central West Sector,354,25.5,Clear,195000,11200,2024-03-13
RT-103,North East Sector,365,-4.3,Snow,135000,7500,2024-03-13
RT-102,Central West Sector,761,16.9,Fog,310000,18500,2024-03-13
RT-101,Central East Sector,372,23.5,Rain,340000,20200,2024-03-13
RT-103,North East Sector,602,14.2,Fog,135000,7500,2024-03-13
RT-101,Central East Sector,230,15.7,Fog,340000,20200,2024-03-13
RT-110,South-Central West Sector,160,24.1,Clear,210000,12500,2024-03-13
RT-110,South-Central West Sector,469,-3.3,Snow,210000,12500,2024-03-13
RT-102,Central West Sector,382,19.5,Fog,310000,18500,2024-03-13
RT-110,South-Central West Sector,67,16.8,Fog,210000,12500,2024-03-13
RT-109,South-Central East Sector,257,16.8,Fog,230000,13800,2024-03-13
RT-105,North-Central East Sector,280,29.6,Clear,175000,9900,2024-03-13
RT-104,North West Sector,402,14.9,Fog,120000,6800,2024-03-13
RT-106,North-Central West Sector,408,16.9,Fog,195000,11200,2024-03-13
RT-101,Central East Sector,388,26.3,Clear,340000,20200,2024-03-13
RT-109,South-Central East Sector,228,-0.8,Snow,230000,13800,2024-03-13
RT-101,Central East Sector,79,32.0,Clear,340000,20200,2024-03-13
RT-110,South-Central West Sector,106,0.4,Snow,210000,12500,2024-03-13
RT-104,North West Sector,446,-2.2,Snow,120000,6800,2024-03-13
RT-109,South-Central East Sector,296,23.0,Rain,230000,13800,2024-03-13
RT-109,South-Central East Sector,246,19.0,Rain,230000,13800,2024-03-13
RT-106,North-Central West Sector,199,-4.8,Snow,195000,11200,2024-03-13
RT-108,South West Sector,314,24.0,Clear,145000,8200,2024-03-13
RT-104,North West Sector,230,20.0,Rain,120000,6800,2024-03-13
RT-104,North West Sector,319,27.1,Clear,120000,6800,2024-03-13
RT-101,Central East Sector,94,17.7,Fog,340000,20200,2024-03-13
RT-109,South-Central East Sector,667,31.1,Clear,230000,13800,2024-03-13
RT-107,South East Sector,708,21.1,Rain,182000,10400,2024-03-13
RT-110,South-Central West Sector,368,21.0,Rain,210000,12500,2024-03-13
RT-107,South East Sector,422,22.5,Clear,182000,10400,2024-03-13
RT-104,North West Sector,478,14.2,Fog,120000,6800,2024-03-13
RT-101,Central East Sector,346,21.3,Rain,340000,20200,2024-03-13
RT-105,North-Central East Sector,542,16.6,Fog,175000,9900,2024-03-13
RT-101,Central East Sector,244,23.0,Rain,340000,20200,2024-03-13
RT-108,South West Sector,337,23.6,Clear,145000,8200,2024-03-13
RT-110,South-Central West Sector,379,18.1,Rain,210000,12500,2024-03-13
RT-110,South-Central West Sector,830,16.7,Fog,210000,12500,2024-03-13
RT-105,North-Central East Sector,946,24.4,Clear,175000,9900,2024-03-13
RT-104,North West Sector,245,18.3,Rain,120000,6800,2024-03-13
RT-104,North West Sector,560,18.3,Fog,120000,6800,2024-03-13
RT-103,North East Sector,407,-4.2,Snow,135000,7500,2024-03-13
RT-106,North-Central West Sector,161,21.6,Rain,195000,11200,2024-03-13
RT-102,Central West Sector,365,15.7,Fog,310000,18500,2024-03-13
RT-102,Central West Sector,339,19.0,Rain,310000,18500,2024-03-13
RT-108,South West Sector,646,16.3,Fog,145000,8200,2024-03-13
RT-103,North East Sector,526,30.0,Clear,135000,7500,2024-03-13
RT-104,North West Sector,457,25.9,Clear,120000,6800,2024-03-13
RT-110,South-Central West Sector,116,0.3,Snow,210000,12500,2024-03-13
RT-107,South East Sector,652,18.8,Rain,182000,10400,2024-03-13
RT-105,North-Central East Sector,137,29.7,Clear,175000,9900,2024-03-13
RT-103,North East Sector,644,19.4,Rain,135000,7500,2024-03-13
RT-102,Central West Sector,306,22.1,Rain,310000,18500,2024-03-13
RT-109,South-Central East Sector,376,17.4,Fog,230000,13800,2024-03-13
RT-102,Central West Sector,391,1.5,Snow,310000,18500,2024-03-13
RT-109,South-Central East Sector,89,25.9,Clear,230000,13800,2024-03-13
RT-110,South-Central West Sector,428,14.4,Fog,210000,12500,2024-03-13
RT-107,South East Sector,222,18.1,Rain,182000,10400,2024-03-13
RT-103,North East Sector,390,30.3,Clear,135000,7500,2024-03-13
RT-105,North-Central East Sector,412,27.2,Clear,175000,9900,2024-03-13
RT-103,North East Sector,225,0.4,Snow,135000,7500,2024-03-13
RT-109,South-Central East Sector,315,19.4,Rain,230000,13800,2024-03-13
RT-108,South West Sector,554,20.1,Rain,145000,8200,2024-03-13
RT-107,South East Sector,394,14.2,Fog,182000,10400,2024-03-13
RT-103,North East Sector,1150,19.8,Fog,135000,7500,2024-03-13
RT-110,South-Central West Sector,464,18.0,Fog,210000,12500,2024-03-13
RT-108,South West Sector,414,23.6,Rain,145000,8200,2024-03-13
RT-108,South West Sector,414,15.6,Fog,145000,8200,2024-03-13
RT-110,South-Central West Sector,888,21.7,Rain,210000,12500,2024-03-13
RT-105,North-Central East Sector,331,28.8,Clear,175000,9900,2024-03-13
RT-104,North West Sector,326,15.9,Fog,120000,6800,2024-03-13
RT-107,South East Sector,246,19.1,Fog,182000,10400,2024-03-13
RT-104,North West Sector,207,23.7,Rain,120000,6800,2024-03-13
RT-102,Central West Sector,334,19.3,Fog,310000,18500,2024-03-13
RT-109,South-Central East Sector,306,22.4,Rain,230000,13800,2024-03-13
RT-106,North-Central West Sector,404,24.8,Clear,195000,11200,2024-03-13
RT-106,North-Central West Sector,244,19.7,Rain,195000,11200,2024-03-13
RT-101,Central East Sector,436,19.8,Fog,340000,20200,2024-03-13
RT-107,South East Sector,379,22.1,Clear,182000,10400,2024-03-13
RT-102,Central West Sector,251,29.2,Clear,310000,18500,2024-03-13
RT-103,North East Sector,178,-0.1,Snow,135000,7500,2024-03-13
RT-101,Central East Sector,200,-0.6,Snow,340000,20200,2024-03-13
RT-108,South West Sector,279,1.9,Snow,145000,8200,2024-03-13
RT-106,North-Central West Sector,248,19.9,Rain,195000,11200,2024-03-13
RT-104,North West Sector,302,16.0,Fog,120000,6800,2024-03-13
RT-110,South-Central West Sector,470,-4.4,Snow,210000,12500,2024-03-13
RT-102,Central West Sector,876,16.7,Fog,310000,18500,2024-03-13
RT-106,North-Central West Sector,274,-3.2,Snow,195000,11200,2024-03-13
RT-109,South-Central East Sector,103,-2.6,Snow,230000,13800,2024-03-13
RT-106,North-Central West Sector,307,0.8,Snow,195000,11200,2024-03-13
RT-105,North-Central East Sector,238,1.5,Snow,175000,9900,2024-03-13
RT-103,North East Sector,224,-3.7,Snow,135000,7500,2024-03-13
RT-106,North-Central West Sector,317,-2.4,Snow,195000,11200,2024-03-13
RT-110,South-Central West Sector,168,31.3,Clear,210000,12500,2024-03-13
RT-110,South-Central West Sector,576,-4.6,Snow,210000,12500,2024-03-13
RT-101,Central East Sector,242,18.6,Rain,340000,20200,2024-03-13
RT-105,North-Central East Sector,245,19.0,Rain,175000,9900,2024-03-13
RT-101,Central East Sector,25,28.0,Clear,340000,20200,2024-03-13
RT-102,Central West Sector,86,23.5,Clear,310000,18500,2024-03-13
RT-103,North East Sector,422,31.7,Clear,135000,7500,2024-03-13
RT-103,North East Sector,181,-1.9,Snow,135000,7500,2024-03-13
RT-108,South West Sector,272,17.0,Fog,145000,8200,2024-03-13
RT-105,North-Central East Sector,267,24.5,Clear,175000,9900,2024-03-13
RT-110,South-Central West Sector,1018,16.8,Fog,210000,12500,2024-03-13
RT-108,South West Sector,339,-0.4,Snow,145000,8200,2024-03-13
RT-109,South-Central East Sector,96,29.5,Clear,230000,13800,2024-03-13
RT-101,Central East Sector,143,18.5,Fog,340000,20200,2024-03-13
RT-101,Central East Sector,98,27.8,Clear,340000,20200,2024-03-13
RT-104,North West Sector,148,31.0,Clear,120000,6800,2024-03-13
RT-104,North West Sector,108,22.9,Rain,120000,6800,2024-03-13
RT-103,North East Sector,154,18.5,Fog,135000,7500,2024-03-13
RT-102,Central West Sector,434,18.3,Rain,310000,18500,2024-03-13
RT-102,Central West Sector,488,-5.0,Snow,310000,18500,2024-03-14
RT-109,South-Central East Sector,306,19.3,Rain,230000,13800,2024-03-14
RT-105,North-Central East Sector,302,28.6,Clear,175000,9900,2024-03-14
RT-106,North-Central West Sector,309,16.5,Fog,195000,11200,2024-03-14
RT-108,South West Sector,219,26.0,Clear,145000,8200,2024-03-14
RT-101,Central East Sector,197,1.2,Snow,340000,20200,2024-03-14
RT-108,South West Sector,636,31.0,Clear,145000,8200,2024-03-14
RT-101,Central East Sector,261,31.1,Clear,340000,20200,2024-03-14
RT-101,Central East Sector,318,25.1,Clear,340000,20200,2024-03-14
RT-107,South East Sector,231,18.1,Fog,182000,10400,2024-03-14
RT-109,South-Central East Sector,1110,-3.1,Snow,230000,13800,2024-03-14
RT-101,Central East Sector,584,15.1,Fog,340000,20200,2024-03-14
RT-108,South West Sector,92,15.1,Fog,145000,8200,2024-03-14
RT-110,South-Central West Sector,219,20.1,Rain,210000,12500,2024-03-14
RT-102,Central West Sector,148,-2.0,Snow,310000,18500,2024-03-14
RT-103,North East Sector,612,30.3,Clear,135000,7500,2024-03-14
RT-102,Central West Sector,296,14.7,Fog,310000,18500,2024-03-14
RT-104,North West Sector,592,18.4,Fog,120000,6800,2024-03-14
RT-101,Central East Sector,376,-1.3,Snow,340000,20200,2024-03-14
RT-103,North East Sector,781,15.7,Fog,135000,7500,2024-03-14
RT-106,North-Central West Sector,50,-1.6,Snow,195000,11200,2024-03-14
RT-107,South East Sector,804,19.8,Rain,182000,10400,2024-03-14
RT-110,South-Central West Sector,265,17.6,Fog,210000,12500,2024-03-14
RT-105,North-Central East Sector,288,-2.0,Snow,175000,9900,2024-03-14
RT-106,North-Central West Sector,448,23.6,Clear,195000,11200,2024-03-14
RT-109,South-Central East Sector,379,14.7,Fog,230000,13800,2024-03-14
RT-107,South East Sector,332,21.3,Rain,182000,10400,2024-03-14
RT-103,North East Sector,316,23.4,Rain,135000,7500,2024-03-14
RT-106,North-Central West Sector,390,16.1,Fog,195000,11200,2024-03-14
RT-106,North-Central West Sector,224,22.4,Rain,195000,11200,2024-03-14
RT-109,South-Central East Sector,464,18.0,Fog,230000,13800,2024-03-14
RT-101,Central East Sector,164,1.5,Snow,340000,20200,2024-03-14
RT-102,Central West Sector,1010,22.9,Rain,310000,18500,2024-03-14
RT-109,South-Central East Sector,147,21.4,Rain,230000,13800,2024-03-14
RT-103,North East Sector,762,21.9,Rain,135000,7500,2024-03-14
RT-105,North-Central East Sector,376,19.4,Fog,175000,9900,2024-03-14
RT-108,South West Sector,321,20.4,Rain,145000,8200,2024-03-14
RT-105,North-Central East Sector,733,20.0,Rain,175000,9900,2024-03-14
RT-110,South-Central West Sector,414,22.1,Clear,210000,12500,2024-03-14
RT-107,South East Sector,422,0.8,Snow,182000,10400,2024-03-14
RT-109,South-Central East Sector,406,22.8,Rain,230000,13800,2024-03-14
RT-102,Central West Sector,404,23.0,Clear,310000,18500,2024-03-14
RT-110,South-Central West Sector,552,21.5,Rain,210000,12500,2024-03-14
RT-104,North West Sector,150,26.6,Clear,120000,6800,2024-03-14
RT-104,North West Sector,304,23.2,Clear,120000,6800,2024-03-14
RT-102,Central West Sector,544,19.9,Fog,310000,18500,2024-03-14
RT-105,North-Central East Sector,637,15.3,Fog,175000,9900,2024-03-14
RT-108,South West Sector,199,22.7,Clear,145000,8200,2024-03-14
RT-107,South East Sector,338,17.6,Fog,182000,10400,2024-03-14
RT-101,Central East Sector,134,0.2,Snow,340000,20200,2024-03-14
RT-103,North East Sector,102,-4.8,Snow,135000,7500,2024-03-14
RT-108,South West Sector,494,18.0,Fog,145000,8200,2024-03-14
RT-105,North-Central East Sector,241,17.2,Fog,175000,9900,2024-03-14
RT-109,South-Central East Sector,336,14.6,Fog,230000,13800,2024-03-14
RT-108,South West Sector,421,-3.8,Snow,145000,8200,2024-03-14
RT-108,South West Sector,430,27.7,Clear,145000,8200,2024-03-14
RT-110,South-Central West Sector,476,19.8,Rain,210000,12500,2024-03-14
RT-107,South East Sector,315,19.6,Fog,182000,10400,2024-03-14
RT-109,South-Central East Sector,182,30.2,Clear,230000,13800,2024-03-14
RT-107,South East Sector,1168,31.8,Clear,182000,10400,2024-03-14
RT-108,South West Sector,106,15.6,Fog,145000,8200,2024-03-14
RT-105,North-Central East Sector,852,31.7,Clear,175000,9900,2024-03-14
RT-106,North-Central West Sector,518,-2.0,Snow,195000,11200,2024-03-14
RT-110,South-Central West Sector,805,25.5,Clear,210000,12500,2024-03-14
RT-107,South East Sector,220,-4.6,Snow,182000,10400,2024-03-14
RT-110,South-Central West Sector,406,22.5,Clear,210000,12500,2024-03-14
RT-105,North-Central East Sector,195,-0.2,Snow,175000,9900,2024-03-14
RT-103,North East Sector,754,-1.8,Snow,135000,7500,2024-03-14
RT-110,South-Central West Sector,637,15.4,Fog,210000,12500,2024-03-14
RT-101,Central East Sector,217,28.1,Clear,340000,20200,2024-03-14
RT-105,North-Central East Sector,278,19.5,Rain,175000,9900,2024-03-14
RT-107,South East Sector,426,27.8,Clear,182000,10400,2024-03-14
RT-105,North-Central East Sector,380,20.2,Rain,175000,9900,2024-03-14
RT-108,South West Sector,151,30.2,Clear,145000,8200,2024-03-14
RT-104,North West Sector,718,30.2,Clear,120000,6800,2024-03-14
RT-104,North West Sector,195,-1.7,Snow,120000,6800,2024-03-14
RT-107,South East Sector,359,-2.5,Snow,182000,10400,2024-03-14
RT-110,South-Central West Sector,370,-2.5,Snow,210000,12500,2024-03-14
RT-109,South-Central East Sector,315,30.1,Clear,230000,13800,2024-03-14
RT-105,North-Central East Sector,112,-2.7,Snow,175000,9900,2024-03-14
RT-109,South-Central East Sector,751,-3.5,Snow,230000,13800,2024-03-14
RT-101,Central East Sector,328,14.5,Fog,340000,20200,2024-03-14
RT-107,South East Sector,356,26.7,Clear,182000,10400,2024-03-14
RT-103,North East Sector,141,-1.6,Snow,135000,7500,2024-03-14
RT-101,Central East Sector,144,19.0,Fog,340000,20200,2024-03-14
RT-105,North-Central East Sector,263,15.3,Fog,175000,9900,2024-03-14
RT-108,South West Sector,110,-2.3,Snow,145000,8200,2024-03-14
RT-102,Central West Sector,634,0.7,Snow,310000,18500,2024-03-14
RT-106,North-Central West Sector,120,18.9,Fog,195000,11200,2024-03-14
RT-101,Central East Sector,486,25.8,Clear,340000,20200,2024-03-14
RT-104,North West Sector,522,-1.8,Snow,120000,6800,2024-03-14
RT-106,North-Central West Sector,243,15.8,Fog,195000,11200,2024-03-14
RT-107,South East Sector,568,1.5,Snow,182000,10400,2024-03-14
RT-110,South-Central West Sector,276,14.7,Fog,210000,12500,2024-03-14
RT-103,North East Sector,950,31.3,Clear,135000,7500,2024-03-14
RT-104,North West Sector,386,22.1,Rain,120000,6800,2024-03-14
RT-108,South West Sector,158,27.3,Clear,145000,8200,2024-03-14
RT-102,Central West Sector,947,22.3,Clear,310000,18500,2024-03-14
RT-104,North West Sector,276,20.9,Rain,120000,6800,2024-03-14
RT-107,South East Sector,245,20.4,Rain,182000,10400,2024-03-14
RT-110,South-Central West Sector,397,-3.9,Snow,210000,12500,2024-03-14
RT-101,Central East Sector,364,28.6,Clear,340000,20200,2024-03-14
RT-104,North West Sector,124,31.7,Clear,120000,6800,2024-03-14
RT-110,South-Central West Sector,500,17.4,Fog,210000,12500,2024-03-14
RT-106,North-Central West Sector,348,22.3,Rain,195000,11200,2024-03-14
RT-105,North-Central East Sector,481,-4.5,Snow,175000,9900,2024-03-14
RT-101,Central East Sector,540,26.2,Clear,340000,20200,2024-03-14
RT-105,North-Central East Sector,594,-4.2,Snow,175000,9900,2024-03-14
RT-102,Central West Sector,328,21.7,Rain,310000,18500,2024-03-14
RT-104,North West Sector,506,1.6,Snow,120000,6800,2024-03-14
RT-102,Central West Sector,48,-0.4,Snow,310000,18500,2024-03-14
RT-103,North East Sector,224,14.5,Fog,135000,7500,2024-03-14
RT-106,North-Central West Sector,139,25.5,Clear,195000,11200,2024-03-14
RT-105,North-Central East Sector,208,21.3,Rain,175000,9900,2024-03-14
RT-104,North West Sector,178,26.0,Clear,120000,6800,2024-03-14
RT-102,Central West Sector,178,0.8,Snow,310000,18500,2024-03-14
RT-109,South-Central East Sector,738,22.9,Rain,230000,13800,2024-03-14
RT-106,North-Central West Sector,429,28.1,Clear,195000,11200,2024-03-14
RT-102,Central West Sector,387,20.2,Rain,310000,18500,2024-03-14
RT-110,South-Central West Sector,552,15.5,Fog,210000,12500,2024-03-14
RT-101,Central East Sector,175,18.6,Rain,340000,20200,2024-03-14
RT-109,South-Central East Sector,106,20.1,Rain,230000,13800,2024-03-14
RT-103,North East Sector,412,26.1,Clear,135000,7500,2024-03-14
RT-101,Central East Sector,646,-0.3,Snow,340000,20200,2024-03-14
RT-106,North-Central West Sector,596,17.9,Fog,195000,11200,2024-03-14
RT-108,South West Sector,200,14.4,Fog,145000,8200,2024-03-14
RT-107,South East Sector,1214,-2.2,Snow,182000,10400,2024-03-14
RT-103,North East Sector,333,23.8,Clear,135000,7500,2024-03-14
RT-110,South-Central West Sector,292,-3.9,Snow,210000,12500,2024-03-14
RT-109,South-Central East Sector,269,0.8,Snow,230000,13800,2024-03-14
RT-104,North West Sector,330,14.3,Fog,120000,6800,2024-03-14
RT-106,North-Central West Sector,310,-2.1,Snow,195000,11200,2024-03-14
RT-102,Central West Sector,401,15.0,Fog,310000,18500,2024-03-14
RT-101,Central East Sector,481,19.3,Fog,340000,20200,2024-03-14
RT-104,North West Sector,156,21.3,Rain,120000,6800,2024-03-14
RT-110,South-Central West Sector,336,-3.4,Snow,210000,12500,2024-03-14
RT-107,South East Sector,646,17.0,Fog,182000,10400,2024-03-14
RT-101,Central East Sector,628,22.4,Rain,340000,20200,2024-03-14
RT-105,North-Central East Sector,255,19.7,Fog,175000,9900,2024-03-14
RT-101,Central East Sector,254,15.3,Fog,340000,20200,2024-03-14
RT-102,Central West Sector,66,19.3,Fog,310000,18500,2024-03-14
RT-103,North East Sector,466,19.6,Fog,135000,7500,2024-03-14
RT-106,North-Central West Sector,312,19.5,Fog,195000,11200,2024-03-14
RT-109,South-Central East Sector,206,17.8,Fog,230000,13800,2024-03-14
RT-109,South-Central East Sector,239,21.8,Rain,230000,13800,2024-03-14
RT-101,Central East Sector,336,20.4,Rain,340000,20200,2024-03-14
RT-102,Central West Sector,205,18.5,Fog,310000,18500,2024-03-14
RT-106,North-Central West Sector,251,-1.3,Snow,195000,11200,2024-03-14
RT-109,South-Central East Sector,654,28.8,Clear,230000,13800,2024-03-14
RT-102,Central West Sector,426,16.6,Fog,310000,18500,2024-03-14
RT-110,South-Central West Sector,301,22.4,Rain,210000,12500,2024-03-14
RT-103,North East Sector,191,18.9,Fog,135000,7500,2024-03-14
RT-104,North West Sector,143,18.9,Rain,120000,6800,2024-03-14
RT-110,South-Central West Sector,600,19.0,Fog,210000,12500,2024-03-14
RT-105,North-Central East Sector,222,27.4,Clear,175000,9900,2024-03-14
RT-105,North-Central East Sector,1212,23.1,Rain,175000,9900,2024-03-14
RT-106,North-Central West Sector,135,26.3,Clear,195000,11200,2024-03-14
RT-104,North West Sector,760,20.3,Rain,120000,6800,2024-03-14
RT-101,Central East Sector,536,23.5,Rain,340000,20200,2024-03-14
RT-106,North-Central West Sector,724,15.5,Fog,195000,11200,2024-03-14
RT-106,North-Central West Sector,444,30.4,Clear,195000,11200,2024-03-14
RT-106,North-Central West Sector,472,16.9,Fog,195000,11200,2024-03-14
RT-106,North-Central West Sector,154,17.1,Fog,195000,11200,2024-03-14
RT-109,South-Central East Sector,128,19.9,Rain,230000,13800,2024-03-14
RT-110,South-Central West Sector,462,-1.0,Snow,210000,12500,2024-03-14
RT-108,South West Sector,386,16.0,Fog,145000,8200,2024-03-14
RT-108,South West Sector,398,22.4,Clear,145000,8200,2024-03-14
RT-101,Central East Sector,407,15.6,Fog,340000,20200,2024-03-14
RT-109,South-Central East Sector,613,22.1,Clear,230000,13800,2024-03-14
RT-104,North West Sector,90,19.9,Fog,120000,6800,2024-03-14
RT-109,South-Central East Sector,376,1.8,Snow,230000,13800,2024-03-14
RT-103,North East Sector,166,20.4,Rain,135000,7500,2024-03-14
RT-104,North West Sector,540,18.4,Fog,120000,6800,2024-03-14
RT-102,Central West Sector,223,25.5,Clear,310000,18500,2024-03-14
RT-102,Central West Sector,168,28.7,Clear,310000,18500,2024-03-14
RT-110,South-Central West Sector,276,30.1,Clear,210000,12500,2024-03-14
RT-104,North West Sector,368,31.5,Clear,120000,6800,2024-03-14
RT-110,South-Central West Sector,224,16.4,Fog,210000,12500,2024-03-14
RT-103,North East Sector,652,22.7,Rain,135000,7500,2024-03-14
RT-101,Central East Sector,451,24.7,Clear,340000,20200,2024-03-14
RT-109,South-Central East Sector,223,19.9,Fog,230000,13800,2024-03-14
RT-109,South-Central East Sector,524,14.2,Fog,230000,13800,2024-03-14
RT-110,South-Central West Sector,332,21.6,Rain,210000,12500,2024-03-14
RT-107,South East Sector,165,28.6,Clear,182000,10400,2024-03-14
RT-110,South-Central West Sector,358,18.1,Fog,210000,12500,2024-03-14
RT-103,North East Sector,716,18.7,Rain,135000,7500,2024-03-14
RT-103,North East Sector,267,1.6,Snow,135000,7500,2024-03-14
RT-105,North-Central East Sector,355,23.8,Clear,175000,9900,2024-03-14
RT-104,North West Sector,310,21.7,Rain,120000,6800,2024-03-14
RT-101,Central East Sector,528,15.3,Fog,340000,20200,2024-03-14
RT-107,South East Sector,580,15.8,Fog,182000,10400,2024-03-14
RT-110,South-Central West Sector,366,-1.2,Snow,210000,12500,2024-03-14
RT-102,Central West Sector,332,20.5,Rain,310000,18500,2024-03-14
RT-109,South-Central East Sector,331,19.0,Rain,230000,13800,2024-03-14
RT-102,Central West Sector,244,-3.8,Snow,310000,18500,2024-03-14
RT-109,South-Central East Sector,406,20.5,Rain,230000,13800,2024-03-14
RT-107,South East Sector,232,0.3,Snow,182000,10400,2024-03-14
RT-107,South East Sector,322,19.4,Fog,182000,10400,2024-03-14
RT-105,North-Central East Sector,785,14.5,Fog,175000,9900,2024-03-14
RT-103,North East Sector,486,20.4,Rain,135000,7500,2024-03-14
RT-109,South-Central East Sector,169,14.6,Fog,230000,13800,2024-03-14
RT-107,South East Sector,799,22.2,Clear,182000,10400,2024-03-14
RT-103,North East Sector,349,-0.4,Snow,135000,7500,2024-03-14
RT-107,South East Sector,200,17.6,Fog,182000,10400,2024-03-14
RT-105,North-Central East Sector,178,23.6,Clear,175000,9900,2024-03-14
RT-105,North-Central East Sector,534,19.4,Rain,175000,9900,2024-03-14
RT-102,Central West Sector,224,14.1,Fog,310000,18500,2024-03-14
RT-103,North East Sector,419,19.0,Fog,135000,7500,2024-03-14
RT-106,North-Central West Sector,416,23.8,Rain,195000,11200,2024-03-14
RT-106,North-Central West Sector,182,18.8,Rain,195000,11200,2024-03-14
RT-109,South-Central East Sector,248,15.4,Fog,230000,13800,2024-03-14
RT-101,Central East Sector,417,19.2,Fog,340000,20200,2024-03-14
RT-105,North-Central East Sector,166,31.3,Clear,175000,9900,2024-03-14
RT-106,North-Central West Sector,228,16.5,Fog,195000,11200,2024-03-14
RT-106,North-Central West Sector,468,14.3,Fog,195000,11200,2024-03-14
RT-106,North-Central West Sector,470,22.4,Clear,195000,11200,2024-03-14
RT-108,South West Sector,252,17.4,Fog,145000,8200,2024-03-14
RT-104,North West Sector,544,-2.2,Snow,120000,6800,2024-03-14
RT-109,South-Central East Sector,478,22.3,Clear,230000,13800,2024-03-14
RT-109,South-Central East Sector,141,-0.9,Snow,230000,13800,2024-03-14
RT-107,South East Sector,694,-4.9,Snow,182000,10400,2024-03-14
RT-105,North-Central East Sector,596,22.7,Rain,175000,9900,2024-03-14
RT-110,South-Central West Sector,174,25.1,Clear,210000,12500,2024-03-14
RT-103,North East Sector,354,-4.7,Snow,135000,7500,2024-03-14
RT-110,South-Central West Sector,260,27.9,Clear,210000,12500,2024-03-14
RT-101,Central East Sector,249,26.0,Clear,340000,20200,2024-03-14
RT-110,South-Central West Sector,214,1.8,Snow,210000,12500,2024-03-14
RT-101,Central East Sector,300,27.4,Clear,340000,20200,2024-03-14
RT-105,North-Central East Sector,490,24.8,Clear,175000,9900,2024-03-14
RT-103,North East Sector,232,-0.0,Snow,135000,7500,2024-03-14
RT-103,North East Sector,716,-3.1,Snow,135000,7500,2024-03-14
RT-102,Central West Sector,358,23.4,Rain,310000,18500,2024-03-14
RT-104,North West Sector,293,25.7,Clear,120000,6800,2024-03-14
RT-104,North West Sector,314,27.5,Clear,120000,6800,2024-03-14
RT-104,North West Sector,116,22.5,Clear,120000,6800,2024-03-14
RT-109,South-Central East Sector,405,26.3,Clear,230000,13800,2024-03-14
RT-108,South West Sector,1003,30.3,Clear,145000,8200,2024-03-14
RT-108,South West Sector,198,30.1,Clear,145000,8200,2024-03-14
RT-102,Central West Sector,422,24.2,Clear,310000,18500,2024-03-14
RT-109,South-Central East Sector,54,24.3,Clear,230000,13800,2024-03-14
RT-108,South West Sector,175,18.9,Fog,145000,8200,2024-03-14
RT-110,South-Central West Sector,482,19.6,Fog,210000,12500,2024-03-14
RT-103,North East Sector,359,14.6,Fog,135000,7500,2024-03-14
RT-101,Central East Sector,512,26.5,Clear,340000,20200,2024-03-14
RT-105,North-Central East Sector,1007,20.0,Rain,175000,9900,2024-03-14
RT-107,South East Sector,266,19.2,Fog,182000,10400,2024-03-14
RT-109,South-Central East Sector,175,22.8,Clear,230000,13800,2024-03-14
RT-102,Central West Sector,329,19.3,Rain,310000,18500,2024-03-14
RT-108,South West Sector,358,22.5,Rain,145000,8200,2024-03-14
RT-102,Central West Sector,274,-4.6,Snow,310000,18500,2024-03-14
RT-106,North-Central West Sector,328,17.0,Fog,195000,11200,2024-03-14
RT-103,North East Sector,658,-1.9,Snow,135000,7500,2024-03-14
RT-107,South East Sector,249,16.0,Fog,182000,10400,2024-03-14
RT-109,South-Central East Sector,546,20.4,Rain,230000,13800,2024-03-14
RT-104,North West Sector,364,27.3,Clear,120000,6800,2024-03-14
RT-108,South West Sector,888,19.0,Rain,145000,8200,2024-03-14
RT-101,Central East Sector,1140,21.4,Rain,340000,20200,2024-03-14
RT-110,South-Central West Sector,418,0.6,Snow,210000,12500,2024-03-14
RT-106,North-Central West Sector,504,29.6,Clear,195000,11200,2024-03-14
RT-106,North-Central West Sector,100,-3.9,Snow,195000,11200,2024-03-14
RT-107,South East Sector,44,23.5,Clear,182000,10400,2024-03-14
RT-101,Central East Sector,168,19.6,Rain,340000,20200,2024-03-14
RT-109,South-Central East Sector,283,16.2,Fog,230000,13800,2024-03-14
RT-106,North-Central West Sector,204,16.5,Fog,195000,11200,2024-03-14
RT-110,South-Central West Sector,630,-0.2,Snow,210000,12500,2024-03-14
RT-108,South West Sector,80,22.6,Clear,145000,8200,2024-03-14
RT-102,Central West Sector,216,-4.8,Snow,310000,18500,2024-03-14
RT-110,South-Central West Sector,312,20.4,Rain,210000,12500,2024-03-14
RT-101,Central East Sector,100,29.0,Clear,340000,20200,2024-03-14
RT-101,Central East Sector,435,23.9,Clear,340000,20200,2024-03-14
RT-101,Central East Sector,117,17.8,Fog,340000,20200,2024-03-14
RT-102,Central West Sector,194,-3.2,Snow,310000,18500,2024-03-14
RT-103,North East Sector,300,30.9,Clear,135000,7500,2024-03-14
RT-102,Central West Sector,442,31.0,Clear,310000,18500,2024-03-14
RT-103,North East Sector,274,25.0,Clear,135000,7500,2024-03-14
RT-110,South-Central West Sector,172,19.4,Rain,210000,12500,2024-03-14
RT-109,South-Central East Sector,146,20.5,Rain,230000,13800,2024-03-14
RT-106,North-Central West Sector,641,19.4,Rain,195000,11200,2024-03-14
RT-101,Central East Sector,546,22.0,Rain,340000,20200,2024-03-14
RT-110,South-Central West Sector,371,19.0,Fog,210000,12500,2024-03-14
RT-108,South West Sector,664,18.0,Fog,145000,8200,2024-03-14
RT-105,North-Central East Sector,199,30.2,Clear,175000,9900,2024-03-14
RT-107,South East Sector,588,20.4,Rain,182000,10400,2024-03-14
RT-109,South-Central East Sector,468,-3.9,Snow,230000,13800,2024-03-14
RT-102,Central West Sector,728,0.2,Snow,310000,18500,2024-03-14
RT-106,North-Central West Sector,472,25.6,Clear,195000,11200,2024-03-14
RT-109,South-Central East Sector,254,-0.3,Snow,230000,13800,2024-03-14
RT-107,South East Sector,426,24.7,Clear,182000,10400,2024-03-14
RT-106,North-Central West Sector,251,18.5,Rain,195000,11200,2024-03-15
RT-108,South West Sector,125,20.0,Fog,145000,8200,2024-03-15
RT-103,North East Sector,118,14.9,Fog,135000,7500,2024-03-15
RT-101,Central East Sector,580,1.9,Snow,340000,20200,2024-03-15
RT-102,Central West Sector,350,31.8,Clear,310000,18500,2024-03-15
RT-107,South East Sector,601,29.9,Clear,182000,10400,2024-03-15
RT-103,North East Sector,502,-0.4,Snow,135000,7500,2024-03-15
RT-108,South West Sector,315,21.5,Rain,145000,8200,2024-03-15
RT-101,Central East Sector,240,1.1,Snow,340000,20200,2024-03-15
RT-104,North West Sector,246,15.7,Fog,120000,6800,2024-03-15
RT-101,Central East Sector,848,26.7,Clear,340000,20200,2024-03-15
RT-107,South East Sector,174,17.7,Fog,182000,10400,2024-03-15
RT-106,North-Central West Sector,220,-2.1,Snow,195000,11200,2024-03-15
RT-107,South East Sector,295,26.3,Clear,182000,10400,2024-03-15
RT-106,North-Central West Sector,196,25.3,Clear,195000,11200,2024-03-15
RT-110,South-Central West Sector,380,27.6,Clear,210000,12500,2024-03-15
RT-104,North West Sector,786,30.5,Clear,120000,6800,2024-03-15
RT-103,North East Sector,340,24.0,Clear,135000,7500,2024-03-15
RT-102,Central West Sector,905,19.6,Fog,310000,18500,2024-03-15
RT-103,North East Sector,514,18.1,Fog,135000,7500,2024-03-15
RT-102,Central West Sector,227,22.9,Rain,310000,18500,2024-03-15
RT-101,Central East Sector,113,21.3,Rain,340000,20200,2024-03-15
RT-104,North West Sector,516,22.7,Rain,120000,6800,2024-03-15
RT-107,South East Sector,280,22.2,Clear,182000,10400,2024-03-15
RT-104,North West Sector,586,30.2,Clear,120000,6800,2024-03-15
RT-107,South East Sector,166,22.4,Clear,182000,10400,2024-03-15
RT-101,Central East Sector,288,23.3,Rain,340000,20200,2024-03-15
RT-102,Central West Sector,230,1.9,Snow,310000,18500,2024-03-15
RT-101,Central East Sector,1092,-2.9,Snow,340000,20200,2024-03-15
RT-104,North West Sector,462,19.3,Rain,120000,6800,2024-03-15
RT-105,North-Central East Sector,807,29.7,Clear,175000,9900,2024-03-15
RT-101,Central East Sector,118,24.5,Clear,340000,20200,2024-03-15
RT-106,North-Central West Sector,360,30.7,Clear,195000,11200,2024-03-15
RT-102,Central West Sector,306,14.6,Fog,310000,18500,2024-03-15
RT-105,North-Central East Sector,179,23.3,Clear,175000,9900,2024-03-15
RT-109,South-Central East Sector,174,31.8,Clear,230000,13800,2024-03-15
RT-101,Central East Sector,163,28.7,Clear,340000,20200,2024-03-15
RT-108,South West Sector,428,30.5,Clear,145000,8200,2024-03-15
RT-110,South-Central West Sector,352,25.2,Clear,210000,12500,2024-03-15
RT-108,South West Sector,782,-0.3,Snow,145000,8200,2024-03-15
RT-104,North West Sector,98,17.6,Fog,120000,6800,2024-03-15
RT-107,South East Sector,262,-0.8,Snow,182000,10400,2024-03-15
RT-109,South-Central East Sector,48,18.1,Fog,230000,13800,2024-03-15
RT-104,North West Sector,342,-1.0,Snow,120000,6800,2024-03-15
RT-102,Central West Sector,758,20.6,Rain,310000,18500,2024-03-15
RT-110,South-Central West Sector,448,19.7,Rain,210000,12500,2024-03-15
RT-104,North West Sector,708,18.6,Fog,120000,6800,2024-03-15
RT-103,North East Sector,255,24.3,Clear,135000,7500,2024-03-15
RT-105,North-Central East Sector,351,18.2,Fog,175000,9900,2024-03-15
RT-103,North East Sector,554,-3.4,Snow,135000,7500,2024-03-15
RT-102,Central West Sector,320,-0.6,Snow,310000,18500,2024-03-15
RT-103,North East Sector,810,29.5,Clear,135000,7500,2024-03-15
RT-103,North East Sector,125,15.3,Fog,135000,7500,2024-03-15
RT-110,South-Central West Sector,268,-4.6,Snow,210000,12500,2024-03-15
RT-109,South-Central East Sector,78,14.8,Fog,230000,13800,2024-03-15
RT-102,Central West Sector,536,17.6,Fog,310000,18500,2024-03-15
RT-103,North East Sector,242,23.1,Rain,135000,7500,2024-03-15
RT-102,Central West Sector,408,-4.7,Snow,310000,18500,2024-03-15
RT-101,Central East Sector,564,18.4,Fog,340000,20200,2024-03-15
RT-103,North East Sector,113,25.4,Clear,135000,7500,2024-03-15
RT-101,Central East Sector,374,16.9,Fog,340000,20200,2024-03-15
RT-109,South-Central East Sector,602,1.5,Snow,230000,13800,2024-03-15
RT-109,South-Central East Sector,634,25.3,Clear,230000,13800,2024-03-15
RT-110,South-Central West Sector,802,16.8,Fog,210000,12500,2024-03-15
RT-101,Central East Sector,208,14.1,Fog,340000,20200,2024-03-15
RT-104,North West Sector,233,18.5,Rain,120000,6800,2024-03-15
RT-110,South-Central West Sector,448,24.6,Clear,210000,12500,2024-03-15
RT-101,Central East Sector,393,-4.8,Snow,340000,20200,2024-03-15
RT-109,South-Central East Sector,280,-0.6,Snow,230000,13800,2024-03-15
RT-102,Central West Sector,317,16.6,Fog,310000,18500,2024-03-15
RT-102,Central West Sector,300,27.5,Clear,310000,18500,2024-03-15
RT-101,Central East Sector,492,23.7,Clear,340000,20200,2024-03-15
RT-104,North West Sector,315,25.0,Clear,120000,6800,2024-03-15
RT-108,South West Sector,124,18.0,Fog,145000,8200,2024-03-15
RT-107,South East Sector,267,31.7,Clear,182000,10400,2024-03-15
RT-105,North-Central East Sector,836,-4.6,Snow,175000,9900,2024-03-15
RT-109,South-Central East Sector,306,19.3,Fog,230000,13800,2024-03-15
RT-107,South East Sector,654,-1.0,Snow,182000,10400,2024-03-15
RT-108,South West Sector,220,-1.1,Snow,145000,8200,2024-03-15
RT-106,North-Central West Sector,694,27.0,Clear,195000,11200,2024-03-15
RT-109,South-Central East Sector,502,18.4,Rain,230000,13800,2024-03-15
RT-106,North-Central West Sector,492,22.9,Clear,195000,11200,2024-03-15
RT-106,North-Central West Sector,36,17.6,Fog,195000,11200,2024-03-15
RT-108,South West Sector,638,20.0,Rain,145000,8200,2024-03-15
RT-110,South-Central West Sector,264,31.2,Clear,210000,12500,2024-03-15
RT-108,South West Sector,334,26.1,Clear,145000,8200,2024-03-15
RT-108,South West Sector,680,-4.0,Snow,145000,8200,2024-03-15
RT-103,North East Sector,895,22.3,Rain,135000,7500,2024-03-15
RT-103,North East Sector,216,-2.9,Snow,135000,7500,2024-03-15
RT-103,North East Sector,504,-1.3,Snow,135000,7500,2024-03-15
RT-102,Central West Sector,366,22.2,Rain,310000,18500,2024-03-15
RT-102,Central West Sector,689,1.3,Snow,310000,18500,2024-03-15
RT-109,South-Central East Sector,168,22.8,Rain,230000,13800,2024-03-15
RT-109,South-Central East Sector,726,22.1,Rain,230000,13800,2024-03-15
RT-109,South-Central East Sector,598,22.1,Rain,230000,13800,2024-03-15
RT-105,North-Central East Sector,176,19.7,Fog,175000,9900,2024-03-15
RT-109,South-Central East Sector,64,15.8,Fog,230000,13800,2024-03-15
RT-108,South West Sector,1238,18.0,Rain,145000,8200,2024-03-15
RT-105,North-Central East Sector,216,-3.1,Snow,175000,9900,2024-03-15
RT-105,North-Central East Sector,516,19.3,Rain,175000,9900,2024-03-15
RT-110,South-Central West Sector,414,18.0,Fog,210000,12500,2024-03-15
RT-101,Central East Sector,230,17.8,Fog,340000,20200,2024-03-15
RT-107,South East Sector,724,-0.8,Snow,182000,10400,2024-03-15
RT-104,North West Sector,254,14.1,Fog,120000,6800,2024-03-15
RT-105,North-Central East Sector,546,22.4,Rain,175000,9900,2024-03-15
RT-103,North East Sector,172,-2.7,Snow,135000,7500,2024-03-15
RT-107,South East Sector,212,28.7,Clear,182000,10400,2024-03-15
RT-105,North-Central East Sector,384,21.3,Rain,175000,9900,2024-03-15
RT-107,South East Sector,198,20.1,Rain,182000,10400,2024-03-15
RT-106,North-Central West Sector,407,-4.1,Snow,195000,11200,2024-03-15
RT-107,South East Sector,466,18.6,Rain,182000,10400,2024-03-15
RT-109,South-Central East Sector,432,19.0,Fog,230000,13800,2024-03-15
RT-105,North-Central East Sector,624,19.5,Fog,175000,9900,2024-03-15
RT-102,Central West Sector,124,28.5,Clear,310000,18500,2024-03-15
RT-102,Central West Sector,84,23.0,Clear,310000,18500,2024-03-15
RT-102,Central West Sector,200,-2.2,Snow,310000,18500,2024-03-15
RT-110,South-Central West Sector,322,0.1,Snow,210000,12500,2024-03-15
RT-104,North West Sector,562,29.8,Clear,120000,6800,2024-03-15
RT-101,Central East Sector,662,23.2,Clear,340000,20200,2024-03-15
RT-107,South East Sector,712,14.0,Fog,182000,10400,2024-03-15
RT-105,North-Central East Sector,224,29.1,Clear,175000,9900,2024-03-15
RT-108,South West Sector,476,-2.5,Snow,145000,8200,2024-03-15
RT-108,South West Sector,310,15.5,Fog,145000,8200,2024-03-15
RT-102,Central West Sector,222,22.1,Clear,310000,18500,2024-03-15
RT-109,South-Central East Sector,726,-1.2,Snow,230000,13800,2024-03-15
RT-105,North-Central East Sector,474,19.1,Fog,175000,9900,2024-03-15
RT-108,South West Sector,720,23.7,Rain,145000,8200,2024-03-15
RT-107,South East Sector,368,21.4,Rain,182000,10400,2024-03-15
RT-104,North West Sector,662,21.1,Rain,120000,6800,2024-03-15
RT-103,North East Sector,168,22.9,Clear,135000,7500,2024-03-15
RT-107,South East Sector,561,17.3,Fog,182000,10400,2024-03-15
RT-105,North-Central East Sector,331,16.3,Fog,175000,9900,2024-03-15
RT-105,North-Central East Sector,636,28.1,Clear,175000,9900,2024-03-15
RT-108,South West Sector,924,-2.3,Snow,145000,8200,2024-03-15
RT-110,South-Central West Sector,339,-3.3,Snow,210000,12500,2024-03-15
RT-103,North East Sector,268,-4.3,Snow,135000,7500,2024-03-15
RT-106,North-Central West Sector,205,-2.8,Snow,195000,11200,2024-03-15
RT-103,North East Sector,89,-4.3,Snow,135000,7500,2024-03-15
RT-106,North-Central West Sector,401,15.1,Fog,195000,11200,2024-03-15
RT-110,South-Central West Sector,615,1.9,Snow,210000,12500,2024-03-15
RT-106,North-Central West Sector,386,-1.9,Snow,195000,11200,2024-03-15
RT-105,North-Central East Sector,197,-1.3,Snow,175000,9900,2024-03-15
RT-101,Central East Sector,249,23.2,Rain,340000,20200,2024-03-15
RT-101,Central East Sector,250,20.0,Fog,340000,20200,2024-03-15
RT-101,Central East Sector,177,-0.9,Snow,340000,20200,2024-03-15
RT-107,South East Sector,695,30.1,Clear,182000,10400,2024-03-15
RT-104,North West Sector,234,-2.7,Snow,120000,6800,2024-03-15
RT-104,North West Sector,177,15.8,Fog,120000,6800,2024-03-15
RT-109,South-Central East Sector,458,16.4,Fog,230000,13800,2024-03-15
RT-107,South East Sector,626,28.7,Clear,182000,10400,2024-03-15
RT-102,Central West Sector,338,-0.2,Snow,310000,18500,2024-03-15
RT-109,South-Central East Sector,388,19.9,Rain,230000,13800,2024-03-15
RT-102,Central West Sector,638,14.8,Fog,310000,18500,2024-03-15
RT-106,North-Central West Sector,486,-0.6,Snow,195000,11200,2024-03-15
RT-105,North-Central East Sector,640,14.8,Fog,175000,9900,2024-03-15
RT-102,Central West Sector,183,17.5,Fog,310000,18500,2024-03-15
RT-109,South-Central East Sector,552,28.9,Clear,230000,13800,2024-03-15
RT-104,North West Sector,659,-0.1,Snow,120000,6800,2024-03-15
RT-101,Central East Sector,212,29.5,Clear,340000,20200,2024-03-15
RT-106,North-Central West Sector,216,30.7,Clear,195000,11200,2024-03-15
RT-108,South West Sector,734,17.0,Fog,145000,8200,2024-03-15
RT-110,South-Central West Sector,357,22.4,Rain,210000,12500,2024-03-15
RT-108,South West Sector,807,21.7,Rain,145000,8200,2024-03-15
RT-103,North East Sector,305,15.1,Fog,135000,7500,2024-03-15
RT-108,South West Sector,784,14.2,Fog,145000,8200,2024-03-15
RT-101,Central East Sector,936,19.7,Rain,340000,20200,2024-03-15
RT-109,South-Central East Sector,414,20.7,Rain,230000,13800,2024-03-15
RT-105,North-Central East Sector,512,21.7,Rain,175000,9900,2024-03-15
RT-103,North East Sector,1098,19.1,Fog,135000,7500,2024-03-15
RT-106,North-Central West Sector,532,15.2,Fog,195000,11200,2024-03-15
RT-107,South East Sector,138,14.8,Fog,182000,10400,2024-03-15
RT-105,North-Central East Sector,460,19.8,Fog,175000,9900,2024-03-15
RT-106,North-Central West Sector,452,18.6,Rain,195000,11200,2024-03-15
RT-109,South-Central East Sector,117,16.9,Fog,230000,13800,2024-03-15
RT-110,South-Central West Sector,188,-0.9,Snow,210000,12500,2024-03-15
RT-106,North-Central West Sector,606,27.4,Clear,195000,11200,2024-03-15
RT-106,North-Central West Sector,938,22.9,Clear,195000,11200,2024-03-15
RT-108,South West Sector,526,-4.6,Snow,145000,8200,2024-03-15
RT-109,South-Central East Sector,642,18.6,Rain,230000,13800,2024-03-15
RT-104,North West Sector,972,-0.9,Snow,120000,6800,2024-03-15
RT-106,North-Central West Sector,426,-1.2,Snow,195000,11200,2024-03-15
RT-104,North West Sector,216,15.4,Fog,120000,6800,2024-03-15
RT-101,Central East Sector,239,21.8,Rain,340000,20200,2024-03-15
RT-101,Central East Sector,270,30.2,Clear,340000,20200,2024-03-15
RT-107,South East Sector,156,14.2,Fog,182000,10400,2024-03-15
RT-101,Central East Sector,554,17.0,Fog,340000,20200,2024-03-15
RT-102,Central West Sector,315,-0.2,Snow,310000,18500,2024-03-15
RT-104,North West Sector,89,-3.2,Snow,120000,6800,2024-03-15
RT-108,South West Sector,273,-2.8,Snow,145000,8200,2024-03-15
RT-106,North-Central West Sector,580,17.7,Fog,195000,11200,2024-03-15
RT-107,South East Sector,612,23.4,Rain,182000,10400,2024-03-15
RT-108,South West Sector,212,22.9,Rain,145000,8200,2024-03-15
RT-103,North East Sector,991,21.5,Rain,135000,7500,2024-03-15
RT-104,North West Sector,176,29.3,Clear,120000,6800,2024-03-15
RT-101,Central East Sector,506,16.2,Fog,340000,20200,2024-03-15
RT-105,North-Central East Sector,580,21.8,Rain,175000,9900,2024-03-15
RT-103,North East Sector,306,26.7,Clear,135000,7500,2024-03-15
RT-107,South East Sector,292,23.9,Clear,182000,10400,2024-03-15
RT-102,Central West Sector,338,-0.1,Snow,310000,18500,2024-03-15
RT-104,North West Sector,146,-1.1,Snow,120000,6800,2024-03-15
RT-108,South West Sector,296,-2.5,Snow,145000,8200,2024-03-15
RT-107,South East Sector,290,23.5,Rain,182000,10400,2024-03-15
RT-106,North-Central West Sector,606,14.1,Fog,195000,11200,2024-03-15
RT-106,North-Central West Sector,229,25.2,Clear,195000,11200,2024-03-15
RT-104,North West Sector,114,-4.6,Snow,120000,6800,2024-03-15
RT-101,Central East Sector,255,18.6,Fog,340000,20200,2024-03-15
RT-108,South West Sector,526,-0.1,Snow,145000,8200,2024-03-15
RT-104,North West Sector,526,20.0,Rain,120000,6800,2024-03-15
RT-103,North East Sector,88,28.8,Clear,135000,7500,2024-03-15
RT-104,North West Sector,720,-2.2,Snow,120000,6800,2024-03-15
RT-101,Central East Sector,396,29.6,Clear,340000,20200,2024-03-15
RT-101,Central East Sector,630,16.7,Fog,340000,20200,2024-03-15
RT-103,North East Sector,592,16.5,Fog,135000,7500,2024-03-15
RT-103,North East Sector,982,1.5,Snow,135000,7500,2024-03-15
RT-103,North East Sector,622,19.5,Rain,135000,7500,2024-03-15
RT-105,North-Central East Sector,318,18.7,Rain,175000,9900,2024-03-15
RT-108,South West Sector,201,17.5,Fog,145000,8200,2024-03-15
RT-106,North-Central West Sector,378,19.8,Fog,195000,11200,2024-03-15
RT-110,South-Central West Sector,101,25.8,Clear,210000,12500,2024-03-15
RT-104,North West Sector,646,18.4,Rain,120000,6800,2024-03-15
RT-109,South-Central East Sector,288,20.0,Rain,230000,13800,2024-03-15
RT-106,North-Central West Sector,134,17.0,Fog,195000,11200,2024-03-15
RT-101,Central East Sector,861,19.0,Rain,340000,20200,2024-03-15
RT-102,Central West Sector,462,21.9,Rain,310000,18500,2024-03-15
RT-108,South West Sector,120,2.0,Snow,145000,8200,2024-03-15
RT-101,Central East Sector,294,20.7,Rain,340000,20200,2024-03-15
RT-108,South West Sector,341,-2.5,Snow,145000,8200,2024-03-15
RT-104,North West Sector,137,16.4,Fog,120000,6800,2024-03-15
RT-108,South West Sector,568,14.7,Fog,145000,8200,2024-03-15
RT-103,North East Sector,462,30.8,Clear,135000,7500,2024-03-15
RT-107,South East Sector,298,-2.1,Snow,182000,10400,2024-03-15
RT-101,Central East Sector,284,-2.3,Snow,340000,20200,2024-03-15
RT-108,South West Sector,222,28.6,Clear,145000,8200,2024-03-15
RT-105,North-Central East Sector,286,26.4,Clear,175000,9900,2024-03-15
RT-104,North West Sector,305,28.5,Clear,120000,6800,2024-03-15
RT-104,North West Sector,235,-4.6,Snow,120000,6800,2024-03-15
RT-106,North-Central West Sector,238,30.1,Clear,195000,11200,2024-03-15
RT-106,North-Central West Sector,333,19.6,Fog,195000,11200,2024-03-15
RT-104,North West Sector,278,21.9,Rain,120000,6800,2024-03-15
RT-109,South-Central East Sector,598,19.7,Fog,230000,13800,2024-03-15
RT-108,South West Sector,150,23.5,Clear,145000,8200,2024-03-15
RT-108,South West Sector,158,-1.7,Snow,145000,8200,2024-03-15
RT-101,Central East Sector,320,17.6,Fog,340000,20200,2024-03-15
RT-104,North West Sector,257,27.8,Clear,120000,6800,2024-03-15
RT-104,North West Sector,283,16.4,Fog,120000,6800,2024-03-15
RT-102,Central West Sector,470,16.0,Fog,310000,18500,2024-03-15
RT-102,Central West Sector,277,14.8,Fog,310000,18500,2024-03-15
RT-102,Central West Sector,473,-2.3,Snow,310000,18500,2024-03-15
RT-108,South West Sector,676,15.0,Fog,145000,8200,2024-03-15
RT-104,North West Sector,506,0.1,Snow,120000,6800,2024-03-15
RT-109,South-Central East Sector,494,15.3,Fog,230000,13800,2024-03-15
RT-106,North-Central West Sector,271,18.4,Rain,195000,11200,2024-03-15
RT-103,North East Sector,728,17.3,Fog,135000,7500,2024-03-15
RT-106,North-Central West Sector,164,17.6,Fog,195000,11200,2024-03-15
RT-101,Central East Sector,680,23.2,Rain,340000,20200,2024-03-15
RT-108,South West Sector,838,-1.0,Snow,145000,8200,2024-03-15
RT-107,South East Sector,324,25.5,Clear,182000,10400,2024-03-15
RT-101,Central East Sector,156,0.6,Snow,340000,20200,2024-03-15
RT-103,North East Sector,400,27.4,Clear,135000,7500,2024-03-15
RT-104,North West Sector,394,18.5,Rain,120000,6800,2024-03-15
RT-103,North East Sector,252,21.4,Rain,135000,7500,2024-03-15
RT-104,North West Sector,262,23.4,Rain,120000,6800,2024-03-15
RT-110,South-Central West Sector,690,-2.2,Snow,210000,12500,2024-03-15
RT-109,South-Central East Sector,730,15.8,Fog,230000,13800,2024-03-15
RT-107,South East Sector,382,18.9,Rain,182000,10400,2024-03-15
RT-109,South-Central East Sector,339,14.9,Fog,230000,13800,2024-03-15
RT-103,North East Sector,654,20.6,Rain,135000,7500,2024-03-15
RT-102,Central West Sector,359,-0.8,Snow,310000,18500,2024-03-15
RT-104,North West Sector,205,-4.4,Snow,120000,6800,2024-03-15
RT-105,North-Central East Sector,356,31.4,Clear,175000,9900,2024-03-15
RT-101,Central East Sector,881,18.5,Fog,340000,20200,2024-03-15
RT-106,North-Central West Sector,216,21.5,Rain,195000,11200,2024-03-15
RT-106,North-Central West Sector,84,23.0,Rain,195000,11200,2024-03-15
RT-105,North-Central East Sector,164,-4.4,Snow,175000,9900,2024-03-15
RT-109,South-Central East Sector,276,20.9,Rain,230000,13800,2024-03-15
RT-105,North-Central East Sector,514,21.8,Rain,175000,9900,2024-03-15
RT-104,North West Sector,324,0.8,Snow,120000,6800,2024-03-15
RT-109,South-Central East Sector,262,0.5,Snow,230000,13800,2024-03-15
RT-105,North-Central East Sector,279,15.7,Fog,175000,9900,2024-03-15
RT-109,South-Central East Sector,388,19.6,Fog,230000,13800,2024-03-15
RT-105,North-Central East Sector,220,-4.1,Snow,175000,9900,2024-03-15
RT-110,South-Central West Sector,341,30.8,Clear,210000,12500,2024-03-15
RT-107,South East Sector,556,19.8,Fog,182000,10400,2024-03-15
RT-107,South East Sector,209,23.8,Clear,182000,10400,2024-03-15
RT-103,North East Sector,806,18.3,Fog,135000,7500,2024-03-15
RT-104,North West Sector,279,-4.7,Snow,120000,6800,2024-03-15
RT-101,Central East Sector,568,-2.2,Snow,340000,20200,2024-03-15
RT-110,South-Central West Sector,290,-1.4,Snow,210000,12500,2024-03-15
RT-104,North West Sector,278,21.5,Rain,120000,6800,2024-03-16
RT-105,North-Central East Sector,320,23.6,Rain,175000,9900,2024-03-16
RT-109,South-Central East Sector,288,28.7,Clear,230000,13800,2024-03-16
RT-101,Central East Sector,332,-1.6,Snow,340000,20200,2024-03-16
RT-104,North West Sector,176,18.9,Fog,120000,6800,2024-03-16
RT-109,South-Central East Sector,712,31.5,Clear,230000,13800,2024-03-16
RT-109,South-Central East Sector,776,18.1,Rain,230000,13800,2024-03-16
RT-101,Central East Sector,280,1.9,Snow,340000,20200,2024-03-16
RT-108,South West Sector,229,14.5,Fog,145000,8200,2024-03-16
RT-109,South-Central East Sector,483,30.1,Clear,230000,13800,2024-03-16
RT-104,North West Sector,628,-3.0,Snow,120000,6800,2024-03-16
RT-106,North-Central West Sector,595,23.3,Clear,195000,11200,2024-03-16
RT-102,Central West Sector,556,-1.9,Snow,310000,18500,2024-03-16
RT-101,Central East Sector,436,28.4,Clear,340000,20200,2024-03-16
RT-108,South West Sector,285,20.3,Rain,145000,8200,2024-03-16
RT-110,South-Central West Sector,463,-4.6,Snow,210000,12500,2024-03-16
RT-107,South East Sector,672,17.6,Fog,182000,10400,2024-03-16
RT-109,South-Central East Sector,306,23.4,Rain,230000,13800,2024-03-16
RT-101,Central East Sector,301,20.3,Rain,340000,20200,2024-03-16
RT-108,South West Sector,574,-3.5,Snow,145000,8200,2024-03-16
RT-105,North-Central East Sector,636,26.4,Clear,175000,9900,2024-03-16
RT-109,South-Central East Sector,196,18.3,Rain,230000,13800,2024-03-16
RT-110,South-Central West Sector,767,30.2,Clear,210000,12500,2024-03-16
RT-105,North-Central East Sector,718,30.3,Clear,175000,9900,2024-03-16
RT-105,North-Central East Sector,205,21.5,Rain,175000,9900,2024-03-16
RT-105,North-Central East Sector,602,16.1,Fog,175000,9900,2024-03-16
RT-109,South-Central East Sector,891,0.6,Snow,230000,13800,2024-03-16
RT-108,South West Sector,920,21.3,Rain,145000,8200,2024-03-16
RT-107,South East Sector,740,23.0,Rain,182000,10400,2024-03-16
RT-107,South East Sector,946,-0.6,Snow,182000,10400,2024-03-16
RT-109,South-Central East Sector,433,0.5,Snow,230000,13800,2024-03-16
RT-105,North-Central East Sector,270,-0.8,Snow,175000,9900,2024-03-16
RT-102,Central West Sector,574,26.1,Clear,310000,18500,2024-03-16
RT-104,North West Sector,254,23.7,Rain,120000,6800,2024-03-16
RT-106,North-Central West Sector,255,27.4,Clear,195000,11200,2024-03-16
RT-106,North-Central West Sector,553,28.1,Clear,195000,11200,2024-03-16
RT-105,North-Central East Sector,630,15.3,Fog,175000,9900,2024-03-16
RT-108,South West Sector,271,28.3,Clear,145000,8200,2024-03-16
RT-105,North-Central East Sector,420,27.7,Clear,175000,9900,2024-03-16
RT-102,Central West Sector,744,23.8,Clear,310000,18500,2024-03-16
RT-108,South West Sector,332,14.4,Fog,145000,8200,2024-03-16
RT-106,North-Central West Sector,401,17.6,Fog,195000,11200,2024-03-16
RT-102,Central West Sector,586,18.6,Fog,310000,18500,2024-03-16
RT-102,Central West Sector,227,21.1,Rain,310000,18500,2024-03-16
RT-102,Central West Sector,305,24.3,Clear,310000,18500,2024-03-16
RT-102,Central West Sector,142,18.0,Fog,310000,18500,2024-03-16
RT-109,South-Central East Sector,732,-4.4,Snow,230000,13800,2024-03-16
RT-106,North-Central West Sector,552,26.4,Clear,195000,11200,2024-03-16
RT-103,North East Sector,491,23.6,Clear,135000,7500,2024-03-16
RT-101,Central East Sector,108,15.1,Fog,340000,20200,2024-03-16
RT-106,North-Central West Sector,387,15.2,Fog,195000,11200,2024-03-16
RT-104,North West Sector,249,16.3,Fog,120000,6800,2024-03-16
RT-105,North-Central East Sector,346,22.5,Clear,175000,9900,2024-03-16
RT-108,South West Sector,339,16.4,Fog,145000,8200,2024-03-16
RT-107,South East Sector,193,21.1,Rain,182000,10400,2024-03-16
RT-107,South East Sector,219,16.9,Fog,182000,10400,2024-03-16
RT-104,North West Sector,628,16.3,Fog,120000,6800,2024-03-16
RT-104,North West Sector,472,23.0,Rain,120000,6800,2024-03-16
RT-106,North-Central West Sector,400,-4.0,Snow,195000,11200,2024-03-16
RT-105,North-Central East Sector,194,-1.5,Snow,175000,9900,2024-03-16
RT-107,South East Sector,305,-4.6,Snow,182000,10400,2024-03-16
RT-105,North-Central East Sector,241,14.4,Fog,175000,9900,2024-03-16
RT-104,North West Sector,266,17.4,Fog,120000,6800,2024-03-16
RT-107,South East Sector,421,27.7,Clear,182000,10400,2024-03-16
RT-101,Central East Sector,536,23.3,Rain,340000,20200,2024-03-16
RT-110,South-Central West Sector,897,17.3,Fog,210000,12500,2024-03-16
RT-110,South-Central West Sector,692,23.8,Rain,210000,12500,2024-03-16
RT-104,North West Sector,358,22.5,Clear,120000,6800,2024-03-16
RT-104,North West Sector,306,-4.3,Snow,120000,6800,2024-03-16
RT-102,Central West Sector,318,-4.7,Snow,310000,18500,2024-03-16
RT-102,Central West Sector,512,-3.7,Snow,310000,18500,2024-03-16
RT-101,Central East Sector,66,21.2,Rain,340000,20200,2024-03-16
RT-110,South-Central West Sector,131,17.9,Fog,210000,12500,2024-03-16
RT-109,South-Central East Sector,324,-4.7,Snow,230000,13800,2024-03-16
RT-104,North West Sector,304,23.7,Rain,120000,6800,2024-03-16
RT-107,South East Sector,126,19.1,Fog,182000,10400,2024-03-16
RT-106,North-Central West Sector,238,19.8,Rain,195000,11200,2024-03-16
RT-101,Central East Sector,342,-4.5,Snow,340000,20200,2024-03-16
RT-102,Central West Sector,554,19.0,Rain,310000,18500,2024-03-16
RT-107,South East Sector,466,18.8,Rain,182000,10400,2024-03-16
RT-109,South-Central East Sector,282,23.2,Clear,230000,13800,2024-03-16
RT-103,North East Sector,239,21.1,Rain,135000,7500,2024-03-16
RT-106,North-Central West Sector,422,15.5,Fog,195000,11200,2024-03-16
RT-102,Central West Sector,99,25.6,Clear,310000,18500,2024-03-16
RT-101,Central East Sector,429,31.9,Clear,340000,20200,2024-03-16
RT-101,Central East Sector,656,-0.2,Snow,340000,20200,2024-03-16
RT-109,South-Central East Sector,77,31.5,Clear,230000,13800,2024-03-16
RT-101,Central East Sector,546,23.4,Clear,340000,20200,2024-03-16
RT-102,Central West Sector,333,20.3,Rain,310000,18500,2024-03-16
RT-106,North-Central West Sector,150,-1.1,Snow,195000,11200,2024-03-16
RT-110,South-Central West Sector,420,14.5,Fog,210000,12500,2024-03-16
RT-104,North West Sector,612,22.0,Clear,120000,6800,2024-03-16
RT-101,Central East Sector,1077,28.7,Clear,340000,20200,2024-03-16
RT-104,North West Sector,234,21.9,Rain,120000,6800,2024-03-16
RT-109,South-Central East Sector,114,26.1,Clear,230000,13800,2024-03-16
RT-110,South-Central West Sector,262,16.9,Fog,210000,12500,2024-03-16
RT-103,North East Sector,660,20.5,Rain,135000,7500,2024-03-16
RT-105,North-Central East Sector,161,22.2,Clear,175000,9900,2024-03-16
RT-104,North West Sector,762,20.0,Rain,120000,6800,2024-03-16
RT-105,North-Central East Sector,526,19.1,Rain,175000,9900,2024-03-16
RT-109,South-Central East Sector,1012,14.6,Fog,230000,13800,2024-03-16
RT-108,South West Sector,666,1.7,Snow,145000,8200,2024-03-16
RT-103,North East Sector,516,21.6,Rain,135000,7500,2024-03-16
RT-102,Central West Sector,370,29.3,Clear,310000,18500,2024-03-16
RT-105,North-Central East Sector,1146,25.2,Clear,175000,9900,2024-03-16
RT-102,Central West Sector,843,-2.2,Snow,310000,18500,2024-03-16
RT-102,Central West Sector,197,15.4,Fog,310000,18500,2024-03-16
RT-101,Central East Sector,566,14.6,Fog,340000,20200,2024-03-16
RT-103,North East Sector,556,19.1,Rain,135000,7500,2024-03-16
RT-105,North-Central East Sector,663,18.8,Fog,175000,9900,2024-03-16
RT-107,South East Sector,481,22.1,Rain,182000,10400,2024-03-16
RT-106,North-Central West Sector,260,21.3,Rain,195000,11200,2024-03-16
RT-107,South East Sector,178,-1.7,Snow,182000,10400,2024-03-16
RT-109,South-Central East Sector,364,19.5,Fog,230000,13800,2024-03-16
RT-102,Central West Sector,187,22.7,Clear,310000,18500,2024-03-16
RT-106,North-Central West Sector,368,-3.0,Snow,195000,11200,2024-03-16
RT-104,North West Sector,782,20.1,Rain,120000,6800,2024-03-16
RT-104,North West Sector,142,22.7,Rain,120000,6800,2024-03-16
RT-110,South-Central West Sector,239,24.0,Rain,210000,12500,2024-03-16
RT-105,North-Central East Sector,592,19.4,Rain,175000,9900,2024-03-16
RT-110,South-Central West Sector,327,19.2,Fog,210000,12500,2024-03-16
RT-108,South West Sector,357,23.0,Rain,145000,8200,2024-03-16
RT-108,South West Sector,415,19.3,Rain,145000,8200,2024-03-16
RT-110,South-Central West Sector,271,16.4,Fog,210000,12500,2024-03-16
RT-106,North-Central West Sector,554,-2.1,Snow,195000,11200,2024-03-16
RT-104,North West Sector,335,1.8,Snow,120000,6800,2024-03-16
RT-103,North East Sector,784,23.8,Clear,135000,7500,2024-03-16
RT-101,Central East Sector,518,22.8,Rain,340000,20200,2024-03-16
RT-104,North West Sector,413,20.0,Rain,120000,6800,2024-03-16
RT-109,South-Central East Sector,327,18.4,Fog,230000,13800,2024-03-16
RT-102,Central West Sector,762,26.2,Clear,310000,18500,2024-03-16
RT-108,South West Sector,642,27.8,Clear,145000,8200,2024-03-16
RT-109,South-Central East Sector,298,30.3,Clear,230000,13800,2024-03-16
RT-106,North-Central West Sector,159,18.8,Fog,195000,11200,2024-03-16
RT-105,North-Central East Sector,770,30.7,Clear,175000,9900,2024-03-16
RT-102,Central West Sector,151,22.6,Clear,310000,18500,2024-03-16
RT-103,North East Sector,391,22.2,Rain,135000,7500,2024-03-16
RT-108,South West Sector,647,-4.0,Snow,145000,8200,2024-03-16
RT-109,South-Central East Sector,66,16.5,Fog,230000,13800,2024-03-16
RT-109,South-Central East Sector,194,21.3,Rain,230000,13800,2024-03-16
RT-101,Central East Sector,206,16.4,Fog,340000,20200,2024-03-16
RT-101,Central East Sector,220,21.1,Rain,340000,20200,2024-03-16
RT-101,Central East Sector,600,2.0,Snow,340000,20200,2024-03-16
RT-106,North-Central West Sector,96,14.8,Fog,195000,11200,2024-03-16
RT-103,North East Sector,767,28.8,Clear,135000,7500,2024-03-16
RT-105,North-Central East Sector,560,26.0,Clear,175000,9900,2024-03-16
RT-110,South-Central West Sector,120,14.8,Fog,210000,12500,2024-03-16
RT-105,North-Central East Sector,822,-3.9,Snow,175000,9900,2024-03-16
RT-101,Central East Sector,386,23.7,Rain,340000,20200,2024-03-16
RT-104,North West Sector,287,30.8,Clear,120000,6800,2024-03-16
RT-101,Central East Sector,402,23.4,Rain,340000,20200,2024-03-16
RT-103,North East Sector,626,23.9,Rain,135000,7500,2024-03-16
RT-109,South-Central East Sector,333,24.1,Clear,230000,13800,2024-03-16
RT-103,North East Sector,196,25.6,Clear,135000,7500,2024-03-16
RT-106,North-Central West Sector,292,18.0,Fog,195000,11200,2024-03-16
RT-104,North West Sector,212,-1.6,Snow,120000,6800,2024-03-16
RT-109,South-Central East Sector,932,16.5,Fog,230000,13800,2024-03-16
RT-110,South-Central West Sector,337,20.1,Rain,210000,12500,2024-03-16
RT-103,North East Sector,208,17.6,Fog,135000,7500,2024-03-16
RT-107,South East Sector,125,21.5,Rain,182000,10400,2024-03-16
RT-108,South West Sector,342,19.0,Rain,145000,8200,2024-03-16
RT-104,North West Sector,317,-1.7,Snow,120000,6800,2024-03-16
RT-106,North-Central West Sector,100,21.3,Rain,195000,11200,2024-03-16
RT-104,North West Sector,205,-1.0,Snow,120000,6800,2024-03-16
RT-102,Central West Sector,238,15.3,Fog,310000,18500,2024-03-16
RT-102,Central West Sector,176,18.5,Fog,310000,18500,2024-03-16
RT-102,Central West Sector,43,18.2,Rain,310000,18500,2024-03-16
RT-104,North West Sector,181,25.5,Clear,120000,6800,2024-03-16
RT-105,North-Central East Sector,124,18.7,Fog,175000,9900,2024-03-16
RT-108,South West Sector,200,17.4,Fog,145000,8200,2024-03-16
RT-102,Central West Sector,162,19.6,Rain,310000,18500,2024-03-16
RT-103,North East Sector,221,22.2,Rain,135000,7500,2024-03-16
RT-109,South-Central East Sector,154,17.4,Fog,230000,13800,2024-03-16
RT-109,South-Central East Sector,165,0.6,Snow,230000,13800,2024-03-16
RT-102,Central West Sector,534,22.4,Rain,310000,18500,2024-03-16
RT-103,North East Sector,610,28.1,Clear,135000,7500,2024-03-16
RT-103,North East Sector,266,20.9,Rain,135000,7500,2024-03-16
RT-108,South West Sector,260,18.8,Rain,145000,8200,2024-03-16
RT-106,North-Central West Sector,736,24.6,Clear,195000,11200,2024-03-16
RT-101,Central East Sector,246,20.5,Rain,340000,20200,2024-03-16
RT-102,Central West Sector,670,17.6,Fog,310000,18500,2024-03-16
RT-101,Central East Sector,510,27.1,Clear,340000,20200,2024-03-16
RT-106,North-Central West Sector,636,19.7,Rain,195000,11200,2024-03-16
RT-110,South-Central West Sector,232,14.0,Fog,210000,12500,2024-03-16
RT-110,South-Central West Sector,296,17.0,Fog,210000,12500,2024-03-16
RT-110,South-Central West Sector,294,19.7,Rain,210000,12500,2024-03-16
RT-104,North West Sector,202,29.3,Clear,120000,6800,2024-03-16
RT-102,Central West Sector,554,22.2,Clear,310000,18500,2024-03-16
RT-105,North-Central East Sector,449,-0.9,Snow,175000,9900,2024-03-16
RT-109,South-Central East Sector,137,1.6,Snow,230000,13800,2024-03-16
RT-105,North-Central East Sector,506,23.7,Clear,175000,9900,2024-03-16
RT-106,North-Central West Sector,400,20.8,Rain,195000,11200,2024-03-16
RT-102,Central West Sector,84,-4.4,Snow,310000,18500,2024-03-16
RT-106,North-Central West Sector,490,28.3,Clear,195000,11200,2024-03-16
RT-106,North-Central West Sector,200,21.3,Rain,195000,11200,2024-03-16
RT-106,North-Central West Sector,280,-2.1,Snow,195000,11200,2024-03-16
RT-108,South West Sector,416,27.2,Clear,145000,8200,2024-03-16
RT-109,South-Central East Sector,424,1.3,Snow,230000,13800,2024-03-16
RT-103,North East Sector,514,19.2,Rain,135000,7500,2024-03-16
RT-110,South-Central West Sector,164,18.1,Rain,210000,12500,2024-03-16
RT-107,South East Sector,407,1.0,Snow,182000,10400,2024-03-16
RT-102,Central West Sector,628,17.5,Fog,310000,18500,2024-03-16
RT-110,South-Central West Sector,1000,30.9,Clear,210000,12500,2024-03-16
RT-109,South-Central East Sector,538,17.6,Fog,230000,13800,2024-03-16
RT-106,North-Central West Sector,277,30.1,Clear,195000,11200,2024-03-16
RT-108,South West Sector,110,26.3,Clear,145000,8200,2024-03-16
RT-104,North West Sector,771,29.5,Clear,120000,6800,2024-03-16
RT-106,North-Central West Sector,263,1.4,Snow,195000,11200,2024-03-16
RT-103,North East Sector,1184,21.4,Rain,135000,7500,2024-03-16
RT-108,South West Sector,1348,23.8,Clear,145000,8200,2024-03-16
RT-107,South East Sector,227,19.6,Rain,182000,10400,2024-03-16
RT-107,South East Sector,1168,-3.6,Snow,182000,10400,2024-03-16
RT-109,South-Central East Sector,133,24.5,Clear,230000,13800,2024-03-16
RT-106,North-Central West Sector,318,19.8,Rain,195000,11200,2024-03-16
RT-103,North East Sector,506,21.3,Rain,135000,7500,2024-03-16
RT-105,North-Central East Sector,364,-0.9,Snow,175000,9900,2024-03-16
RT-110,South-Central West Sector,654,16.6,Fog,210000,12500,2024-03-16
RT-110,South-Central West Sector,544,28.2,Clear,210000,12500,2024-03-16
RT-104,North West Sector,439,-4.4,Snow,120000,6800,2024-03-16
RT-108,South West Sector,560,18.5,Rain,145000,8200,2024-03-16
RT-109,South-Central East Sector,240,-3.8,Snow,230000,13800,2024-03-16
RT-109,South-Central East Sector,349,21.1,Rain,230000,13800,2024-03-16
RT-103,North East Sector,411,15.3,Fog,135000,7500,2024-03-16
RT-108,South West Sector,296,24.8,Clear,145000,8200,2024-03-16
RT-105,North-Central East Sector,383,20.4,Rain,175000,9900,2024-03-16
RT-109,South-Central East Sector,242,30.1,Clear,230000,13800,2024-03-16
RT-109,South-Central East Sector,110,14.1,Fog,230000,13800,2024-03-16
RT-102,Central West Sector,169,17.9,Fog,310000,18500,2024-03-16
RT-110,South-Central West Sector,378,22.0,Rain,210000,12500,2024-03-16
RT-107,South East Sector,1224,30.0,Clear,182000,10400,2024-03-16
RT-102,Central West Sector,344,1.5,Snow,310000,18500,2024-03-16
RT-104,North West Sector,314,22.2,Clear,120000,6800,2024-03-16
RT-106,North-Central West Sector,388,18.9,Rain,195000,11200,2024-03-16
RT-109,South-Central East Sector,406,1.2,Snow,230000,13800,2024-03-16
RT-108,South West Sector,262,16.8,Fog,145000,8200,2024-03-16
RT-108,South West Sector,381,27.6,Clear,145000,8200,2024-03-16
RT-101,Central East Sector,303,28.6,Clear,340000,20200,2024-03-16
RT-102,Central West Sector,482,22.1,Rain,310000,18500,2024-03-16
RT-102,Central West Sector,528,1.5,Snow,310000,18500,2024-03-16
RT-108,South West Sector,218,24.0,Rain,145000,8200,2024-03-16
RT-102,Central West Sector,863,29.2,Clear,310000,18500,2024-03-16
RT-110,South-Central West Sector,86,-3.0,Snow,210000,12500,2024-03-16
RT-110,South-Central West Sector,238,30.8,Clear,210000,12500,2024-03-16
RT-107,South East Sector,376,14.3,Fog,182000,10400,2024-03-16
RT-108,South West Sector,270,15.4,Fog,145000,8200,2024-03-16
RT-106,North-Central West Sector,70,23.4,Rain,195000,11200,2024-03-16
RT-110,South-Central West Sector,358,24.6,Clear,210000,12500,2024-03-16
RT-104,North West Sector,554,15.3,Fog,120000,6800,2024-03-16
RT-101,Central East Sector,648,-4.0,Snow,340000,20200,2024-03-16
RT-107,South East Sector,628,1.0,Snow,182000,10400,2024-03-16
RT-108,South West Sector,86,21.0,Rain,145000,8200,2024-03-16
RT-106,North-Central West Sector,273,22.0,Rain,195000,11200,2024-03-16
RT-101,Central East Sector,236,24.4,Clear,340000,20200,2024-03-16
RT-102,Central West Sector,346,29.6,Clear,310000,18500,2024-03-16
RT-108,South West Sector,208,29.6,Clear,145000,8200,2024-03-16
RT-108,South West Sector,197,25.1,Clear,145000,8200,2024-03-16
RT-109,South-Central East Sector,566,20.5,Rain,230000,13800,2024-03-16
RT-108,South West Sector,248,15.3,Fog,145000,8200,2024-03-16
RT-105,North-Central East Sector,408,19.9,Fog,175000,9900,2024-03-16
RT-102,Central West Sector,257,28.5,Clear,310000,18500,2024-03-16
RT-101,Central East Sector,269,31.3,Clear,340000,20200,2024-03-16
RT-101,Central East Sector,320,25.0,Clear,340000,20200,2024-03-16
RT-101,Central East Sector,211,29.8,Clear,340000,20200,2024-03-16
RT-103,North East Sector,72,18.6,Fog,135000,7500,2024-03-16
RT-105,North-Central East Sector,722,-0.2,Snow,175000,9900,2024-03-16
RT-103,North East Sector,612,23.8,Rain,135000,7500,2024-03-16
RT-103,North East Sector,391,16.4,Fog,135000,7500,2024-03-16
RT-102,Central West Sector,132,14.8,Fog,310000,18500,2024-03-16
RT-103,North East Sector,203,-0.3,Snow,135000,7500,2024-03-16
RT-110,South-Central West Sector,840,29.3,Clear,210000,12500,2024-03-16
RT-109,South-Central East Sector,618,-1.0,Snow,230000,13800,2024-03-16
RT-106,North-Central West Sector,236,24.1,Clear,195000,11200,2024-03-16
RT-109,South-Central East Sector,320,21.0,Rain,230000,13800,2024-03-16
RT-109,South-Central East Sector,259,-2.8,Snow,230000,13800,2024-03-16
RT-105,North-Central East Sector,176,26.3,Clear,175000,9900,2024-03-16
RT-107,South East Sector,185,17.9,Fog,182000,10400,2024-03-16
RT-106,North-Central West Sector,510,0.2,Snow,195000,11200,2024-03-16
RT-104,North West Sector,83,24.3,Clear,120000,6800,2024-03-16
RT-103,North East Sector,190,26.1,Clear,135000,7500,2024-03-16
RT-108,South West Sector,252,15.6,Fog,145000,8200,2024-03-16
RT-103,North East Sector,213,15.2,Fog,135000,7500,2024-03-16
RT-103,North East Sector,644,0.5,Snow,135000,7500,2024-03-16
RT-103,North East Sector,266,23.5,Rain,135000,7500,2024-03-16
RT-102,Central West Sector,377,16.2,Fog,310000,18500,2024-03-16
RT-109,South-Central East Sector,332,0.3,Snow,230000,13800,2024-03-16
RT-102,Central West Sector,686,1.3,Snow,310000,18500,2024-03-16
RT-105,North-Central East Sector,913,0.9,Snow,175000,9900,2024-03-16
RT-104,North West Sector,530,23.8,Clear,120000,6800,2024-03-16
RT-103,North East Sector,207,31.6,Clear,135000,7500,2024-03-17
RT-110,South-Central West Sector,370,16.3,Fog,210000,12500,2024-03-17
RT-103,North East Sector,460,20.0,Rain,135000,7500,2024-03-17
RT-103,North East Sector,283,22.6,Clear,135000,7500,2024-03-17
RT-109,South-Central East Sector,1166,-1.6,Snow,230000,13800,2024-03-17
RT-106,North-Central West Sector,126,23.1,Clear,195000,11200,2024-03-17
RT-103,North East Sector,1124,15.5,Fog,135000,7500,2024-03-17
RT-103,North East Sector,420,25.2,Clear,135000,7500,2024-03-17
RT-109,South-Central East Sector,302,30.1,Clear,230000,13800,2024-03-17
RT-110,South-Central West Sector,916,23.3,Rain,210000,12500,2024-03-17
RT-109,South-Central East Sector,510,25.0,Clear,230000,13800,2024-03-17
RT-107,South East Sector,133,19.2,Fog,182000,10400,2024-03-17
RT-108,South West Sector,404,23.1,Rain,145000,8200,2024-03-17
RT-101,Central East Sector,215,29.6,Clear,340000,20200,2024-03-17
RT-110,South-Central West Sector,333,18.9,Rain,210000,12500,2024-03-17
RT-101,Central East Sector,602,22.1,Rain,340000,20200,2024-03-17
RT-108,South West Sector,321,23.7,Rain,145000,8200,2024-03-17
RT-108,South West Sector,200,22.1,Rain,145000,8200,2024-03-17
RT-103,North East Sector,330,25.3,Clear,135000,7500,2024-03-17
RT-102,Central West Sector,578,17.0,Fog,310000,18500,2024-03-17
RT-101,Central East Sector,360,17.9,Fog,340000,20200,2024-03-17
RT-101,Central East Sector,299,27.1,Clear,340000,20200,2024-03-17
RT-108,South West Sector,229,14.7,Fog,145000,8200,2024-03-17
RT-107,South East Sector,116,19.9,Rain,182000,10400,2024-03-17
RT-102,Central West Sector,213,18.8,Fog,310000,18500,2024-03-17
RT-108,South West Sector,358,19.2,Fog,145000,8200,2024-03-17
RT-109,South-Central East Sector,296,14.8,Fog,230000,13800,2024-03-17
RT-103,North East Sector,307,1.7,Snow,135000,7500,2024-03-17
RT-109,South-Central East Sector,638,16.0,Fog,230000,13800,2024-03-17
RT-105,North-Central East Sector,258,28.6,Clear,175000,9900,2024-03-17
RT-109,South-Central East Sector,542,22.5,Rain,230000,13800,2024-03-17
RT-101,Central East Sector,58,22.9,Rain,340000,20200,2024-03-17
RT-104,North West Sector,760,1.6,Snow,120000,6800,2024-03-17
RT-106,North-Central West Sector,204,25.1,Clear,195000,11200,2024-03-17
RT-103,North East Sector,168,19.2,Fog,135000,7500,2024-03-17
RT-104,North West Sector,45,18.8,Rain,120000,6800,2024-03-17
RT-102,Central West Sector,371,29.1,Clear,310000,18500,2024-03-17
RT-101,Central East Sector,448,18.5,Fog,340000,20200,2024-03-17
RT-105,North-Central East Sector,952,28.8,Clear,175000,9900,2024-03-17
RT-106,North-Central West Sector,176,-3.2,Snow,195000,11200,2024-03-17
RT-104,North West Sector,146,30.7,Clear,120000,6800,2024-03-17
RT-109,South-Central East Sector,203,23.7,Clear,230000,13800,2024-03-17
RT-102,Central West Sector,219,14.3,Fog,310000,18500,2024-03-17
RT-108,South West Sector,194,22.3,Rain,145000,8200,2024-03-17
RT-104,North West Sector,300,16.9,Fog,120000,6800,2024-03-17
RT-107,South East Sector,185,23.1,Rain,182000,10400,2024-03-17
RT-105,North-Central East Sector,302,25.8,Clear,175000,9900,2024-03-17
RT-109,South-Central East Sector,646,15.0,Fog,230000,13800,2024-03-17
RT-110,South-Central West Sector,460,23.0,Rain,210000,12500,2024-03-17
RT-108,South West Sector,76,17.3,Fog,145000,8200,2024-03-17
RT-106,North-Central West Sector,578,15.1,Fog,195000,11200,2024-03-17
RT-105,North-Central East Sector,874,0.0,Snow,175000,9900,2024-03-17
RT-103,North East Sector,166,-1.4,Snow,135000,7500,2024-03-17
RT-103,North East Sector,329,-0.8,Snow,135000,7500,2024-03-17
RT-110,South-Central West Sector,181,20.8,Rain,210000,12500,2024-03-17
RT-104,North West Sector,340,23.0,Rain,120000,6800,2024-03-17
RT-105,North-Central East Sector,127,19.0,Fog,175000,9900,2024-03-17
RT-106,North-Central West Sector,262,29.1,Clear,195000,11200,2024-03-17
RT-106,North-Central West Sector,357,14.6,Fog,195000,11200,2024-03-17
RT-107,South East Sector,217,30.4,Clear,182000,10400,2024-03-17
RT-106,North-Central West Sector,448,28.7,Clear,195000,11200,2024-03-17
RT-110,South-Central West Sector,895,18.2,Fog,210000,12500,2024-03-17
RT-110,South-Central West Sector,410,16.2,Fog,210000,12500,2024-03-17
RT-110,South-Central West Sector,684,23.3,Rain,210000,12500,2024-03-17
RT-109,South-Central East Sector,111,29.3,Clear,230000,13800,2024-03-17
RT-103,North East Sector,284,14.7,Fog,135000,7500,2024-03-17
RT-102,Central West Sector,75,20.4,Rain,310000,18500,2024-03-17
RT-105,North-Central East Sector,556,23.3,Rain,175000,9900,2024-03-17
RT-106,North-Central West Sector,382,22.5,Clear,195000,11200,2024-03-17
RT-102,Central West Sector,249,19.8,Fog,310000,18500,2024-03-17
RT-108,South West Sector,630,22.1,Rain,145000,8200,2024-03-17
RT-110,South-Central West Sector,413,17.8,Fog,210000,12500,2024-03-17
RT-105,North-Central East Sector,560,24.7,Clear,175000,9900,2024-03-17
RT-101,Central East Sector,311,-3.3,Snow,340000,20200,2024-03-17
RT-105,North-Central East Sector,330,23.7,Rain,175000,9900,2024-03-17
RT-108,South West Sector,784,25.0,Clear,145000,8200,2024-03-17
RT-110,South-Central West Sector,564,0.4,Snow,210000,12500,2024-03-17
RT-108,South West Sector,520,20.4,Rain,145000,8200,2024-03-17
RT-109,South-Central East Sector,385,23.4,Clear,230000,13800,2024-03-17
RT-107,South East Sector,95,22.1,Clear,182000,10400,2024-03-17
RT-108,South West Sector,353,17.3,Fog,145000,8200,2024-03-17
RT-104,North West Sector,345,1.8,Snow,120000,6800,2024-03-17
RT-105,North-Central East Sector,936,20.2,Rain,175000,9900,2024-03-17
RT-108,South West Sector,690,-2.5,Snow,145000,8200,2024-03-17
RT-109,South-Central East Sector,256,-2.6,Snow,230000,13800,2024-03-17
RT-106,North-Central West Sector,479,-1.4,Snow,195000,11200,2024-03-17
RT-105,North-Central East Sector,686,26.4,Clear,175000,9900,2024-03-17
RT-104,North West Sector,382,30.8,Clear,120000,6800,2024-03-17
RT-109,South-Central East Sector,195,-1.5,Snow,230000,13800,2024-03-17
RT-103,North East Sector,644,21.0,Rain,135000,7500,2024-03-17
RT-102,Central West Sector,450,-4.0,Snow,310000,18500,2024-03-17
RT-105,North-Central East Sector,432,1.9,Snow,175000,9900,2024-03-17
RT-107,South East Sector,380,24.5,Clear,182000,10400,2024-03-17
RT-102,Central West Sector,378,18.4,Rain,310000,18500,2024-03-17
RT-108,South West Sector,540,28.6,Clear,145000,8200,2024-03-17
RT-106,North-Central West Sector,561,17.6,Fog,195000,11200,2024-03-17
RT-110,South-Central West Sector,289,20.5,Rain,210000,12500,2024-03-17
RT-110,South-Central West Sector,267,26.2,Clear,210000,12500,2024-03-17
RT-106,North-Central West Sector,332,29.9,Clear,195000,11200,2024-03-17
RT-103,North East Sector,282,19.2,Rain,135000,7500,2024-03-17
RT-103,North East Sector,276,22.9,Rain,135000,7500,2024-03-17
RT-104,North West Sector,518,-0.5,Snow,120000,6800,2024-03-17
RT-101,Central East Sector,330,-2.1,Snow,340000,20200,2024-03-17
RT-103,North East Sector,1037,20.7,Rain,135000,7500,2024-03-17
RT-108,South West Sector,248,19.5,Rain,145000,8200,2024-03-17
RT-102,Central West Sector,263,29.5,Clear,310000,18500,2024-03-17
RT-108,South West Sector,190,17.1,Fog,145000,8200,2024-03-17
RT-105,North-Central East Sector,434,19.9,Rain,175000,9900,2024-03-17
RT-101,Central East Sector,98,17.6,Fog,340000,20200,2024-03-17
RT-103,North East Sector,58,2.0,Snow,135000,7500,2024-03-17
RT-105,North-Central East Sector,272,20.6,Rain,175000,9900,2024-03-17
RT-102,Central West Sector,414,1.4,Snow,310000,18500,2024-03-17
RT-102,Central West Sector,144,16.1,Fog,310000,18500,2024-03-17
RT-104,North West Sector,598,22.5,Clear,120000,6800,2024-03-17
RT-104,North West Sector,612,24.0,Clear,120000,6800,2024-03-17
RT-103,North East Sector,450,26.2,Clear,135000,7500,2024-03-17
RT-101,Central East Sector,289,15.3,Fog,340000,20200,2024-03-17
RT-105,North-Central East Sector,690,14.0,Fog,175000,9900,2024-03-17
RT-101,Central East Sector,461,1.4,Snow,340000,20200,2024-03-17
RT-103,North East Sector,75,19.1,Fog,135000,7500,2024-03-17
RT-107,South East Sector,274,18.5,Fog,182000,10400,2024-03-17
RT-110,South-Central West Sector,196,-3.8,Snow,210000,12500,2024-03-17
RT-104,North West Sector,103,18.7,Rain,120000,6800,2024-03-17
RT-109,South-Central East Sector,582,18.4,Rain,230000,13800,2024-03-17
RT-104,North West Sector,266,22.3,Rain,120000,6800,2024-03-17
RT-104,North West Sector,738,31.3,Clear,120000,6800,2024-03-17
RT-101,Central East Sector,96,16.6,Fog,340000,20200,2024-03-17
RT-102,Central West Sector,348,23.2,Clear,310000,18500,2024-03-17
RT-109,South-Central East Sector,634,17.1,Fog,230000,13800,2024-03-17
RT-109,South-Central East Sector,312,16.1,Fog,230000,13800,2024-03-17
RT-110,South-Central West Sector,128,16.2,Fog,210000,12500,2024-03-17
RT-103,North East Sector,204,21.7,Rain,135000,7500,2024-03-17
RT-105,North-Central East Sector,279,22.3,Rain,175000,9900,2024-03-17
RT-107,South East Sector,281,14.7,Fog,182000,10400,2024-03-17
RT-108,South West Sector,482,18.2,Rain,145000,8200,2024-03-17
RT-107,South East Sector,442,24.0,Rain,182000,10400,2024-03-17
RT-103,North East Sector,438,15.4,Fog,135000,7500,2024-03-17
RT-102,Central West Sector,204,14.3,Fog,310000,18500,2024-03-17
RT-110,South-Central West Sector,465,19.1,Rain,210000,12500,2024-03-17
RT-107,South East Sector,266,-4.7,Snow,182000,10400,2024-03-17
RT-101,Central East Sector,328,20.4,Rain,340000,20200,2024-03-17
RT-105,North-Central East Sector,310,22.8,Rain,175000,9900,2024-03-17
RT-103,North East Sector,234,20.0,Rain,135000,7500,2024-03-17
RT-108,South West Sector,212,20.7,Rain,145000,8200,2024-03-17
RT-105,North-Central East Sector,310,22.1,Rain,175000,9900,2024-03-17
RT-110,South-Central West Sector,918,17.1,Fog,210000,12500,2024-03-17
RT-102,Central West Sector,342,30.6,Clear,310000,18500,2024-03-17
RT-106,North-Central West Sector,269,30.7,Clear,195000,11200,2024-03-17
RT-107,South East Sector,266,22.1,Clear,182000,10400,2024-03-17
RT-107,South East Sector,672,18.7,Fog,182000,10400,2024-03-17
RT-110,South-Central West Sector,169,26.6,Clear,210000,12500,2024-03-17
RT-108,South West Sector,372,23.9,Rain,145000,8200,2024-03-17
RT-110,South-Central West Sector,828,26.8,Clear,210000,12500,2024-03-17
RT-109,South-Central East Sector,283,19.9,Fog,230000,13800,2024-03-17
RT-103,North East Sector,1000,0.3,Snow,135000,7500,2024-03-17
RT-110,South-Central West Sector,1020,19.5,Rain,210000,12500,2024-03-17
RT-104,North West Sector,920,27.4,Clear,120000,6800,2024-03-17
RT-102,Central West Sector,354,24.0,Rain,310000,18500,2024-03-17
RT-105,North-Central East Sector,188,19.1,Fog,175000,9900,2024-03-17
RT-101,Central East Sector,760,23.0,Clear,340000,20200,2024-03-17
RT-107,South East Sector,392,29.1,Clear,182000,10400,2024-03-17
RT-105,North-Central East Sector,348,16.1,Fog,175000,9900,2024-03-17
RT-105,North-Central East Sector,437,22.1,Clear,175000,9900,2024-03-17
RT-107,South East Sector,106,-2.2,Snow,182000,10400,2024-03-17
RT-104,North West Sector,455,-3.4,Snow,120000,6800,2024-03-17
RT-108,South West Sector,476,18.9,Fog,145000,8200,2024-03-17
RT-109,South-Central East Sector,955,16.0,Fog,230000,13800,2024-03-17
RT-103,North East Sector,448,19.0,Fog,135000,7500,2024-03-17
RT-107,South East Sector,234,14.0,Fog,182000,10400,2024-03-17
RT-101,Central East Sector,972,19.8,Rain,340000,20200,2024-03-17
RT-108,South West Sector,244,-3.3,Snow,145000,8200,2024-03-17
RT-103,North East Sector,210,15.4,Fog,135000,7500,2024-03-17
RT-101,Central East Sector,157,18.4,Rain,340000,20200,2024-03-17
RT-102,Central West Sector,261,-3.7,Snow,310000,18500,2024-03-17
RT-110,South-Central West Sector,488,27.6,Clear,210000,12500,2024-03-17
RT-104,North West Sector,138,19.7,Rain,120000,6800,2024-03-17
RT-104,North West Sector,510,20.5,Rain,120000,6800,2024-03-17
RT-106,North-Central West Sector,111,-2.4,Snow,195000,11200,2024-03-17
RT-107,South East Sector,224,23.3,Rain,182000,10400,2024-03-17
RT-107,South East Sector,448,19.4,Fog,182000,10400,2024-03-17
RT-109,South-Central East Sector,136,-1.5,Snow,230000,13800,2024-03-17
RT-110,South-Central West Sector,133,20.0,Rain,210000,12500,2024-03-17
RT-102,Central West Sector,307,-4.3,Snow,310000,18500,2024-03-17
RT-110,South-Central West Sector,676,1.7,Snow,210000,12500,2024-03-17
RT-106,North-Central West Sector,234,22.6,Clear,195000,11200,2024-03-17
RT-105,North-Central East Sector,114,15.8,Fog,175000,9900,2024-03-17
RT-102,Central West Sector,380,-2.9,Snow,310000,18500,2024-03-17
RT-110,South-Central West Sector,370,-2.8,Snow,210000,12500,2024-03-17
RT-106,North-Central West Sector,848,19.0,Rain,195000,11200,2024-03-17
RT-104,North West Sector,354,0.5,Snow,120000,6800,2024-03-17
RT-103,North East Sector,408,18.7,Rain,135000,7500,2024-03-17
RT-103,North East Sector,504,21.8,Rain,135000,7500,2024-03-17
RT-103,North East Sector,560,18.7,Rain,135000,7500,2024-03-17
RT-107,South East Sector,247,14.4,Fog,182000,10400,2024-03-17
RT-110,South-Central West Sector,431,31.1,Clear,210000,12500,2024-03-17
RT-107,South East Sector,120,19.1,Rain,182000,10400,2024-03-17
RT-107,South East Sector,598,0.7,Snow,182000,10400,2024-03-17
RT-107,South East Sector,1059,27.4,Clear,182000,10400,2024-03-17
RT-103,North East Sector,578,14.5,Fog,135000,7500,2024-03-17
RT-110,South-Central West Sector,394,23.7,Rain,210000,12500,2024-03-17
RT-105,North-Central East Sector,354,-3.3,Snow,175000,9900,2024-03-17
RT-101,Central East Sector,642,19.2,Fog,340000,20200,2024-03-17
RT-109,South-Central East Sector,213,15.0,Fog,230000,13800,2024-03-17
RT-108,South West Sector,219,30.5,Clear,145000,8200,2024-03-17
RT-107,South East Sector,323,14.1,Fog,182000,10400,2024-03-17
RT-104,North West Sector,586,27.1,Clear,120000,6800,2024-03-17
RT-101,Central East Sector,998,0.4,Snow,340000,20200,2024-03-17
RT-101,Central East Sector,332,23.6,Rain,340000,20200,2024-03-17
RT-107,South East Sector,660,23.5,Rain,182000,10400,2024-03-17
RT-109,South-Central East Sector,414,0.7,Snow,230000,13800,2024-03-17
RT-108,South West Sector,282,19.3,Fog,145000,8200,2024-03-17
RT-108,South West Sector,177,24.0,Clear,145000,8200,2024-03-17
RT-102,Central West Sector,532,-3.0,Snow,310000,18500,2024-03-17
RT-105,North-Central East Sector,932,-3.0,Snow,175000,9900,2024-03-17
RT-103,North East Sector,394,-2.4,Snow,135000,7500,2024-03-17
RT-110,South-Central West Sector,360,20.4,Rain,210000,12500,2024-03-17
RT-105,North-Central East Sector,544,-1.2,Snow,175000,9900,2024-03-17
RT-102,Central West Sector,666,19.0,Rain,310000,18500,2024-03-17
RT-106,North-Central West Sector,278,28.9,Clear,195000,11200,2024-03-17
RT-109,South-Central East Sector,614,15.0,Fog,230000,13800,2024-03-17
RT-106,North-Central West Sector,902,19.9,Rain,195000,11200,2024-03-17
RT-110,South-Central West Sector,426,21.0,Rain,210000,12500,2024-03-17
RT-105,North-Central East Sector,120,30.0,Clear,175000,9900,2024-03-17
RT-101,Central East Sector,461,29.4,Clear,340000,20200,2024-03-17
RT-110,South-Central West Sector,309,-0.5,Snow,210000,12500,2024-03-17
RT-103,North East Sector,466,-3.9,Snow,135000,7500,2024-03-17
RT-107,South East Sector,255,-1.2,Snow,182000,10400,2024-03-17
RT-106,North-Central West Sector,37,-4.4,Snow,195000,11200,2024-03-17
RT-105,North-Central East Sector,502,20.3,Rain,175000,9900,2024-03-17
RT-101,Central East Sector,133,16.5,Fog,340000,20200,2024-03-17
RT-110,South-Central West Sector,446,14.2,Fog,210000,12500,2024-03-17
RT-103,North East Sector,779,24.7,Clear,135000,7500,2024-03-17
RT-101,Central East Sector,580,31.6,Clear,340000,20200,2024-03-17
RT-110,South-Central West Sector,224,23.7,Rain,210000,12500,2024-03-17
RT-103,North East Sector,418,-2.5,Snow,135000,7500,2024-03-17
RT-108,South West Sector,512,-4.7,Snow,145000,8200,2024-03-17
RT-102,Central West Sector,295,23.8,Clear,310000,18500,2024-03-17
RT-109,South-Central East Sector,274,25.9,Clear,230000,13800,2024-03-17
RT-106,North-Central West Sector,185,31.5,Clear,195000,11200,2024-03-17
RT-105,North-Central East Sector,255,23.4,Clear,175000,9900,2024-03-17
RT-101,Central East Sector,258,29.6,Clear,340000,20200,2024-03-17
RT-103,North East Sector,404,14.7,Fog,135000,7500,2024-03-17
RT-102,Central West Sector,428,1.9,Snow,310000,18500,2024-03-17
RT-104,North West Sector,496,16.3,Fog,120000,6800,2024-03-17
RT-107,South East Sector,219,0.4,Snow,182000,10400,2024-03-17
RT-106,North-Central West Sector,392,25.4,Clear,195000,11200,2024-03-17
RT-109,South-Central East Sector,527,21.8,Rain,230000,13800,2024-03-17
RT-102,Central West Sector,604,-3.7,Snow,310000,18500,2024-03-17
RT-102,Central West Sector,149,23.5,Clear,310000,18500,2024-03-17
RT-104,North West Sector,608,23.6,Rain,120000,6800,2024-03-17
RT-105,North-Central East Sector,310,31.2,Clear,175000,9900,2024-03-17
RT-109,South-Central East Sector,88,23.3,Rain,230000,13800,2024-03-17
RT-103,North East Sector,349,-0.6,Snow,135000,7500,2024-03-17
RT-108,South West Sector,260,0.7,Snow,145000,8200,2024-03-17
RT-104,North West Sector,508,18.4,Rain,120000,6800,2024-03-17
RT-102,Central West Sector,391,25.3,Clear,310000,18500,2024-03-17
RT-107,South East Sector,458,25.1,Clear,182000,10400,2024-03-17
RT-108,South West Sector,119,17.8,Fog,145000,8200,2024-03-17
RT-105,North-Central East Sector,416,25.6,Clear,175000,9900,2024-03-17
RT-106,North-Central West Sector,407,14.9,Fog,195000,11200,2024-03-17
RT-104,North West Sector,996,-0.8,Snow,120000,6800,2024-03-17
RT-110,South-Central West Sector,345,0.7,Snow,210000,12500,2024-03-17
RT-101,Central East Sector,141,16.3,Fog,340000,20200,2024-03-17
RT-103,North East Sector,290,14.8,Fog,135000,7500,2024-03-17
RT-110,South-Central West Sector,425,19.2,Rain,210000,12500,2024-03-17
RT-108,South West Sector,182,19.4,Rain,145000,8200,2024-03-17
RT-106,North-Central West Sector,446,25.0,Clear,195000,11200,2024-03-17
RT-107,South East Sector,150,21.9,Rain,182000,10400,2024-03-17
RT-106,North-Central West Sector,368,21.6,Rain,195000,11200,2024-03-17
RT-109,South-Central East Sector,254,-0.1,Snow,230000,13800,2024-03-17
RT-107,South East Sector,654,25.6,Clear,182000,10400,2024-03-17
RT-102,Central West Sector,394,22.9,Rain,310000,18500,2024-03-17
RT-110,South-Central West Sector,614,24.0,Clear,210000,12500,2024-03-17
RT-105,North-Central East Sector,574,-1.7,Snow,175000,9900,2024-03-17
RT-110,South-Central West Sector,359,30.0,Clear,210000,12500,2024-03-17
RT-104,North West Sector,302,19.1,Rain,120000,6800,2024-03-17
RT-105,North-Central East Sector,370,-4.2,Snow,175000,9900,2024-03-17
RT-109,South-Central East Sector,600,1.2,Snow,230000,13800,2024-03-17
RT-108,South West Sector,229,20.1,Rain,145000,8200,2024-03-17
RT-107,South East Sector,260,-0.2,Snow,182000,10400,2024-03-17
RT-103,North East Sector,387,18.2,Rain,135000,7500,2024-03-17
RT-102,Central West Sector,212,-0.2,Snow,310000,18500,2024-03-17
RT-106,North-Central West Sector,338,19.9,Rain,195000,11200,2024-03-17
RT-107,South East Sector,65,22.6,Clear,182000,10400,2024-03-17
RT-102,Central West Sector,464,28.1,Clear,310000,18500,2024-03-17
RT-102,Central West Sector,410,-3.3,Snow,310000,18500,2024-03-17
RT-107,South East Sector,532,16.3,Fog,182000,10400,2024-03-17
RT-108,South West Sector,407,18.5,Rain,145000,8200,2024-03-17
RT-105,North-Central East Sector,348,14.9,Fog,175000,9900,2024-03-18
RT-103,North East Sector,604,25.0,Clear,135000,7500,2024-03-18
RT-102,Central West Sector,904,22.9,Clear,310000,18500,2024-03-18
RT-107,South East Sector,216,23.5,Rain,182000,10400,2024-03-18
RT-108,South West Sector,207,14.0,Fog,145000,8200,2024-03-18
RT-106,North-Central West Sector,403,26.8,Clear,195000,11200,2024-03-18
RT-107,South East Sector,260,18.7,Rain,182000,10400,2024-03-18
RT-106,North-Central West Sector,330,19.8,Rain,195000,11200,2024-03-18
RT-110,South-Central West Sector,540,23.6,Rain,210000,12500,2024-03-18
RT-104,North West Sector,459,-3.9,Snow,120000,6800,2024-03-18
RT-108,South West Sector,315,19.8,Fog,145000,8200,2024-03-18
RT-109,South-Central East Sector,402,19.2,Rain,230000,13800,2024-03-18
RT-103,North East Sector,359,29.4,Clear,135000,7500,2024-03-18
RT-104,North West Sector,353,17.3,Fog,120000,6800,2024-03-18
RT-110,South-Central West Sector,246,1.2,Snow,210000,12500,2024-03-18
RT-102,Central West Sector,934,27.5,Clear,310000,18500,2024-03-18
RT-103,North East Sector,262,21.2,Rain,135000,7500,2024-03-18
RT-103,North East Sector,600,19.2,Rain,135000,7500,2024-03-18
RT-107,South East Sector,136,-3.8,Snow,182000,10400,2024-03-18
RT-101,Central East Sector,152,31.2,Clear,340000,20200,2024-03-18
RT-105,North-Central East Sector,67,20.0,Rain,175000,9900,2024-03-18
RT-104,North West Sector,359,20.2,Rain,120000,6800,2024-03-18
RT-108,South West Sector,258,29.6,Clear,145000,8200,2024-03-18
RT-104,North West Sector,344,20.0,Rain,120000,6800,2024-03-18
RT-102,Central West Sector,106,31.5,Clear,310000,18500,2024-03-18
RT-101,Central East Sector,900,29.4,Clear,340000,20200,2024-03-18
RT-106,North-Central West Sector,314,21.6,Rain,195000,11200,2024-03-18
RT-103,North East Sector,308,19.3,Fog,135000,7500,2024-03-18
RT-102,Central West Sector,136,-4.7,Snow,310000,18500,2024-03-18
RT-104,North West Sector,442,15.5,Fog,120000,6800,2024-03-18
RT-109,South-Central East Sector,362,26.7,Clear,230000,13800,2024-03-18
RT-108,South West Sector,882,-3.4,Snow,145000,8200,2024-03-18
RT-103,North East Sector,441,0.2,Snow,135000,7500,2024-03-18
RT-109,South-Central East Sector,941,19.5,Fog,230000,13800,2024-03-18
RT-108,South West Sector,185,-2.0,Snow,145000,8200,2024-03-18
RT-102,Central West Sector,232,16.1,Fog,310000,18500,2024-03-18
RT-104,North West Sector,119,23.8,Rain,120000,6800,2024-03-18
RT-104,North West Sector,329,20.7,Rain,120000,6800,2024-03-18
RT-110,South-Central West Sector,141,26.9,Clear,210000,12500,2024-03-18
RT-102,Central West Sector,299,16.1,Fog,310000,18500,2024-03-18
RT-110,South-Central West Sector,532,19.5,Fog,210000,12500,2024-03-18
RT-101,Central East Sector,464,21.4,Rain,340000,20200,2024-03-18
RT-110,South-Central West Sector,580,29.6,Clear,210000,12500,2024-03-18
RT-102,Central West Sector,334,18.9,Fog,310000,18500,2024-03-18
RT-104,North West Sector,300,-2.6,Snow,120000,6800,2024-03-18
RT-101,Central East Sector,408,26.3,Clear,340000,20200,2024-03-18
RT-109,South-Central East Sector,401,0.9,Snow,230000,13800,2024-03-18
RT-101,Central East Sector,400,16.2,Fog,340000,20200,2024-03-18
RT-101,Central East Sector,155,18.8,Fog,340000,20200,2024-03-18
RT-103,North East Sector,60,31.4,Clear,135000,7500,2024-03-18
RT-104,North West Sector,289,21.7,Rain,120000,6800,2024-03-18
RT-108,South West Sector,317,22.4,Rain,145000,8200,2024-03-18
RT-107,South East Sector,150,0.6,Snow,182000,10400,2024-03-18
RT-107,South East Sector,216,30.5,Clear,182000,10400,2024-03-18
RT-104,North West Sector,384,20.4,Rain,120000,6800,2024-03-18
RT-103,North East Sector,346,14.3,Fog,135000,7500,2024-03-18
RT-104,North West Sector,263,20.4,Rain,120000,6800,2024-03-18
RT-109,South-Central East Sector,252,-0.3,Snow,230000,13800,2024-03-18
RT-103,North East Sector,160,-1.8,Snow,135000,7500,2024-03-18
RT-104,North West Sector,166,29.5,Clear,120000,6800,2024-03-18
RT-103,North East Sector,532,-2.5,Snow,135000,7500,2024-03-18
RT-108,South West Sector,336,-0.6,Snow,145000,8200,2024-03-18
RT-107,South East Sector,356,19.1,Rain,182000,10400,2024-03-18
RT-105,North-Central East Sector,222,0.2,Snow,175000,9900,2024-03-18
RT-109,South-Central East Sector,452,21.3,Rain,230000,13800,2024-03-18
RT-105,North-Central East Sector,690,19.2,Rain,175000,9900,2024-03-18
RT-106,North-Central West Sector,376,24.9,Clear,195000,11200,2024-03-18
RT-104,North West Sector,364,22.5,Rain,120000,6800,2024-03-18
RT-103,North East Sector,766,20.9,Rain,135000,7500,2024-03-18
RT-104,North West Sector,406,15.3,Fog,120000,6800,2024-03-18
RT-101,Central East Sector,306,23.8,Rain,340000,20200,2024-03-18
RT-105,North-Central East Sector,247,29.2,Clear,175000,9900,2024-03-18
RT-110,South-Central West Sector,648,31.6,Clear,210000,12500,2024-03-18
RT-105,North-Central East Sector,276,16.6,Fog,175000,9900,2024-03-18
RT-106,North-Central West Sector,208,20.9,Rain,195000,11200,2024-03-18
RT-105,North-Central East Sector,874,31.0,Clear,175000,9900,2024-03-18
RT-110,South-Central West Sector,440,-1.3,Snow,210000,12500,2024-03-18
RT-107,South East Sector,72,29.1,Clear,182000,10400,2024-03-18
RT-108,South West Sector,294,15.5,Fog,145000,8200,2024-03-18
RT-108,South West Sector,433,-1.9,Snow,145000,8200,2024-03-18
RT-105,North-Central East Sector,452,23.2,Clear,175000,9900,2024-03-18
RT-107,South East Sector,228,19.2,Rain,182000,10400,2024-03-18
RT-110,South-Central West Sector,712,22.0,Clear,210000,12500,2024-03-18
RT-110,South-Central West Sector,50,18.2,Rain,210000,12500,2024-03-18
RT-104,North West Sector,64,1.8,Snow,120000,6800,2024-03-18
RT-108,South West Sector,70,15.5,Fog,145000,8200,2024-03-18
RT-107,South East Sector,193,22.0,Rain,182000,10400,2024-03-18
RT-109,South-Central East Sector,216,30.4,Clear,230000,13800,2024-03-18
RT-101,Central East Sector,786,27.5,Clear,340000,20200,2024-03-18
RT-102,Central West Sector,376,14.9,Fog,310000,18500,2024-03-18
RT-108,South West Sector,367,29.3,Clear,145000,8200,2024-03-18
RT-110,South-Central West Sector,235,-0.8,Snow,210000,12500,2024-03-18
RT-110,South-Central West Sector,115,0.1,Snow,210000,12500,2024-03-18
RT-101,Central East Sector,298,29.7,Clear,340000,20200,2024-03-18
RT-105,North-Central East Sector,214,1.8,Snow,175000,9900,2024-03-18
RT-105,North-Central East Sector,223,-1.0,Snow,175000,9900,2024-03-18
RT-110,South-Central West Sector,524,16.0,Fog,210000,12500,2024-03-18
RT-106,North-Central West Sector,843,-0.5,Snow,195000,11200,2024-03-18
RT-109,South-Central East Sector,275,-4.5,Snow,230000,13800,2024-03-18
RT-107,South East Sector,972,23.4,Rain,182000,10400,2024-03-18
RT-101,Central East Sector,70,-4.2,Snow,340000,20200,2024-03-18
RT-105,North-Central East Sector,360,25.3,Clear,175000,9900,2024-03-18
RT-101,Central East Sector,234,22.9,Rain,340000,20200,2024-03-18
RT-102,Central West Sector,333,-0.8,Snow,310000,18500,2024-03-18
