Trip_ID,DateKey,LocationKey,WeatherKey,Time_Hour,Passenger_Count,Temperature,Delay_Minutes,Is_Disrupted,Trip_Status
TRIP-10000,15,7,1,08:00,174,24.53,4,0,On-Time
TRIP-10001,14,4,1,06:00,386,19.48,56,1,Delayed
TRIP-10002,20,8,1,06:00,441,21.8,48,1,Delayed
TRIP-10003,19,5,1,07:00,424,21.47,2,0,On-Time
TRIP-10004,13,7,2,15:00,206,13.11,4,0,On-Time
TRIP-10005,10,10,4,09:00,609,1.46,44,1,Delayed
TRIP-10006,5,3,1,09:00,320,24.92,4,0,On-Time
TRIP-10007,20,7,3,18:00,284,12.31,1,0,On-Time
TRIP-10008,20,8,2,14:00,245,16.65,4,0,On-Time
TRIP-10009,6,5,1,12:00,404,23.73,16,1,Delayed
TRIP-10010,4,4,4,21:00,398,3.48,4,0,On-Time
TRIP-10011,2,8,2,23:00,320,15.55,4,0,On-Time
TRIP-10012,16,8,1,08:00,206,17.68,3,0,On-Time
TRIP-10013,18,3,3,15:00,347,14.97,0,0,On-Time
TRIP-10014,5,6,1,21:00,404,30.39,3,0,On-Time
TRIP-10015,4,5,2,08:00,243,16.63,2,0,On-Time
TRIP-10016,13,2,1,16:00,379,21.79,1,0,On-Time
TRIP-10017,19,8,3,15:00,131,10.03,0,0,On-Time
TRIP-10018,2,6,1,21:00,344,23.46,1,0,On-Time
TRIP-10019,13,2,2,13:00,306,17.2,1,0,On-Time
TRIP-10020,11,5,1,14:00,272,25.47,0,0,On-Time
TRIP-10021,4,1,2,20:00,508,15.72,0,0,On-Time
TRIP-10022,20,10,3,08:00,142,14.38,2,0,On-Time
TRIP-10023,20,6,2,09:00,609,13.31,3,0,On-Time
TRIP-10024,15,9,2,18:00,700,18.68,0,0,On-Time
TRIP-10025,4,1,2,17:00,491,14.91,2,0,On-Time
TRIP-10026,9,10,3,14:00,372,15.09,4,0,On-Time
TRIP-10027,7,3,2,19:00,209,13.89,0,0,On-Time
TRIP-10028,19,7,3,12:00,319,7.81,3,0,On-Time
TRIP-10029,19,4,3,21:00,178,11.61,4,0,On-Time
TRIP-10030,6,9,1,10:00,256,24.68,4,0,On-Time
TRIP-10031,6,3,1,15:00,92,23.46,4,0,On-Time
TRIP-10032,20,5,1,23:00,436,27.47,4,0,On-Time
TRIP-10033,15,3,3,16:00,207,9.4,60,1,Delayed
TRIP-10034,15,7,1,12:00,383,21.05,3,0,On-Time
TRIP-10035,20,5,2,19:00,144,16.39,2,0,On-Time
TRIP-10036,9,9,3,23:00,160,11.17,0,0,On-Time
TRIP-10037,4,7,1,16:00,340,24.75,2,0,On-Time
TRIP-10038,18,2,2,17:00,136,15.41,1,0,On-Time
TRIP-10039,18,4,1,23:00,301,22.26,4,0,On-Time
TRIP-10040,5,9,1,07:00,377,23.34,0,0,On-Time
TRIP-10041,20,2,3,06:00,160,12.66,3,0,On-Time
TRIP-10042,11,10,1,15:00,82,27.86,0,0,On-Time
TRIP-10043,5,9,1,06:00,139,24.04,0,0,On-Time
TRIP-10044,4,10,3,11:00,300,13.79,2,0,On-Time
TRIP-10045,12,5,1,12:00,428,20.53,4,0,On-Time
TRIP-10046,2,2,4,22:00,128,1.23,23,1,Delayed
TRIP-10047,13,4,4,14:00,307,0.92,0,0,On-Time
TRIP-10048,10,7,1,12:00,369,21.49,1,0,On-Time
TRIP-10049,9,8,1,22:00,372,29.77,1,0,On-Time
TRIP-10050,10,3,3,08:00,603,14.48,4,0,On-Time
TRIP-10051,7,1,2,21:00,272,15.88,0,0,On-Time
TRIP-10052,4,4,1,10:00,537,23.99,4,0,On-Time
TRIP-10053,19,2,3,23:00,182,11.82,0,0,On-Time
TRIP-10054,10,8,1,06:00,445,28.63,3,0,On-Time
TRIP-10055,3,4,3,09:00,360,11.24,1,0,On-Time
TRIP-10056,19,2,1,16:00,369,25.36,2,0,On-Time
TRIP-10057,2,6,1,14:00,336,29.15,4,0,On-Time
TRIP-10058,20,6,1,13:00,388,20.89,3,0,On-Time
TRIP-10059,10,10,4,13:00,357,4.57,1,0,On-Time
TRIP-10060,2,4,2,10:00,428,14.96,3,0,On-Time
TRIP-10061,2,6,3,17:00,411,12.73,2,0,On-Time
TRIP-10062,17,2,1,06:00,95,23.32,0,0,On-Time
TRIP-10063,16,10,1,20:00,264,26.77,0,0,On-Time
TRIP-10064,16,2,1,23:00,327,26.55,3,0,On-Time
TRIP-10065,14,10,2,11:00,296,14.99,3,0,On-Time
TRIP-10066,7,4,2,15:00,121,13.89,4,0,On-Time
TRIP-10067,11,8,2,19:00,436,12.56,3,0,On-Time
TRIP-10068,1,7,1,13:00,406,23.16,0,0,On-Time
TRIP-10069,11,9,4,08:00,387,2.33,32,1,Delayed
TRIP-10070,4,8,1,17:00,568,27.33,18,1,Delayed
TRIP-10071,7,5,4,17:00,708,-0.28,1,0,On-Time
TRIP-10072,15,2,1,20:00,334,26.15,0,0,On-Time
TRIP-10073,18,5,2,12:00,342,13.62,3,0,On-Time
TRIP-10074,12,8,1,09:00,409,27.64,3,0,On-Time
TRIP-10075,17,10,1,14:00,344,26.57,3,0,On-Time
TRIP-10076,1,9,2,21:00,106,15.65,1,0,On-Time
TRIP-10077,11,9,1,18:00,262,22.22,0,0,On-Time
TRIP-10078,1,1,1,09:00,440,25.07,4,0,On-Time
TRIP-10079,15,9,3,14:00,395,10.4,1,0,On-Time
TRIP-10080,10,7,2,23:00,322,18.46,0,0,On-Time
TRIP-10081,7,9,3,20:00,715,6.73,0,0,On-Time
TRIP-10082,2,8,1,20:00,673,26.68,64,1,Delayed
TRIP-10083,10,1,2,11:00,256,16.03,2,0,On-Time
TRIP-10084,4,8,2,16:00,209,17.93,4,0,On-Time
TRIP-10085,12,8,1,13:00,224,24.04,25,1,Delayed
TRIP-10086,19,3,2,22:00,162,16.21,0,0,On-Time
TRIP-10087,11,1,1,22:00,439,21.17,2,0,On-Time
TRIP-10088,8,8,1,23:00,167,30.94,2,0,On-Time
TRIP-10089,18,3,1,09:00,158,23.06,3,0,On-Time
TRIP-10090,11,3,1,20:00,494,25.56,4,0,On-Time
TRIP-10091,11,1,2,07:00,205,18.08,4,0,On-Time
TRIP-10092,13,5,2,07:00,433,17.58,2,0,On-Time
TRIP-10093,3,10,4,15:00,130,3.21,36,1,Delayed
TRIP-10094,12,7,3,08:00,267,11.18,2,0,On-Time
TRIP-10095,3,10,1,13:00,249,25.58,0,0,On-Time
TRIP-10096,10,9,3,12:00,142,10.1,0,0,On-Time
TRIP-10097,17,7,3,17:00,268,11.85,32,1,Delayed
TRIP-10098,2,9,1,20:00,428,23.12,4,0,On-Time
TRIP-10099,17,8,2,19:00,430,17.84,2,0,On-Time
TRIP-10100,16,2,4,21:00,168,1.61,0,0,On-Time
TRIP-10101,2,1,2,19:00,683,18.19,3,0,On-Time
TRIP-10102,20,7,4,08:00,657,1.37,26,1,Delayed
TRIP-10103,6,7,1,23:00,105,24.94,2,0,On-Time
TRIP-10104,10,8,1,11:00,255,24.59,2,0,On-Time
TRIP-10105,10,5,1,22:00,443,24.39,0,0,On-Time
TRIP-10106,8,3,2,19:00,548,16.0,1,0,On-Time
TRIP-10107,1,8,3,19:00,193,7.97,3,0,On-Time
TRIP-10108,13,6,4,18:00,316,3.17,16,1,Delayed
TRIP-10109,9,3,1,08:00,396,23.79,63,1,Delayed
TRIP-10110,10,1,1,18:00,299,23.85,3,0,On-Time
TRIP-10111,15,3,3,07:00,226,13.22,0,0,On-Time
TRIP-10112,5,5,2,14:00,255,16.89,2,0,On-Time
TRIP-10113,16,3,1,18:00,428,23.02,1,0,On-Time
TRIP-10114,13,1,2,13:00,239,15.96,2,0,On-Time
TRIP-10115,20,5,3,21:00,381,13.89,3,0,On-Time
TRIP-10116,18,10,3,08:00,683,10.68,4,0,On-Time
TRIP-10117,11,7,2,18:00,244,18.78,3,0,On-Time
TRIP-10118,9,7,1,09:00,689,28.42,3,0,On-Time
TRIP-10119,16,9,4,23:00,97,0.94,1,0,On-Time
TRIP-10120,2,10,2,07:00,219,16.39,2,0,On-Time
TRIP-10121,2,10,1,20:00,310,24.22,1,0,On-Time
TRIP-10122,12,3,1,22:00,407,25.24,0,0,On-Time
TRIP-10123,8,7,3,15:00,304,7.14,2,0,On-Time
TRIP-10124,9,1,1,06:00,125,27.55,0,0,On-Time
TRIP-10125,12,4,1,11:00,117,22.9,0,0,On-Time
TRIP-10126,9,4,2,08:00,456,12.44,1,0,On-Time
TRIP-10127,10,5,1,12:00,88,19.62,3,0,On-Time
TRIP-10128,2,7,2,18:00,531,19.63,4,0,On-Time
TRIP-10129,16,7,1,18:00,299,25.12,3,0,On-Time
TRIP-10130,20,4,2,22:00,177,14.53,3,0,On-Time
TRIP-10131,7,7,1,06:00,354,25.37,2,0,On-Time
TRIP-10132,2,3,1,19:00,240,24.62,1,0,On-Time
TRIP-10133,1,6,1,08:00,188,29.48,33,1,Delayed
TRIP-10134,19,2,4,19:00,603,-1.81,4,0,On-Time
TRIP-10135,4,10,3,06:00,169,12.61,1,0,On-Time
TRIP-10136,2,9,1,21:00,298,22.82,3,0,On-Time
TRIP-10137,14,5,3,15:00,186,10.12,0,0,On-Time
TRIP-10138,2,6,2,18:00,280,16.31,3,0,On-Time
TRIP-10139,15,4,4,09:00,177,0.3,3,0,On-Time
TRIP-10140,12,10,1,14:00,205,20.65,1,0,On-Time
TRIP-10141,5,7,2,19:00,361,17.97,3,0,On-Time
TRIP-10142,20,9,1,09:00,574,22.7,4,0,On-Time
TRIP-10143,7,7,1,15:00,103,25.58,3,0,On-Time
TRIP-10144,10,1,4,13:00,288,4.88,61,1,Delayed
TRIP-10145,14,1,2,08:00,318,15.82,1,0,On-Time
TRIP-10146,14,9,1,12:00,353,25.92,4,0,On-Time
TRIP-10147,5,9,1,15:00,219,21.84,27,1,Delayed
TRIP-10148,18,4,3,08:00,601,11.0,0,0,On-Time
TRIP-10149,14,9,2,07:00,422,15.19,2,0,On-Time
TRIP-10150,2,3,1,20:00,257,24.73,4,0,On-Time
TRIP-10151,12,7,4,14:00,287,2.22,0,0,On-Time
TRIP-10152,6,6,1,20:00,179,22.19,41,1,Delayed
TRIP-10153,4,8,1,22:00,103,28.14,0,0,On-Time
TRIP-10154,13,9,4,12:00,140,0.22,2,0,On-Time
TRIP-10155,4,5,1,23:00,390,22.74,2,0,On-Time
TRIP-10156,14,1,1,20:00,428,24.9,1,0,On-Time
TRIP-10157,16,3,2,23:00,163,20.12,35,1,Delayed
TRIP-10158,4,10,3,17:00,486,10.08,59,1,Delayed
TRIP-10159,1,8,1,13:00,247,20.74,0,0,On-Time
TRIP-10160,13,6,4,07:00,265,1.89,2,0,On-Time
TRIP-10161,4,8,3,07:00,151,10.88,3,0,On-Time
TRIP-10162,20,9,1,10:00,244,27.54,16,1,Delayed
TRIP-10163,18,4,3,06:00,420,14.49,0,0,On-Time
TRIP-10164,6,1,1,09:00,371,22.09,4,0,On-Time
TRIP-10165,3,1,1,11:00,175,18.43,1,0,On-Time
TRIP-10166,13,10,3,18:00,211,13.39,1,0,On-Time
TRIP-10167,16,4,4,16:00,253,2.9,2,0,On-Time
TRIP-10168,5,7,1,18:00,302,28.11,3,0,On-Time
TRIP-10169,4,2,1,13:00,395,18.98,2,0,On-Time
TRIP-10170,8,3,2,12:00,130,15.99,3,0,On-Time
TRIP-10171,19,1,1,18:00,531,27.26,3,0,On-Time
TRIP-10172,14,5,1,06:00,152,19.95,3,0,On-Time
TRIP-10173,7,1,1,11:00,291,20.74,3,0,On-Time
TRIP-10174,14,8,2,12:00,291,17.64,39,1,Delayed
TRIP-10175,6,1,1,21:00,330,24.9,51,1,Delayed
TRIP-10176,12,1,1,20:00,395,23.83,4,0,On-Time
TRIP-10177,16,2,3,07:00,342,9.42,49,1,Delayed
TRIP-10178,17,2,3,21:00,410,8.32,0,0,On-Time
TRIP-10179,13,6,2,22:00,309,16.25,0,0,On-Time
TRIP-10180,14,7,1,20:00,508,26.51,1,0,On-Time
TRIP-10181,7,5,2,08:00,566,16.74,3,0,On-Time
TRIP-10182,14,1,1,09:00,355,22.01,0,0,On-Time
TRIP-10183,15,1,1,17:00,238,26.98,1,0,On-Time
TRIP-10184,12,3,3,10:00,625,11.35,0,0,On-Time
TRIP-10185,17,2,1,22:00,253,25.66,1,0,On-Time
TRIP-10186,9,5,1,11:00,415,23.7,2,0,On-Time
TRIP-10187,15,10,1,15:00,188,27.26,0,0,On-Time
TRIP-10188,12,6,1,23:00,282,27.7,3,0,On-Time
TRIP-10189,2,7,1,15:00,264,27.59,3,0,On-Time
TRIP-10190,5,4,4,11:00,370,4.82,24,1,Delayed
TRIP-10191,13,7,1,11:00,407,22.31,22,1,Delayed
TRIP-10192,20,8,1,20:00,273,26.62,2,0,On-Time
TRIP-10193,8,1,1,09:00,540,23.81,0,0,On-Time
TRIP-10194,14,6,4,21:00,401,-1.35,32,1,Delayed
TRIP-10195,15,8,2,13:00,285,16.34,4,0,On-Time
TRIP-10196,11,5,1,12:00,131,28.23,2,0,On-Time
TRIP-10197,1,4,3,22:00,428,8.54,2,0,On-Time
TRIP-10198,3,2,1,18:00,416,23.64,3,0,On-Time
TRIP-10199,17,6,1,20:00,611,22.06,3,0,On-Time
TRIP-10200,19,6,1,07:00,82,21.93,1,0,On-Time
TRIP-10201,14,1,1,15:00,163,24.4,0,0,On-Time
TRIP-10202,8,9,1,18:00,468,25.16,1,0,On-Time
TRIP-10203,13,6,2,23:00,113,16.03,0,0,On-Time
TRIP-10204,20,3,1,16:00,129,20.27,4,0,On-Time
TRIP-10205,3,4,2,18:00,588,19.22,2,0,On-Time
TRIP-10206,5,4,1,10:00,652,26.59,1,0,On-Time
TRIP-10207,9,3,1,08:00,540,24.22,0,0,On-Time
TRIP-10208,6,10,1,18:00,539,23.25,4,0,On-Time
TRIP-10209,2,3,4,10:00,561,3.58,1,0,On-Time
TRIP-10210,13,3,1,17:00,417,22.1,2,0,On-Time
TRIP-10211,5,4,2,19:00,179,14.95,4,0,On-Time
TRIP-10212,8,7,1,11:00,344,20.24,3,0,On-Time
TRIP-10213,1,4,1,14:00,392,29.32,42,1,Delayed
TRIP-10214,20,9,1,22:00,119,24.26,3,0,On-Time
TRIP-10215,12,1,1,13:00,387,19.24,4,0,On-Time
TRIP-10216,11,8,1,18:00,462,25.51,4,0,On-Time
TRIP-10217,7,7,1,10:00,561,25.35,3,0,On-Time
TRIP-10218,15,2,3,22:00,215,10.81,32,1,Delayed
TRIP-10219,11,8,1,08:00,265,26.82,4,0,On-Time
TRIP-10220,16,1,2,11:00,139,15.44,1,0,On-Time
TRIP-10221,3,9,1,19:00,388,25.9,1,0,On-Time
TRIP-10222,20,9,2,20:00,131,17.87,49,1,Delayed
TRIP-10223,14,2,2,19:00,150,18.56,3,0,On-Time
TRIP-10224,3,7,1,16:00,181,28.03,3,0,On-Time
TRIP-10225,1,10,1,16:00,334,26.95,2,0,On-Time
TRIP-10226,15,3,3,14:00,304,8.05,3,0,On-Time
TRIP-10227,1,7,3,11:00,289,12.56,0,0,On-Time
TRIP-10228,17,10,1,20:00,163,29.68,0,0,On-Time
TRIP-10229,2,9,1,17:00,502,28.11,1,0,On-Time
TRIP-10230,20,4,3,11:00,210,14.61,4,0,On-Time
TRIP-10231,6,1,1,06:00,237,28.79,1,0,On-Time
TRIP-10232,8,2,2,21:00,252,17.22,47,1,Delayed
TRIP-10233,16,1,1,20:00,153,20.85,47,1,Delayed
TRIP-10234,19,5,1,07:00,449,24.62,4,0,On-Time
TRIP-10235,1,5,2,22:00,393,16.17,4,0,On-Time
TRIP-10236,3,7,2,08:00,712,15.79,63,1,Delayed
TRIP-10237,3,9,1,08:00,422,26.12,2,0,On-Time
TRIP-10238,5,9,2,10:00,660,18.46,0,0,On-Time
TRIP-10239,12,3,3,22:00,263,12.78,3,0,On-Time
TRIP-10240,12,3,2,22:00,222,20.51,63,1,Delayed
TRIP-10241,20,3,1,11:00,123,23.16,3,0,On-Time
TRIP-10242,13,4,2,06:00,91,16.27,4,0,On-Time
TRIP-10243,20,8,3,12:00,87,13.28,1,0,On-Time
TRIP-10244,9,6,3,20:00,254,9.59,1,0,On-Time
TRIP-10245,7,8,2,12:00,376,20.84,3,0,On-Time
TRIP-10246,4,1,1,16:00,241,25.3,1,0,On-Time
TRIP-10247,19,8,3,19:00,609,8.67,1,0,On-Time
TRIP-10248,19,4,2,18:00,472,14.8,15,1,Delayed
TRIP-10249,6,1,1,14:00,327,24.36,0,0,On-Time
TRIP-10250,13,8,1,14:00,108,20.97,1,0,On-Time
TRIP-10251,11,4,1,21:00,351,24.6,2,0,On-Time
TRIP-10252,13,6,2,17:00,339,16.42,15,1,Delayed
TRIP-10253,13,8,1,15:00,84,28.97,0,0,On-Time
TRIP-10254,20,4,2,11:00,323,16.19,0,0,On-Time
TRIP-10255,15,3,4,23:00,109,1.21,4,0,On-Time
TRIP-10256,13,9,3,07:00,196,11.33,4,0,On-Time
TRIP-10257,11,3,4,14:00,257,-0.13,37,1,Delayed
TRIP-10258,19,9,4,11:00,340,1.48,0,0,On-Time
TRIP-10259,8,2,1,07:00,314,20.26,0,0,On-Time
TRIP-10260,20,2,2,20:00,352,12.68,1,0,On-Time
TRIP-10261,8,2,1,22:00,384,25.29,3,0,On-Time
TRIP-10262,10,6,3,21:00,424,11.59,35,1,Delayed
TRIP-10263,16,3,1,13:00,129,17.39,4,0,On-Time
TRIP-10264,19,9,4,15:00,349,1.45,16,1,Delayed
TRIP-10265,11,4,2,15:00,187,16.63,46,1,Delayed
TRIP-10266,13,1,3,23:00,125,10.77,4,0,On-Time
TRIP-10267,9,4,1,15:00,161,23.3,2,0,On-Time
TRIP-10268,20,1,1,14:00,205,26.43,0,0,On-Time
TRIP-10269,19,5,3,06:00,163,9.65,1,0,On-Time
TRIP-10270,16,4,1,09:00,590,27.11,4,0,On-Time
TRIP-10271,7,8,3,08:00,240,8.93,0,0,On-Time
TRIP-10272,19,8,1,15:00,254,19.87,4,0,On-Time
TRIP-10273,12,7,2,17:00,632,14.75,1,0,On-Time
TRIP-10274,15,3,1,23:00,409,24.8,0,0,On-Time
TRIP-10275,14,1,2,11:00,416,16.24,1,0,On-Time
TRIP-10276,11,1,2,07:00,433,17.69,40,1,Delayed
TRIP-10277,10,3,1,15:00,170,25.63,57,1,Delayed
TRIP-10278,11,6,1,07:00,430,23.77,0,0,On-Time
TRIP-10279,6,7,1,14:00,328,22.83,4,0,On-Time
TRIP-10280,2,6,2,15:00,211,19.56,0,0,On-Time
TRIP-10281,11,6,2,07:00,248,15.39,3,0,On-Time
TRIP-10282,19,6,3,13:00,139,9.86,4,0,On-Time
TRIP-10283,6,3,2,22:00,448,19.6,4,0,On-Time
TRIP-10284,14,6,1,22:00,416,24.99,2,0,On-Time
TRIP-10285,20,8,1,09:00,512,21.89,0,0,On-Time
TRIP-10286,6,2,1,23:00,269,22.83,2,0,On-Time
TRIP-10287,17,5,1,17:00,670,26.2,3,0,On-Time
TRIP-10288,10,1,4,22:00,360,1.97,0,0,On-Time
TRIP-10289,1,1,3,14:00,311,11.67,2,0,On-Time
TRIP-10290,3,5,1,19:00,588,20.59,2,0,On-Time
TRIP-10291,8,3,2,19:00,566,17.98,4,0,On-Time
TRIP-10292,8,4,3,22:00,392,14.18,2,0,On-Time
TRIP-10293,20,3,1,07:00,94,25.8,2,0,On-Time
TRIP-10294,15,1,1,13:00,120,21.51,0,0,On-Time
TRIP-10295,7,1,1,10:00,459,29.9,0,0,On-Time
TRIP-10296,11,5,2,12:00,139,10.82,4,0,On-Time
TRIP-10297,7,6,4,21:00,444,0.58,0,0,On-Time
TRIP-10298,4,3,2,21:00,319,17.11,36,1,Delayed
TRIP-10299,12,9,1,22:00,175,26.57,4,0,On-Time
TRIP-10300,6,5,1,12:00,357,25.9,3,0,On-Time
TRIP-10301,14,8,3,13:00,239,12.01,0,0,On-Time
TRIP-10302,12,1,3,13:00,361,13.94,0,0,On-Time
TRIP-10303,11,5,2,16:00,288,12.6,4,0,On-Time
TRIP-10304,19,3,2,20:00,339,13.57,2,0,On-Time
TRIP-10305,5,1,1,23:00,176,17.37,1,0,On-Time
TRIP-10306,14,4,3,11:00,298,12.78,1,0,On-Time
TRIP-10307,16,5,3,17:00,240,9.9,16,1,Delayed
TRIP-10308,13,7,1,20:00,564,25.35,3,0,On-Time
TRIP-10309,20,1,3,11:00,430,13.06,4,0,On-Time
TRIP-10310,4,3,1,23:00,213,19.14,2,0,On-Time
TRIP-10311,11,2,1,14:00,145,24.73,0,0,On-Time
TRIP-10312,17,9,1,13:00,206,23.25,3,0,On-Time
TRIP-10313,7,10,1,19:00,454,21.81,0,0,On-Time
TRIP-10314,14,6,1,13:00,377,24.26,1,0,On-Time
TRIP-10315,11,10,1,07:00,196,18.66,0,0,On-Time
TRIP-10316,9,3,2,09:00,553,17.86,49,1,Delayed
TRIP-10317,13,8,2,11:00,361,17.12,29,1,Delayed
TRIP-10318,18,8,1,08:00,364,23.2,0,0,On-Time
TRIP-10319,11,2,1,08:00,436,26.86,1,0,On-Time
TRIP-10320,15,6,2,16:00,247,14.86,4,0,On-Time
TRIP-10321,19,7,1,15:00,391,24.78,3,0,On-Time
TRIP-10322,1,2,1,17:00,412,23.61,64,1,Delayed
TRIP-10323,4,10,3,19:00,363,11.77,4,0,On-Time
TRIP-10324,14,2,3,23:00,136,12.81,3,0,On-Time
TRIP-10325,14,10,3,14:00,84,9.96,3,0,On-Time
TRIP-10326,3,1,2,20:00,148,13.22,52,1,Delayed
TRIP-10327,17,8,1,08:00,574,27.13,2,0,On-Time
TRIP-10328,3,1,2,16:00,403,17.07,0,0,On-Time
TRIP-10329,16,9,1,15:00,383,22.69,4,0,On-Time
TRIP-10330,14,6,1,23:00,295,20.02,4,0,On-Time
TRIP-10331,20,7,1,09:00,406,25.29,2,0,On-Time
TRIP-10332,13,10,3,18:00,632,12.02,0,0,On-Time
TRIP-10333,15,7,1,11:00,82,21.36,0,0,On-Time
TRIP-10334,14,10,4,18:00,345,3.6,32,1,Delayed
TRIP-10335,19,3,3,10:00,286,5.87,1,0,On-Time
TRIP-10336,6,2,2,19:00,259,15.66,1,0,On-Time
TRIP-10337,10,9,3,18:00,574,10.0,0,0,On-Time
TRIP-10338,15,8,2,19:00,337,14.32,1,0,On-Time
TRIP-10339,20,10,3,13:00,80,7.94,0,0,On-Time
TRIP-10340,6,7,1,21:00,195,21.54,4,0,On-Time
TRIP-10341,10,9,3,18:00,449,12.39,0,0,On-Time
TRIP-10342,7,4,2,20:00,350,15.33,58,1,Delayed
TRIP-10343,17,4,4,06:00,225,3.83,55,1,Delayed
TRIP-10344,18,1,2,07:00,345,17.83,15,1,Delayed
TRIP-10345,17,8,2,23:00,281,13.39,3,0,On-Time
TRIP-10346,9,3,3,13:00,231,9.99,2,0,On-Time
TRIP-10347,10,7,3,08:00,481,7.25,2,0,On-Time
TRIP-10348,10,2,2,19:00,252,17.12,3,0,On-Time
TRIP-10349,7,2,1,14:00,279,18.13,4,0,On-Time
TRIP-10350,16,7,2,13:00,329,14.42,53,1,Delayed
TRIP-10351,18,6,4,22:00,178,3.66,4,0,On-Time
TRIP-10352,6,3,3,21:00,292,13.28,4,0,On-Time
TRIP-10353,20,9,3,15:00,222,8.0,4,0,On-Time
TRIP-10354,1,10,1,15:00,269,23.7,2,0,On-Time
TRIP-10355,1,6,2,11:00,380,11.42,4,0,On-Time
TRIP-10356,12,10,2,22:00,131,17.31,3,0,On-Time
TRIP-10357,2,10,3,21:00,191,10.72,37,1,Delayed
TRIP-10358,4,6,1,20:00,342,24.64,4,0,On-Time
TRIP-10359,17,1,3,19:00,305,9.58,32,1,Delayed
TRIP-10360,4,4,2,09:00,147,18.69,1,0,On-Time
TRIP-10361,11,10,1,09:00,563,28.51,4,0,On-Time
TRIP-10362,4,6,1,07:00,312,21.61,1,0,On-Time
TRIP-10363,1,6,1,16:00,123,26.27,0,0,On-Time
TRIP-10364,7,5,2,09:00,243,14.67,2,0,On-Time
TRIP-10365,18,1,1,21:00,340,22.05,0,0,On-Time
TRIP-10366,9,8,1,09:00,496,21.34,2,0,On-Time
TRIP-10367,3,5,3,06:00,112,10.0,3,0,On-Time
TRIP-10368,8,5,1,07:00,147,20.82,1,0,On-Time
TRIP-10369,19,7,1,14:00,95,19.83,1,0,On-Time
TRIP-10370,4,4,2,18:00,366,15.79,1,0,On-Time
TRIP-10371,18,6,2,23:00,371,14.49,4,0,On-Time
TRIP-10372,20,4,3,21:00,181,11.08,2,0,On-Time
TRIP-10373,11,3,1,21:00,265,26.78,4,0,On-Time
TRIP-10374,14,7,3,15:00,104,11.1,1,0,On-Time
TRIP-10375,18,8,2,14:00,151,14.87,15,1,Delayed
TRIP-10376,16,4,1,16:00,160,21.78,1,0,On-Time
TRIP-10377,3,2,1,09:00,224,21.76,4,0,On-Time
TRIP-10378,15,10,1,15:00,97,24.04,1,0,On-Time
TRIP-10379,4,3,1,08:00,513,30.36,0,0,On-Time
TRIP-10380,5,1,3,11:00,137,11.36,0,0,On-Time
TRIP-10381,17,8,2,08:00,657,14.97,59,1,Delayed
TRIP-10382,7,3,1,14:00,136,19.88,0,0,On-Time
TRIP-10383,16,10,1,08:00,281,24.44,2,0,On-Time
TRIP-10384,14,7,1,23:00,294,26.46,2,0,On-Time
TRIP-10385,16,10,2,13:00,398,14.65,23,1,Delayed
TRIP-10386,7,5,1,13:00,91,18.95,0,0,On-Time
TRIP-10387,9,10,2,20:00,144,13.96,53,1,Delayed
TRIP-10388,4,5,1,18:00,387,27.19,32,1,Delayed
TRIP-10389,11,7,2,12:00,362,17.65,1,0,On-Time
TRIP-10390,2,9,3,13:00,296,9.94,0,0,On-Time
TRIP-10391,12,5,1,15:00,439,24.76,0,0,On-Time
TRIP-10392,12,1,2,22:00,402,12.39,4,0,On-Time
TRIP-10393,4,10,4,06:00,320,1.18,1,0,On-Time
TRIP-10394,18,10,1,18:00,678,21.95,2,0,On-Time
TRIP-10395,7,1,2,18:00,198,15.24,2,0,On-Time
TRIP-10396,1,2,1,21:00,160,25.37,0,0,On-Time
TRIP-10397,13,6,2,14:00,334,13.62,3,0,On-Time
TRIP-10398,6,9,1,15:00,146,22.04,3,0,On-Time
TRIP-10399,6,8,4,11:00,181,1.94,38,1,Delayed
TRIP-10400,12,5,3,10:00,272,12.17,0,0,On-Time
TRIP-10401,8,1,3,07:00,121,11.91,0,0,On-Time
TRIP-10402,19,7,3,16:00,355,9.91,1,0,On-Time
TRIP-10403,5,5,2,14:00,383,14.15,4,0,On-Time
TRIP-10404,18,6,1,11:00,353,22.85,3,0,On-Time
TRIP-10405,5,7,3,13:00,156,9.29,0,0,On-Time
TRIP-10406,10,3,4,14:00,313,2.26,24,1,Delayed
TRIP-10407,1,10,2,14:00,281,13.79,3,0,On-Time
TRIP-10408,10,3,4,13:00,300,2.56,52,1,Delayed
TRIP-10409,5,5,2,17:00,545,16.14,0,0,On-Time
TRIP-10410,12,6,2,13:00,118,14.72,45,1,Delayed
TRIP-10411,7,9,2,08:00,144,19.94,0,0,On-Time
TRIP-10412,9,5,1,18:00,305,24.32,4,0,On-Time
TRIP-10413,12,1,1,07:00,187,21.61,1,0,On-Time
TRIP-10414,1,4,1,22:00,173,20.39,3,0,On-Time
TRIP-10415,11,5,2,21:00,390,15.87,4,0,On-Time
TRIP-10416,15,10,1,09:00,260,26.3,1,0,On-Time
TRIP-10417,2,10,1,23:00,137,27.86,1,0,On-Time
TRIP-10418,20,5,4,19:00,595,0.84,4,0,On-Time
TRIP-10419,7,7,1,07:00,95,24.52,2,0,On-Time
TRIP-10420,12,4,2,18:00,648,14.05,33,1,Delayed
TRIP-10421,18,1,1,22:00,172,30.29,0,0,On-Time
TRIP-10422,3,5,1,20:00,390,27.24,2,0,On-Time
TRIP-10423,7,7,3,10:00,470,12.69,1,0,On-Time
TRIP-10424,11,10,2,12:00,223,16.15,3,0,On-Time
TRIP-10425,18,10,3,23:00,353,14.46,1,0,On-Time
TRIP-10426,12,6,1,16:00,217,26.12,3,0,On-Time
TRIP-10427,6,5,2,23:00,283,19.39,43,1,Delayed
TRIP-10428,5,4,1,10:00,609,24.96,4,0,On-Time
TRIP-10429,1,2,1,18:00,462,24.98,4,0,On-Time
TRIP-10430,12,4,1,23:00,98,25.15,1,0,On-Time
TRIP-10431,11,10,1,07:00,373,20.93,4,0,On-Time
TRIP-10432,4,10,1,09:00,595,24.74,1,0,On-Time
TRIP-10433,18,3,1,18:00,715,29.31,4,0,On-Time
TRIP-10434,4,10,4,21:00,380,3.44,57,1,Delayed
TRIP-10435,17,1,1,11:00,241,24.78,3,0,On-Time
TRIP-10436,2,8,1,13:00,209,18.47,2,0,On-Time
TRIP-10437,2,5,1,21:00,123,24.76,4,0,On-Time
TRIP-10438,12,4,2,18:00,691,13.63,4,0,On-Time
TRIP-10439,6,8,1,09:00,259,24.35,1,0,On-Time
TRIP-10440,10,7,3,07:00,203,6.76,3,0,On-Time
TRIP-10441,16,2,4,14:00,106,2.55,3,0,On-Time
TRIP-10442,14,1,1,23:00,383,27.53,2,0,On-Time
TRIP-10443,7,4,2,22:00,429,16.37,57,1,Delayed
TRIP-10444,19,8,1,13:00,86,28.33,2,0,On-Time
TRIP-10445,17,2,2,20:00,672,15.26,4,0,On-Time
TRIP-10446,9,3,1,14:00,278,23.79,1,0,On-Time
TRIP-10447,13,1,1,22:00,191,19.7,0,0,On-Time
TRIP-10448,5,1,1,07:00,168,20.67,1,0,On-Time
TRIP-10449,5,3,2,11:00,207,16.14,3,0,On-Time
TRIP-10450,10,5,1,10:00,494,21.85,2,0,On-Time
TRIP-10451,10,3,1,22:00,97,26.99,0,0,On-Time
TRIP-10452,7,1,2,07:00,368,20.48,3,0,On-Time
TRIP-10453,15,1,2,23:00,240,15.73,30,1,Delayed
TRIP-10454,7,8,3,15:00,431,13.29,0,0,On-Time
TRIP-10455,15,10,1,15:00,360,23.51,1,0,On-Time
TRIP-10456,3,2,3,11:00,245,9.09,3,0,On-Time
TRIP-10457,19,3,2,17:00,542,14.56,4,0,On-Time
TRIP-10458,10,2,1,22:00,443,19.82,0,0,On-Time
TRIP-10459,15,3,2,18:00,430,18.79,0,0,On-Time
TRIP-10460,3,7,1,21:00,417,24.98,1,0,On-Time
TRIP-10461,6,1,4,15:00,345,1.54,34,1,Delayed
TRIP-10462,12,10,1,07:00,370,22.18,3,0,On-Time
TRIP-10463,15,8,2,07:00,434,17.24,4,0,On-Time
TRIP-10464,6,10,1,12:00,439,23.67,2,0,On-Time
TRIP-10465,13,10,4,11:00,358,2.74,0,0,On-Time
TRIP-10466,19,10,1,06:00,296,24.57,0,0,On-Time
TRIP-10467,3,2,4,17:00,640,5.32,51,1,Delayed
TRIP-10468,8,3,4,18:00,667,1.41,61,1,Delayed
TRIP-10469,8,9,1,17:00,457,34.67,2,0,On-Time
TRIP-10470,20,7,3,14:00,232,11.4,2,0,On-Time
TRIP-10471,15,4,4,15:00,260,5.42,3,0,On-Time
TRIP-10472,4,10,1,22:00,291,26.69,0,0,On-Time
TRIP-10473,19,5,1,23:00,352,23.13,1,0,On-Time
TRIP-10474,3,2,2,13:00,282,16.36,0,0,On-Time
TRIP-10475,13,8,1,12:00,284,24.9,1,0,On-Time
TRIP-10476,8,4,1,14:00,232,25.53,1,0,On-Time
TRIP-10477,16,9,1,15:00,249,26.78,3,0,On-Time
TRIP-10478,13,5,1,17:00,512,28.27,2,0,On-Time
TRIP-10479,3,9,1,20:00,585,27.56,3,0,On-Time
TRIP-10480,16,4,1,20:00,518,26.57,1,0,On-Time
TRIP-10481,9,10,3,09:00,640,13.12,0,0,On-Time
TRIP-10482,14,5,3,09:00,254,14.96,1,0,On-Time
TRIP-10483,13,9,1,06:00,171,26.13,3,0,On-Time
TRIP-10484,7,8,2,17:00,364,18.09,0,0,On-Time
TRIP-10485,15,3,2,07:00,109,16.89,35,1,Delayed
TRIP-10486,7,1,4,20:00,323,3.56,36,1,Delayed
TRIP-10487,6,3,1,22:00,405,21.59,4,0,On-Time
TRIP-10488,2,4,1,12:00,108,22.82,1,0,On-Time
TRIP-10489,9,2,4,11:00,338,-1.05,2,0,On-Time
TRIP-10490,17,1,4,17:00,424,0.94,17,1,Delayed
TRIP-10491,5,7,3,06:00,154,10.61,0,0,On-Time
TRIP-10492,12,8,3,19:00,198,10.77,3,0,On-Time
TRIP-10493,1,7,1,09:00,236,25.54,1,0,On-Time
TRIP-10494,10,5,2,10:00,713,14.94,4,0,On-Time
TRIP-10495,11,1,1,06:00,289,24.22,1,0,On-Time
TRIP-10496,16,7,1,06:00,318,22.85,3,0,On-Time
TRIP-10497,14,7,3,11:00,419,10.67,2,0,On-Time
TRIP-10498,8,9,1,10:00,619,25.69,4,0,On-Time
TRIP-10499,17,3,2,07:00,271,16.77,0,0,On-Time
TRIP-10500,18,9,4,10:00,291,0.11,3,0,On-Time
TRIP-10501,12,1,1,14:00,320,25.83,1,0,On-Time
TRIP-10502,17,1,4,20:00,531,5.25,3,0,On-Time
TRIP-10503,14,4,4,18:00,478,0.38,0,0,On-Time
TRIP-10504,16,9,2,17:00,664,16.31,26,1,Delayed
TRIP-10505,14,6,1,10:00,473,26.68,4,0,On-Time
TRIP-10506,9,3,1,07:00,281,20.74,1,0,On-Time
TRIP-10507,4,1,1,09:00,172,26.64,1,0,On-Time
TRIP-10508,11,4,1,23:00,291,23.15,0,0,On-Time
TRIP-10509,6,9,1,15:00,233,25.84,1,0,On-Time
TRIP-10510,15,3,4,18:00,496,4.65,3,0,On-Time
TRIP-10511,5,9,1,17:00,289,23.48,15,1,Delayed
TRIP-10512,11,7,3,07:00,394,9.16,0,0,On-Time
TRIP-10513,18,4,1,20:00,409,23.0,0,0,On-Time
TRIP-10514,13,3,2,19:00,416,15.12,0,0,On-Time
TRIP-10515,11,10,4,15:00,311,1.82,3,0,On-Time
TRIP-10516,14,5,1,13:00,91,22.36,35,1,Delayed
TRIP-10517,18,5,1,20:00,424,23.5,3,0,On-Time
TRIP-10518,19,3,2,18:00,524,18.57,3,0,On-Time
TRIP-10519,15,9,3,13:00,345,11.36,1,0,On-Time
TRIP-10520,9,4,2,19:00,342,16.54,0,0,On-Time
TRIP-10521,8,5,1,06:00,324,19.0,0,0,On-Time
TRIP-10522,20,4,1,18:00,176,19.75,4,0,On-Time
TRIP-10523,1,5,4,13:00,426,1.93,44,1,Delayed
TRIP-10524,4,7,4,23:00,338,0.24,47,1,Delayed
TRIP-10525,14,9,2,14:00,183,16.91,2,0,On-Time
TRIP-10526,2,7,3,18:00,128,8.58,1,0,On-Time
TRIP-10527,16,5,2,08:00,457,14.45,18,1,Delayed
TRIP-10528,3,10,1,23:00,214,22.66,41,1,Delayed
TRIP-10529,8,10,1,15:00,350,27.81,0,0,On-Time
TRIP-10530,6,7,1,10:00,268,22.97,2,0,On-Time
TRIP-10531,16,10,2,11:00,274,15.48,2,0,On-Time
TRIP-10532,16,5,1,13:00,201,24.4,3,0,On-Time
TRIP-10533,7,3,1,12:00,195,27.28,2,0,On-Time
TRIP-10534,13,7,3,23:00,275,13.98,3,0,On-Time
TRIP-10535,13,2,2,19:00,184,19.5,4,0,On-Time
TRIP-10536,5,9,2,20:00,233,16.97,3,0,On-Time
TRIP-10537,20,10,4,15:00,212,-1.24,1,0,On-Time
TRIP-10538,18,10,1,17:00,576,27.43,0,0,On-Time
TRIP-10539,15,1,2,12:00,90,20.1,1,0,On-Time
TRIP-10540,18,6,3,12:00,297,12.92,4,0,On-Time
TRIP-10541,2,7,2,16:00,401,10.68,0,0,On-Time
TRIP-10542,10,8,1,18:00,376,24.55,4,0,On-Time
TRIP-10543,13,10,1,20:00,510,27.96,1,0,On-Time
TRIP-10544,18,9,3,23:00,139,10.76,0,0,On-Time
TRIP-10545,15,2,2,12:00,217,16.11,39,1,Delayed
TRIP-10546,12,10,3,11:00,129,10.47,3,0,On-Time
TRIP-10547,15,2,2,16:00,246,16.61,2,0,On-Time
TRIP-10548,13,5,2,13:00,244,17.13,1,0,On-Time
TRIP-10549,18,5,3,06:00,398,9.59,3,0,On-Time
TRIP-10550,15,6,2,13:00,268,14.61,4,0,On-Time
TRIP-10551,11,3,1,13:00,171,22.89,4,0,On-Time
TRIP-10552,19,8,2,08:00,596,15.2,61,1,Delayed
TRIP-10553,3,1,3,10:00,588,10.59,3,0,On-Time
TRIP-10554,7,6,1,08:00,246,28.18,4,0,On-Time
TRIP-10555,14,4,1,20:00,198,21.99,0,0,On-Time
TRIP-10556,14,1,1,19:00,211,23.13,2,0,On-Time
TRIP-10557,13,7,4,20:00,406,0.51,2,0,On-Time
TRIP-10558,12,9,1,22:00,240,28.33,0,0,On-Time
TRIP-10559,9,4,2,23:00,146,14.08,35,1,Delayed
TRIP-10560,1,4,1,07:00,440,23.6,0,0,On-Time
TRIP-10561,19,6,1,17:00,558,19.56,0,0,On-Time
TRIP-10562,11,3,2,21:00,203,17.9,3,0,On-Time
TRIP-10563,19,6,1,09:00,417,24.7,2,0,On-Time
TRIP-10564,18,7,2,07:00,261,15.76,4,0,On-Time
TRIP-10565,12,10,3,19:00,184,13.77,2,0,On-Time
TRIP-10566,1,10,3,16:00,291,11.72,3,0,On-Time
TRIP-10567,19,3,1,18:00,340,18.75,1,0,On-Time
TRIP-10568,20,7,3,12:00,432,13.55,3,0,On-Time
TRIP-10569,17,3,2,15:00,257,15.94,2,0,On-Time
TRIP-10570,5,2,3,06:00,245,8.11,2,0,On-Time
TRIP-10571,3,10,2,09:00,665,12.28,3,0,On-Time
TRIP-10572,2,4,2,23:00,408,18.41,3,0,On-Time
TRIP-10573,3,8,4,11:00,406,1.33,31,1,Delayed
TRIP-10574,8,9,3,07:00,125,7.26,2,0,On-Time
TRIP-10575,16,7,1,08:00,376,29.42,0,0,On-Time
TRIP-10576,6,1,1,19:00,504,25.19,1,0,On-Time
TRIP-10577,13,3,1,13:00,395,20.36,0,0,On-Time
TRIP-10578,16,9,1,21:00,139,24.43,2,0,On-Time
TRIP-10579,16,1,1,23:00,84,22.25,0,0,On-Time
TRIP-10580,3,9,1,11:00,260,29.98,49,1,Delayed
TRIP-10581,13,8,3,19:00,358,7.94,4,0,On-Time
TRIP-10582,14,1,1,08:00,630,25.21,3,0,On-Time
TRIP-10583,8,6,2,21:00,344,16.91,1,0,On-Time
TRIP-10584,12,5,1,06:00,302,23.88,3,0,On-Time
TRIP-10585,8,6,1,17:00,608,27.76,4,0,On-Time
TRIP-10586,9,10,1,19:00,664,22.29,2,0,On-Time
TRIP-10587,1,5,1,14:00,316,26.88,0,0,On-Time
TRIP-10588,6,6,3,12:00,92,11.71,3,0,On-Time
TRIP-10589,19,5,3,19:00,668,10.32,0,0,On-Time
TRIP-10590,11,5,1,10:00,555,25.01,1,0,On-Time
TRIP-10591,11,4,2,23:00,345,12.37,0,0,On-Time
TRIP-10592,13,3,2,14:00,95,16.19,1,0,On-Time
TRIP-10593,11,3,3,12:00,171,12.42,1,0,On-Time
TRIP-10594,18,4,3,14:00,327,10.16,3,0,On-Time
TRIP-10595,15,9,2,09:00,156,17.59,19,1,Delayed
TRIP-10596,1,2,2,22:00,439,16.13,0,0,On-Time
TRIP-10597,7,9,3,17:00,291,7.69,1,0,On-Time
TRIP-10598,13,1,1,11:00,174,29.79,1,0,On-Time
TRIP-10599,12,1,1,23:00,362,27.08,1,0,On-Time
TRIP-10600,18,5,4,13:00,292,1.83,2,0,On-Time
TRIP-10601,19,6,3,20:00,185,12.64,53,1,Delayed
TRIP-10602,15,6,2,08:00,224,15.08,0,0,On-Time
TRIP-10603,8,3,2,07:00,370,15.79,1,0,On-Time
TRIP-10604,19,7,1,14:00,441,26.76,0,0,On-Time
TRIP-10605,10,9,2,13:00,382,16.88,0,0,On-Time
TRIP-10606,7,10,2,09:00,516,15.95,2,0,On-Time
TRIP-10607,18,8,1,07:00,390,22.43,1,0,On-Time
TRIP-10608,16,6,3,19:00,676,11.93,0,0,On-Time
TRIP-10609,20,8,3,07:00,430,10.35,4,0,On-Time
TRIP-10610,6,5,1,07:00,85,19.44,1,0,On-Time
TRIP-10611,9,8,2,12:00,385,21.38,0,0,On-Time
TRIP-10612,13,10,1,17:00,390,22.74,2,0,On-Time
TRIP-10613,8,4,2,11:00,92,14.65,4,0,On-Time
TRIP-10614,16,10,1,23:00,104,27.5,3,0,On-Time
TRIP-10615,13,8,2,09:00,484,12.6,3,0,On-Time
TRIP-10616,13,10,3,18:00,323,12.17,4,0,On-Time
TRIP-10617,17,2,1,07:00,208,21.71,3,0,On-Time
TRIP-10618,20,5,4,13:00,384,0.69,23,1,Delayed
TRIP-10619,5,9,4,14:00,201,2.57,17,1,Delayed
TRIP-10620,17,4,1,09:00,182,22.04,3,0,On-Time
TRIP-10621,9,6,1,21:00,162,25.45,3,0,On-Time
TRIP-10622,2,1,4,15:00,388,2.1,4,0,On-Time
TRIP-10623,18,9,4,11:00,261,4.41,44,1,Delayed
TRIP-10624,9,1,1,21:00,155,20.79,0,0,On-Time
TRIP-10625,6,5,1,15:00,183,25.97,1,0,On-Time
TRIP-10626,11,4,1,18:00,497,22.92,1,0,On-Time
TRIP-10627,6,3,4,14:00,382,3.01,0,0,On-Time
TRIP-10628,6,6,1,12:00,122,28.9,4,0,On-Time
TRIP-10629,13,2,2,09:00,275,17.25,2,0,On-Time
TRIP-10630,11,3,3,09:00,356,8.74,2,0,On-Time
TRIP-10631,14,5,1,17:00,532,26.2,1,0,On-Time
TRIP-10632,2,9,2,18:00,251,12.81,3,0,On-Time
TRIP-10633,8,2,1,09:00,547,23.44,2,0,On-Time
TRIP-10634,3,10,3,15:00,149,10.87,3,0,On-Time
TRIP-10635,3,8,1,12:00,228,23.04,3,0,On-Time
TRIP-10636,1,2,2,10:00,593,18.51,0,0,On-Time
TRIP-10637,19,5,2,22:00,293,14.97,2,0,On-Time
TRIP-10638,18,7,1,23:00,439,20.43,2,0,On-Time
TRIP-10639,17,8,1,16:00,389,21.88,3,0,On-Time
TRIP-10640,20,1,1,20:00,361,24.3,3,0,On-Time
TRIP-10641,13,6,1,12:00,104,24.93,0,0,On-Time
TRIP-10642,3,1,3,23:00,402,9.88,39,1,Delayed
TRIP-10643,1,2,3,11:00,188,11.47,2,0,On-Time
TRIP-10644,4,1,2,23:00,260,14.86,2,0,On-Time
TRIP-10645,13,5,2,21:00,330,17.91,0,0,On-Time
TRIP-10646,17,10,2,07:00,282,13.24,42,1,Delayed
TRIP-10647,11,9,3,06:00,383,11.15,4,0,On-Time
TRIP-10648,2,6,1,16:00,249,24.05,3,0,On-Time
TRIP-10649,16,1,1,10:00,406,25.46,2,0,On-Time
TRIP-10650,2,1,1,21:00,426,23.12,3,0,On-Time
TRIP-10651,19,2,2,06:00,249,14.88,2,0,On-Time
TRIP-10652,19,9,1,19:00,129,27.75,0,0,On-Time
TRIP-10653,16,3,1,08:00,340,22.13,0,0,On-Time
TRIP-10654,19,1,1,07:00,206,25.17,0,0,On-Time
TRIP-10655,9,5,3,10:00,200,9.95,4,0,On-Time
TRIP-10656,1,7,1,22:00,273,22.98,2,0,On-Time
TRIP-10657,10,6,1,23:00,441,18.28,0,0,On-Time
TRIP-10658,19,1,1,06:00,288,25.06,20,1,Delayed
TRIP-10659,1,5,1,20:00,600,25.39,3,0,On-Time
TRIP-10660,2,5,2,14:00,137,15.72,4,0,On-Time
TRIP-10661,16,6,1,10:00,251,22.99,51,1,Delayed
TRIP-10662,12,3,1,18:00,449,22.0,1,0,On-Time
TRIP-10663,8,5,2,15:00,368,13.75,18,1,Delayed
TRIP-10664,18,7,1,19:00,225,15.01,1,0,On-Time
TRIP-10665,2,5,1,17:00,555,22.79,2,0,On-Time
TRIP-10666,13,5,3,16:00,205,8.79,4,0,On-Time
TRIP-10667,6,5,1,12:00,128,27.81,4,0,On-Time
TRIP-10668,6,10,1,22:00,167,21.02,4,0,On-Time
TRIP-10669,9,10,1,23:00,413,22.46,4,0,On-Time
TRIP-10670,16,3,2,12:00,340,14.67,1,0,On-Time
TRIP-10671,11,1,2,11:00,258,12.09,18,1,Delayed
TRIP-10672,7,5,2,16:00,148,15.46,1,0,On-Time
TRIP-10673,10,9,3,17:00,713,11.07,4,0,On-Time
TRIP-10674,10,1,1,21:00,139,24.79,2,0,On-Time
TRIP-10675,20,3,1,16:00,381,25.56,3,0,On-Time
TRIP-10676,18,4,3,21:00,328,11.4,1,0,On-Time
TRIP-10677,20,1,4,17:00,396,3.57,0,0,On-Time
TRIP-10678,9,1,1,13:00,348,24.14,3,0,On-Time
TRIP-10679,15,8,2,08:00,708,13.29,43,1,Delayed
TRIP-10680,4,2,1,07:00,191,17.99,4,0,On-Time
TRIP-10681,8,8,1,11:00,179,22.56,4,0,On-Time
TRIP-10682,9,7,1,21:00,294,20.45,3,0,On-Time
TRIP-10683,13,10,1,20:00,307,26.07,1,0,On-Time
TRIP-10684,9,10,3,19:00,281,10.7,2,0,On-Time
TRIP-10685,4,2,2,07:00,386,20.87,15,1,Delayed
TRIP-10686,17,6,1,23:00,197,18.63,1,0,On-Time
TRIP-10687,16,6,1,19:00,184,25.35,3,0,On-Time
TRIP-10688,15,3,3,23:00,416,9.94,1,0,On-Time
TRIP-10689,3,2,1,07:00,438,23.59,2,0,On-Time
TRIP-10690,20,1,2,06:00,369,15.11,3,0,On-Time
TRIP-10691,5,6,1,07:00,383,25.13,1,0,On-Time
TRIP-10692,5,5,2,14:00,439,14.18,4,0,On-Time
TRIP-10693,20,9,1,14:00,426,20.47,1,0,On-Time
TRIP-10694,15,1,1,21:00,203,25.3,3,0,On-Time
TRIP-10695,18,7,1,16:00,119,23.61,3,0,On-Time
TRIP-10696,15,5,1,11:00,220,25.74,4,0,On-Time
TRIP-10697,2,5,1,17:00,168,16.85,3,0,On-Time
TRIP-10698,13,2,2,08:00,353,18.01,0,0,On-Time
TRIP-10699,4,3,1,17:00,689,18.86,3,0,On-Time
TRIP-10700,10,7,1,06:00,415,22.55,52,1,Delayed
TRIP-10701,13,6,2,14:00,136,18.37,48,1,Delayed
TRIP-10702,10,2,2,11:00,229,16.25,1,0,On-Time
TRIP-10703,9,6,4,16:00,446,0.92,31,1,Delayed
TRIP-10704,8,2,2,08:00,454,17.25,0,0,On-Time
TRIP-10705,3,2,2,09:00,248,14.93,1,0,On-Time
TRIP-10706,16,2,2,15:00,364,21.08,36,1,Delayed
TRIP-10707,14,3,4,11:00,289,0.69,57,1,Delayed
TRIP-10708,9,2,3,06:00,337,10.59,4,0,On-Time
TRIP-10709,11,4,1,13:00,338,24.29,0,0,On-Time
TRIP-10710,3,9,1,13:00,263,23.95,3,0,On-Time
TRIP-10711,5,6,1,11:00,407,23.82,1,0,On-Time
TRIP-10712,10,1,2,22:00,90,14.46,1,0,On-Time
TRIP-10713,13,8,3,06:00,239,10.5,47,1,Delayed
TRIP-10714,4,7,2,20:00,542,14.77,60,1,Delayed
TRIP-10715,13,10,1,18:00,267,25.03,2,0,On-Time
TRIP-10716,12,3,3,08:00,716,7.86,4,0,On-Time
TRIP-10717,5,1,3,07:00,263,7.71,4,0,On-Time
TRIP-10718,10,5,1,08:00,152,22.92,0,0,On-Time
TRIP-10719,9,4,2,14:00,323,17.22,0,0,On-Time
TRIP-10720,20,10,1,21:00,165,22.51,26,1,Delayed
TRIP-10721,7,8,3,18:00,444,8.89,4,0,On-Time
TRIP-10722,2,1,3,23:00,89,8.69,0,0,On-Time
TRIP-10723,7,10,2,17:00,388,16.39,3,0,On-Time
TRIP-10724,8,1,2,17:00,164,16.87,4,0,On-Time
TRIP-10725,7,4,3,06:00,143,12.78,1,0,On-Time
TRIP-10726,14,8,2,13:00,391,12.54,37,1,Delayed
TRIP-10727,19,5,1,22:00,317,16.67,3,0,On-Time
TRIP-10728,5,2,3,12:00,424,12.22,1,0,On-Time
TRIP-10729,18,6,1,14:00,317,22.67,4,0,On-Time
TRIP-10730,20,5,1,22:00,101,21.9,1,0,On-Time
TRIP-10731,12,2,3,15:00,259,9.66,1,0,On-Time
TRIP-10732,17,3,3,09:00,616,10.43,2,0,On-Time
TRIP-10733,13,9,1,12:00,126,22.84,3,0,On-Time
TRIP-10734,2,7,1,12:00,358,21.35,2,0,On-Time
TRIP-10735,13,7,1,13:00,303,24.45,4,0,On-Time
TRIP-10736,7,6,1,13:00,297,22.28,1,0,On-Time
TRIP-10737,10,8,1,21:00,316,27.47,4,0,On-Time
TRIP-10738,6,4,3,17:00,452,12.66,4,0,On-Time
TRIP-10739,3,8,1,20:00,668,22.95,2,0,On-Time
TRIP-10740,3,4,2,13:00,98,18.4,4,0,On-Time
TRIP-10741,18,8,1,14:00,259,17.98,3,0,On-Time
TRIP-10742,11,9,4,08:00,385,1.44,1,0,On-Time
TRIP-10743,20,3,1,21:00,364,26.35,0,0,On-Time
TRIP-10744,5,3,1,20:00,224,21.62,3,0,On-Time
TRIP-10745,19,2,1,09:00,262,20.61,0,0,On-Time
TRIP-10746,19,10,2,21:00,114,16.38,0,0,On-Time
TRIP-10747,15,3,2,15:00,84,16.91,2,0,On-Time
TRIP-10748,16,3,1,16:00,155,18.91,0,0,On-Time
TRIP-10749,9,5,1,10:00,531,19.67,1,0,On-Time
TRIP-10750,4,5,1,16:00,86,16.06,2,0,On-Time
TRIP-10751,15,2,2,18:00,396,17.55,3,0,On-Time
TRIP-10752,12,10,2,20:00,334,17.44,61,1,Delayed
TRIP-10753,3,6,1,11:00,217,27.84,3,0,On-Time
TRIP-10754,14,5,1,21:00,437,26.96,4,0,On-Time
TRIP-10755,17,6,1,20:00,606,21.8,2,0,On-Time
TRIP-10756,19,1,1,16:00,405,23.26,2,0,On-Time
TRIP-10757,6,5,2,07:00,170,16.41,2,0,On-Time
TRIP-10758,4,9,1,07:00,242,22.65,1,0,On-Time
TRIP-10759,7,10,1,17:00,635,24.51,2,0,On-Time
TRIP-10760,19,2,1,21:00,332,22.18,1,0,On-Time
TRIP-10761,17,1,4,07:00,280,2.33,3,0,On-Time
TRIP-10762,16,10,3,22:00,99,12.87,4,0,On-Time
TRIP-10763,15,9,1,19:00,492,22.95,16,1,Delayed
TRIP-10764,8,10,1,21:00,242,27.2,4,0,On-Time
TRIP-10765,19,9,1,10:00,390,21.41,4,0,On-Time
TRIP-10766,8,9,2,15:00,311,12.31,4,0,On-Time
TRIP-10767,18,6,1,22:00,407,29.35,0,0,On-Time
TRIP-10768,16,8,2,18:00,507,17.09,1,0,On-Time
TRIP-10769,20,1,2,21:00,199,14.79,3,0,On-Time
TRIP-10770,19,10,3,14:00,430,8.29,0,0,On-Time
TRIP-10771,10,4,1,09:00,716,31.3,3,0,On-Time
TRIP-10772,17,1,3,21:00,186,14.93,1,0,On-Time
TRIP-10773,13,8,3,16:00,329,11.51,3,0,On-Time
TRIP-10774,13,1,1,12:00,415,24.02,1,0,On-Time
TRIP-10775,7,3,1,22:00,363,24.83,0,0,On-Time
TRIP-10776,10,4,1,18:00,443,23.77,0,0,On-Time
TRIP-10777,2,8,1,09:00,478,20.95,3,0,On-Time
TRIP-10778,4,6,1,19:00,368,25.12,3,0,On-Time
TRIP-10779,6,10,2,15:00,365,13.73,62,1,Delayed
TRIP-10780,18,7,1,15:00,344,23.06,4,0,On-Time
TRIP-10781,6,8,4,15:00,299,0.2,3,0,On-Time
TRIP-10782,17,2,1,17:00,472,23.78,59,1,Delayed
TRIP-10783,14,10,4,07:00,394,0.75,19,1,Delayed
TRIP-10784,11,8,1,14:00,235,24.72,2,0,On-Time
TRIP-10785,19,3,3,10:00,472,8.74,4,0,On-Time
TRIP-10786,2,7,1,13:00,414,24.33,3,0,On-Time
TRIP-10787,3,3,1,19:00,700,20.47,2,0,On-Time
TRIP-10788,11,7,3,12:00,193,5.91,4,0,On-Time
TRIP-10789,6,2,1,12:00,240,24.37,0,0,On-Time
TRIP-10790,14,10,2,14:00,382,14.65,3,0,On-Time
TRIP-10791,19,6,2,08:00,283,14.85,29,1,Delayed
TRIP-10792,16,3,2,19:00,377,15.94,4,0,On-Time
TRIP-10793,7,3,2,22:00,241,15.68,51,1,Delayed
TRIP-10794,8,9,3,23:00,121,12.23,3,0,On-Time
TRIP-10795,19,7,1,17:00,414,25.25,2,0,On-Time
TRIP-10796,20,5,2,19:00,611,18.76,0,0,On-Time
TRIP-10797,16,10,3,18:00,654,9.67,3,0,On-Time
TRIP-10798,7,7,1,19:00,208,23.17,0,0,On-Time
TRIP-10799,9,9,1,14:00,331,24.46,0,0,On-Time
TRIP-10800,13,1,3,07:00,429,12.51,2,0,On-Time
TRIP-10801,1,7,1,16:00,199,21.43,4,0,On-Time
TRIP-10802,8,6,1,22:00,154,25.38,0,0,On-Time
TRIP-10803,4,10,1,07:00,241,22.91,0,0,On-Time
TRIP-10804,3,9,2,12:00,228,16.08,22,1,Delayed
TRIP-10805,3,1,1,23:00,202,22.48,2,0,On-Time
TRIP-10806,13,4,2,18:00,352,16.72,0,0,On-Time
TRIP-10807,8,9,3,10:00,417,9.7,1,0,On-Time
TRIP-10808,7,4,1,23:00,356,21.77,2,0,On-Time
TRIP-10809,1,10,2,21:00,336,19.43,3,0,On-Time
TRIP-10810,16,3,4,20:00,646,1.96,4,0,On-Time
TRIP-10811,6,9,2,13:00,324,18.1,2,0,On-Time
TRIP-10812,7,2,3,20:00,264,11.16,0,0,On-Time
TRIP-10813,12,4,1,06:00,150,22.28,1,0,On-Time
TRIP-10814,9,6,3,22:00,348,13.41,48,1,Delayed
TRIP-10815,11,2,1,20:00,414,23.14,3,0,On-Time
TRIP-10816,10,8,1,19:00,572,28.98,1,0,On-Time
TRIP-10817,1,8,1,19:00,364,22.69,0,0,On-Time
TRIP-10818,18,1,1,15:00,85,24.3,16,1,Delayed
TRIP-10819,4,3,3,07:00,227,10.6,3,0,On-Time
TRIP-10820,5,10,1,11:00,411,20.52,4,0,On-Time
TRIP-10821,9,9,2,22:00,247,16.12,4,0,On-Time
TRIP-10822,17,5,3,10:00,140,8.74,0,0,On-Time
TRIP-10823,3,6,2,10:00,411,16.12,3,0,On-Time
TRIP-10824,16,4,1,20:00,580,24.59,3,0,On-Time
TRIP-10825,5,10,2,20:00,312,13.22,0,0,On-Time
TRIP-10826,16,2,1,16:00,175,23.56,3,0,On-Time
TRIP-10827,3,8,1,10:00,656,23.8,1,0,On-Time
TRIP-10828,20,6,4,06:00,423,-0.0,56,1,Delayed
TRIP-10829,15,5,1,16:00,135,26.78,0,0,On-Time
TRIP-10830,3,9,1,16:00,286,26.94,0,0,On-Time
TRIP-10831,20,1,3,11:00,184,13.26,1,0,On-Time
TRIP-10832,14,5,1,13:00,114,27.2,2,0,On-Time
TRIP-10833,16,6,2,07:00,288,16.8,0,0,On-Time
TRIP-10834,17,5,1,20:00,576,23.84,1,0,On-Time
TRIP-10835,20,6,1,14:00,448,19.58,2,0,On-Time
TRIP-10836,18,6,1,20:00,694,24.64,2,0,On-Time
TRIP-10837,18,7,1,13:00,226,22.94,1,0,On-Time
TRIP-10838,14,4,1,21:00,366,25.66,1,0,On-Time
TRIP-10839,18,8,3,19:00,256,9.03,3,0,On-Time
TRIP-10840,15,7,2,20:00,206,16.57,2,0,On-Time
TRIP-10841,15,9,4,18:00,265,3.9,17,1,Delayed
TRIP-10842,6,7,1,14:00,270,30.42,3,0,On-Time
TRIP-10843,15,3,2,06:00,382,15.32,32,1,Delayed
TRIP-10844,18,3,2,11:00,80,15.61,41,1,Delayed
TRIP-10845,4,8,4,13:00,217,1.27,2,0,On-Time
TRIP-10846,8,5,1,23:00,215,24.95,2,0,On-Time
TRIP-10847,15,4,2,23:00,441,20.42,41,1,Delayed
TRIP-10848,3,8,3,22:00,233,10.65,1,0,On-Time
TRIP-10849,15,6,1,21:00,241,26.52,1,0,On-Time
TRIP-10850,13,2,3,18:00,156,8.51,1,0,On-Time
TRIP-10851,9,4,1,09:00,651,27.18,2,0,On-Time
TRIP-10852,2,4,3,09:00,515,11.44,3,0,On-Time
TRIP-10853,8,6,4,19:00,332,6.42,2,0,On-Time
TRIP-10854,20,6,2,10:00,408,16.17,2,0,On-Time
TRIP-10855,17,1,1,21:00,359,25.49,3,0,On-Time
TRIP-10856,13,8,1,19:00,260,23.85,4,0,On-Time
TRIP-10857,1,6,4,19:00,481,4.9,0,0,On-Time
TRIP-10858,2,3,2,19:00,646,15.01,4,0,On-Time
TRIP-10859,15,9,1,19:00,358,26.36,2,0,On-Time
TRIP-10860,12,2,2,08:00,296,17.25,1,0,On-Time
TRIP-10861,14,8,2,22:00,404,14.53,1,0,On-Time
TRIP-10862,2,10,1,19:00,144,23.46,3,0,On-Time
TRIP-10863,18,3,1,15:00,245,24.69,2,0,On-Time
TRIP-10864,7,5,1,18:00,440,23.18,3,0,On-Time
TRIP-10865,6,6,2,09:00,496,13.83,3,0,On-Time
TRIP-10866,14,10,2,16:00,226,15.03,0,0,On-Time
TRIP-10867,8,6,2,20:00,700,17.56,3,0,On-Time
TRIP-10868,2,4,3,20:00,507,10.4,2,0,On-Time
TRIP-10869,17,3,3,07:00,92,9.28,0,0,On-Time
TRIP-10870,5,4,2,16:00,298,17.05,1,0,On-Time
TRIP-10871,14,1,1,07:00,336,17.99,0,0,On-Time
TRIP-10872,20,4,2,10:00,129,16.46,2,0,On-Time
TRIP-10873,3,1,1,18:00,462,27.78,4,0,On-Time
TRIP-10874,5,1,2,06:00,444,13.97,52,1,Delayed
TRIP-10875,16,10,2,12:00,304,16.07,4,0,On-Time
TRIP-10876,18,6,1,12:00,273,20.34,48,1,Delayed
TRIP-10877,17,5,4,15:00,275,0.44,39,1,Delayed
TRIP-10878,11,4,1,11:00,339,29.74,3,0,On-Time
TRIP-10879,17,3,2,17:00,217,13.62,26,1,Delayed
TRIP-10880,16,1,1,18:00,307,26.5,4,0,On-Time
TRIP-10881,2,6,4,16:00,292,3.71,0,0,On-Time
TRIP-10882,4,2,1,23:00,358,27.97,62,1,Delayed
TRIP-10883,7,8,1,07:00,323,22.12,2,0,On-Time
TRIP-10884,2,10,1,21:00,196,23.97,4,0,On-Time
TRIP-10885,6,5,1,07:00,166,23.34,3,0,On-Time
TRIP-10886,17,7,1,11:00,446,25.61,3,0,On-Time
TRIP-10887,7,10,2,06:00,342,14.17,2,0,On-Time
TRIP-10888,5,2,1,16:00,379,30.54,3,0,On-Time
TRIP-10889,5,8,1,23:00,192,22.83,0,0,On-Time
TRIP-10890,20,2,1,15:00,243,24.42,0,0,On-Time
TRIP-10891,16,4,3,23:00,83,12.85,4,0,On-Time
TRIP-10892,19,1,2,06:00,197,13.95,1,0,On-Time
TRIP-10893,9,5,3,21:00,102,8.74,2,0,On-Time
TRIP-10894,5,9,2,12:00,312,18.53,2,0,On-Time
TRIP-10895,8,1,1,20:00,270,22.81,1,0,On-Time
TRIP-10896,9,9,1,06:00,334,28.13,3,0,On-Time
TRIP-10897,5,8,1,14:00,171,24.91,0,0,On-Time
TRIP-10898,10,6,3,07:00,234,13.63,0,0,On-Time
TRIP-10899,2,7,4,22:00,386,1.61,43,1,Delayed
TRIP-10900,9,3,2,15:00,194,15.58,2,0,On-Time
TRIP-10901,11,1,1,11:00,286,21.4,3,0,On-Time
TRIP-10902,4,5,1,10:00,256,22.63,3,0,On-Time
TRIP-10903,2,2,1,13:00,182,16.06,2,0,On-Time
TRIP-10904,6,5,2,13:00,159,18.76,3,0,On-Time
TRIP-10905,14,8,1,10:00,291,26.79,1,0,On-Time
TRIP-10906,1,9,4,17:00,510,2.38,0,0,On-Time
TRIP-10907,18,2,1,12:00,344,21.23,2,0,On-Time
TRIP-10908,7,3,4,18:00,179,0.7,1,0,On-Time
TRIP-10909,1,3,3,18:00,182,13.67,1,0,On-Time
TRIP-10910,1,1,3,22:00,328,11.48,4,0,On-Time
TRIP-10911,1,8,2,09:00,206,17.33,2,0,On-Time
TRIP-10912,4,6,2,23:00,359,15.85,22,1,Delayed
TRIP-10913,4,8,2,15:00,321,16.58,40,1,Delayed
TRIP-10914,18,9,2,08:00,369,17.06,2,0,On-Time
TRIP-10915,11,5,2,17:00,361,16.3,4,0,On-Time
TRIP-10916,1,3,4,06:00,118,4.02,0,0,On-Time
TRIP-10917,10,5,3,16:00,268,13.26,2,0,On-Time
TRIP-10918,9,5,3,23:00,104,12.29,4,0,On-Time
TRIP-10919,4,5,3,18:00,516,9.75,3,0,On-Time
TRIP-10920,6,3,1,22:00,302,28.93,2,0,On-Time
TRIP-10921,16,10,1,13:00,309,22.47,3,0,On-Time
TRIP-10922,2,4,2,22:00,232,15.5,2,0,On-Time
TRIP-10923,18,9,2,07:00,367,15.58,4,0,On-Time
TRIP-10924,10,10,3,08:00,299,11.39,4,0,On-Time
TRIP-10925,17,9,1,08:00,179,19.3,2,0,On-Time
TRIP-10926,13,2,2,11:00,442,13.82,61,1,Delayed
TRIP-10927,18,8,2,15:00,190,18.18,4,0,On-Time
TRIP-10928,13,8,1,23:00,200,21.96,2,0,On-Time
TRIP-10929,17,7,2,23:00,95,15.88,2,0,On-Time
TRIP-10930,5,8,3,19:00,489,14.69,0,0,On-Time
TRIP-10931,11,3,1,21:00,90,26.35,3,0,On-Time
TRIP-10932,7,6,2,12:00,282,16.45,0,0,On-Time
TRIP-10933,10,1,2,06:00,281,17.32,3,0,On-Time
TRIP-10934,17,7,1,22:00,177,20.1,3,0,On-Time
TRIP-10935,15,1,1,10:00,312,22.29,0,0,On-Time
TRIP-10936,18,9,4,06:00,360,0.69,61,1,Delayed
TRIP-10937,19,1,1,22:00,428,26.9,2,0,On-Time
TRIP-10938,2,1,1,15:00,311,26.64,4,0,On-Time
TRIP-10939,4,7,1,17:00,304,21.94,2,0,On-Time
TRIP-10940,3,2,2,07:00,431,17.01,0,0,On-Time
TRIP-10941,7,5,2,21:00,91,15.1,1,0,On-Time
TRIP-10942,18,8,2,20:00,160,14.7,4,0,On-Time
TRIP-10943,10,8,1,18:00,329,25.15,4,0,On-Time
TRIP-10944,7,3,3,23:00,364,8.32,1,0,On-Time
TRIP-10945,8,7,1,19:00,320,18.76,4,0,On-Time
TRIP-10946,6,3,1,23:00,203,27.51,4,0,On-Time
TRIP-10947,1,6,2,07:00,112,17.06,1,0,On-Time
TRIP-10948,4,6,1,07:00,249,26.24,0,0,On-Time
TRIP-10949,14,3,3,08:00,249,9.29,0,0,On-Time
TRIP-10950,17,7,4,10:00,601,-0.68,52,1,Delayed
TRIP-10951,20,3,1,21:00,409,30.98,0,0,On-Time
TRIP-10952,18,8,3,20:00,227,10.01,0,0,On-Time
TRIP-10953,11,10,3,17:00,558,10.44,4,0,On-Time
TRIP-10954,14,4,4,14:00,295,-0.95,4,0,On-Time
TRIP-10955,9,1,1,19:00,430,30.31,0,0,On-Time
TRIP-10956,15,4,2,21:00,154,14.2,3,0,On-Time
TRIP-10957,12,7,1,16:00,253,26.66,1,0,On-Time
TRIP-10958,10,4,3,11:00,146,11.91,0,0,On-Time
TRIP-10959,19,6,1,15:00,172,25.12,46,1,Delayed
TRIP-10960,19,9,2,13:00,132,16.24,62,1,Delayed
TRIP-10961,6,1,1,21:00,173,28.17,2,0,On-Time
TRIP-10962,20,5,1,08:00,307,25.98,31,1,Delayed
TRIP-10963,6,7,2,07:00,308,11.94,1,0,On-Time
TRIP-10964,8,1,3,21:00,329,14.13,4,0,On-Time
TRIP-10965,1,4,2,14:00,288,16.94,0,0,On-Time
TRIP-10966,17,6,3,21:00,261,8.67,3,0,On-Time
TRIP-10967,17,2,1,09:00,553,26.29,4,0,On-Time
TRIP-10968,15,10,2,15:00,360,14.79,4,0,On-Time
TRIP-10969,7,5,2,18:00,374,13.78,2,0,On-Time
TRIP-10970,19,10,1,23:00,162,22.75,0,0,On-Time
TRIP-10971,3,1,2,20:00,424,14.42,1,0,On-Time
TRIP-10972,11,6,2,09:00,684,14.98,3,0,On-Time
TRIP-10973,20,6,2,14:00,218,15.5,0,0,On-Time
TRIP-10974,19,4,3,09:00,214,10.55,4,0,On-Time
TRIP-10975,9,8,2,21:00,98,14.31,4,0,On-Time
TRIP-10976,10,4,1,20:00,683,22.71,1,0,On-Time
TRIP-10977,2,8,1,07:00,425,20.7,2,0,On-Time
TRIP-10978,1,8,2,19:00,553,12.49,1,0,On-Time
TRIP-10979,16,5,1,08:00,353,26.24,1,0,On-Time
TRIP-10980,18,4,1,09:00,632,24.41,0,0,On-Time
TRIP-10981,17,2,1,06:00,243,23.84,2,0,On-Time
TRIP-10982,6,3,2,14:00,331,17.12,4,0,On-Time
TRIP-10983,14,3,1,22:00,311,25.18,2,0,On-Time
TRIP-10984,15,4,3,19:00,601,9.64,0,0,On-Time
TRIP-10985,14,4,2,22:00,442,16.84,0,0,On-Time
TRIP-10986,3,10,1,06:00,139,23.73,37,1,Delayed
TRIP-10987,19,5,3,15:00,101,10.79,0,0,On-Time
TRIP-10988,12,4,2,21:00,205,12.33,2,0,On-Time
TRIP-10989,2,10,2,08:00,291,15.21,1,0,On-Time
TRIP-10990,3,8,2,17:00,480,15.07,1,0,On-Time
TRIP-10991,18,6,1,08:00,302,22.99,1,0,On-Time
TRIP-10992,1,6,2,20:00,219,18.45,62,1,Delayed
TRIP-10993,20,8,1,22:00,144,21.56,1,0,On-Time
TRIP-10994,6,7,4,23:00,137,-0.85,61,1,Delayed
TRIP-10995,5,10,3,12:00,237,8.9,3,0,On-Time
TRIP-10996,1,10,2,12:00,155,20.31,2,0,On-Time
TRIP-10997,19,8,1,10:00,156,22.0,4,0,On-Time
TRIP-10998,1,2,1,13:00,269,25.38,4,0,On-Time
TRIP-10999,16,9,1,21:00,329,20.79,1,0,On-Time
TRIP-11000,12,1,2,21:00,439,12.45,2,0,On-Time
TRIP-11001,8,8,1,20:00,707,26.51,1,0,On-Time
TRIP-11002,16,4,2,12:00,158,14.4,58,1,Delayed
TRIP-11003,1,4,1,10:00,260,22.52,3,0,On-Time
TRIP-11004,4,5,4,16:00,251,0.73,0,0,On-Time
TRIP-11005,10,8,1,15:00,291,21.14,2,0,On-Time
TRIP-11006,11,5,4,14:00,228,2.21,31,1,Delayed
TRIP-11007,17,8,4,06:00,89,-2.69,53,1,Delayed
TRIP-11008,7,10,2,06:00,109,11.3,57,1,Delayed
TRIP-11009,12,1,3,13:00,359,11.39,3,0,On-Time
TRIP-11010,7,10,1,08:00,214,28.53,4,0,On-Time
TRIP-11011,12,9,2,07:00,439,16.8,3,0,On-Time
TRIP-11012,15,6,1,09:00,329,22.5,2,0,On-Time
TRIP-11013,2,3,1,16:00,259,32.17,4,0,On-Time
TRIP-11014,14,8,2,10:00,497,16.94,1,0,On-Time
TRIP-11015,13,9,2,15:00,172,16.29,2,0,On-Time
TRIP-11016,4,6,2,13:00,87,18.23,32,1,Delayed
TRIP-11017,14,7,1,18:00,521,20.77,2,0,On-Time
TRIP-11018,14,1,1,10:00,656,19.71,0,0,On-Time
TRIP-11019,16,5,1,17:00,440,24.32,0,0,On-Time
TRIP-11020,7,5,1,18:00,387,20.63,1,0,On-Time
TRIP-11021,19,10,1,13:00,119,23.11,0,0,On-Time
TRIP-11022,2,4,1,20:00,532,18.29,2,0,On-Time
TRIP-11023,10,6,1,18:00,262,25.06,3,0,On-Time
TRIP-11024,18,7,3,06:00,351,9.07,1,0,On-Time
TRIP-11025,17,9,1,11:00,157,23.82,1,0,On-Time
TRIP-11026,5,1,2,16:00,292,16.17,2,0,On-Time
TRIP-11027,12,6,1,18:00,612,27.68,4,0,On-Time
TRIP-11028,6,7,3,06:00,334,10.44,0,0,On-Time
TRIP-11029,9,3,2,16:00,170,12.44,4,0,On-Time
TRIP-11030,20,8,1,16:00,272,25.68,2,0,On-Time
TRIP-11031,1,5,2,13:00,332,15.64,4,0,On-Time
TRIP-11032,15,9,1,08:00,571,20.26,2,0,On-Time
TRIP-11033,6,5,2,17:00,355,13.16,47,1,Delayed
TRIP-11034,19,9,1,11:00,323,26.34,0,0,On-Time
TRIP-11035,18,10,4,13:00,291,3.59,46,1,Delayed
TRIP-11036,6,4,1,10:00,438,20.78,4,0,On-Time
TRIP-11037,13,9,1,15:00,349,26.45,4,0,On-Time
TRIP-11038,1,5,3,21:00,408,10.98,64,1,Delayed
TRIP-11039,13,10,1,17:00,156,22.03,4,0,On-Time
TRIP-11040,7,9,3,22:00,119,14.87,3,0,On-Time
TRIP-11041,15,3,2,11:00,177,13.4,1,0,On-Time
TRIP-11042,12,4,3,14:00,83,11.18,1,0,On-Time
TRIP-11043,1,9,1,15:00,112,24.98,3,0,On-Time
TRIP-11044,15,10,3,19:00,604,12.77,4,0,On-Time
TRIP-11045,4,6,3,19:00,390,11.0,57,1,Delayed
TRIP-11046,13,2,1,22:00,106,22.98,4,0,On-Time
TRIP-11047,5,7,1,21:00,252,23.51,3,0,On-Time
TRIP-11048,2,2,1,09:00,665,25.39,58,1,Delayed
TRIP-11049,1,2,4,07:00,192,-1.57,58,1,Delayed
TRIP-11050,16,1,1,21:00,174,23.52,2,0,On-Time
TRIP-11051,6,3,2,06:00,398,15.81,4,0,On-Time
TRIP-11052,16,6,1,08:00,499,25.73,3,0,On-Time
TRIP-11053,14,8,1,16:00,213,19.08,4,0,On-Time
TRIP-11054,3,9,2,21:00,203,15.5,0,0,On-Time
TRIP-11055,15,7,4,23:00,430,2.83,4,0,On-Time
TRIP-11056,3,4,2,20:00,643,14.32,30,1,Delayed
TRIP-11057,2,6,3,14:00,432,10.23,4,0,On-Time
TRIP-11058,1,5,2,17:00,312,13.76,2,0,On-Time
TRIP-11059,9,8,1,23:00,92,25.04,2,0,On-Time
TRIP-11060,9,1,1,10:00,638,26.66,3,0,On-Time
TRIP-11061,7,1,2,13:00,244,14.09,31,1,Delayed
TRIP-11062,3,6,4,08:00,459,6.74,62,1,Delayed
TRIP-11063,18,10,3,07:00,164,7.76,1,0,On-Time
TRIP-11064,11,2,1,13:00,327,25.53,2,0,On-Time
TRIP-11065,7,5,1,07:00,135,25.13,2,0,On-Time
TRIP-11066,9,1,1,06:00,251,25.27,0,0,On-Time
TRIP-11067,1,7,4,18:00,352,4.83,30,1,Delayed
TRIP-11068,14,1,3,22:00,211,11.37,1,0,On-Time
TRIP-11069,20,4,3,08:00,448,11.93,2,0,On-Time
TRIP-11070,6,9,1,14:00,447,20.67,3,0,On-Time
TRIP-11071,7,1,2,10:00,588,15.74,2,0,On-Time
TRIP-11072,10,4,2,11:00,388,13.84,59,1,Delayed
TRIP-11073,7,6,1,09:00,697,24.86,3,0,On-Time
TRIP-11074,2,6,2,22:00,424,14.16,32,1,Delayed
TRIP-11075,4,8,1,21:00,258,22.66,2,0,On-Time
TRIP-11076,17,1,1,21:00,108,25.13,4,0,On-Time
TRIP-11077,1,7,3,16:00,386,12.03,2,0,On-Time
TRIP-11078,10,1,3,07:00,385,11.69,25,1,Delayed
TRIP-11079,19,7,1,22:00,446,26.09,0,0,On-Time
TRIP-11080,15,3,2,20:00,184,17.45,1,0,On-Time
TRIP-11081,10,8,1,23:00,188,21.6,4,0,On-Time
TRIP-11082,19,3,3,15:00,395,10.22,4,0,On-Time
TRIP-11083,12,1,3,11:00,225,8.43,4,0,On-Time
TRIP-11084,16,8,3,21:00,355,11.9,3,0,On-Time
TRIP-11085,9,3,3,10:00,360,13.46,1,0,On-Time
TRIP-11086,15,2,1,17:00,395,22.04,0,0,On-Time
TRIP-11087,17,1,1,11:00,336,24.97,3,0,On-Time
TRIP-11088,14,3,2,19:00,566,18.3,17,1,Delayed
TRIP-11089,18,2,1,21:00,166,23.24,3,0,On-Time
TRIP-11090,2,2,3,12:00,233,6.53,30,1,Delayed
TRIP-11091,4,6,1,07:00,364,25.32,4,0,On-Time
TRIP-11092,18,1,1,11:00,394,20.53,4,0,On-Time
TRIP-11093,7,2,1,14:00,398,24.9,0,0,On-Time
TRIP-11094,13,6,4,12:00,177,-0.63,31,1,Delayed
TRIP-11095,15,3,1,07:00,290,26.03,2,0,On-Time
TRIP-11096,1,4,2,13:00,127,15.13,18,1,Delayed
TRIP-11097,11,1,1,16:00,397,27.92,2,0,On-Time
TRIP-11098,10,8,1,09:00,564,30.6,53,1,Delayed
TRIP-11099,5,7,2,21:00,273,15.58,34,1,Delayed
TRIP-11100,16,7,3,23:00,331,10.63,4,0,On-Time
TRIP-11101,11,3,2,18:00,579,16.87,1,0,On-Time
TRIP-11102,6,10,3,10:00,545,12.49,53,1,Delayed
TRIP-11103,9,10,1,07:00,341,17.81,1,0,On-Time
TRIP-11104,13,3,1,16:00,110,26.81,1,0,On-Time
TRIP-11105,8,2,4,06:00,184,0.05,29,1,Delayed
TRIP-11106,14,1,1,18:00,686,27.95,0,0,On-Time
TRIP-11107,1,7,2,10:00,625,13.75,42,1,Delayed
TRIP-11108,17,7,3,23:00,248,8.41,0,0,On-Time
TRIP-11109,5,2,1,19:00,504,25.08,3,0,On-Time
TRIP-11110,2,7,3,18:00,564,9.83,1,0,On-Time
TRIP-11111,9,8,1,12:00,422,25.34,2,0,On-Time
TRIP-11112,4,1,1,13:00,309,21.3,1,0,On-Time
TRIP-11113,17,9,1,23:00,102,23.21,4,0,On-Time
TRIP-11114,17,7,3,12:00,243,11.83,0,0,On-Time
TRIP-11115,18,3,1,22:00,360,27.69,3,0,On-Time
TRIP-11116,16,8,3,21:00,86,12.21,60,1,Delayed
TRIP-11117,8,7,4,16:00,289,3.2,29,1,Delayed
TRIP-11118,11,8,2,06:00,332,15.46,0,0,On-Time
TRIP-11119,18,6,2,13:00,212,14.18,0,0,On-Time
TRIP-11120,10,9,2,06:00,353,17.48,3,0,On-Time
TRIP-11121,13,5,1,14:00,185,26.26,1,0,On-Time
TRIP-11122,17,3,2,14:00,311,13.37,37,1,Delayed
TRIP-11123,18,3,2,15:00,112,15.87,19,1,Delayed
TRIP-11124,10,1,4,16:00,158,-0.67,53,1,Delayed
TRIP-11125,16,8,4,06:00,114,5.82,26,1,Delayed
TRIP-11126,20,2,3,13:00,189,11.0,3,0,On-Time
TRIP-11127,5,3,3,17:00,640,10.57,2,0,On-Time
TRIP-11128,13,8,2,06:00,142,15.16,4,0,On-Time
TRIP-11129,18,8,2,15:00,407,15.77,46,1,Delayed
TRIP-11130,17,4,3,09:00,601,11.53,30,1,Delayed
TRIP-11131,9,4,1,20:00,411,24.92,4,0,On-Time
TRIP-11132,14,5,4,11:00,443,4.02,26,1,Delayed
TRIP-11133,17,6,1,10:00,497,24.03,2,0,On-Time
TRIP-11134,4,5,2,10:00,292,20.27,3,0,On-Time
TRIP-11135,18,7,3,23:00,373,9.94,3,0,On-Time
TRIP-11136,20,2,4,08:00,182,2.45,51,1,Delayed
TRIP-11137,15,7,1,07:00,273,21.53,4,0,On-Time
TRIP-11138,11,10,3,09:00,404,11.5,4,0,On-Time
TRIP-11139,12,7,2,23:00,181,15.01,39,1,Delayed
TRIP-11140,9,1,1,14:00,403,27.14,3,0,On-Time
TRIP-11141,13,7,3,15:00,372,9.9,0,0,On-Time
TRIP-11142,15,5,2,20:00,262,15.9,1,0,On-Time
TRIP-11143,15,3,2,06:00,280,18.57,3,0,On-Time
TRIP-11144,5,3,1,16:00,252,22.89,3,0,On-Time
TRIP-11145,19,4,2,19:00,172,16.82,2,0,On-Time
TRIP-11146,20,2,2,15:00,376,17.1,3,0,On-Time
TRIP-11147,14,2,1,21:00,135,20.36,2,0,On-Time
TRIP-11148,17,1,1,13:00,95,23.11,18,1,Delayed
TRIP-11149,18,5,4,07:00,219,0.88,1,0,On-Time
TRIP-11150,3,4,2,12:00,145,16.85,4,0,On-Time
TRIP-11151,2,10,3,12:00,226,9.26,3,0,On-Time
TRIP-11152,1,2,1,20:00,379,20.24,2,0,On-Time
TRIP-11153,10,3,1,13:00,148,26.45,2,0,On-Time
TRIP-11154,19,7,1,19:00,163,18.85,4,0,On-Time
TRIP-11155,17,7,1,06:00,269,22.58,30,1,Delayed
TRIP-11156,12,4,2,18:00,523,15.52,58,1,Delayed
TRIP-11157,1,5,2,08:00,620,16.72,34,1,Delayed
TRIP-11158,12,5,2,11:00,224,15.42,3,0,On-Time
TRIP-11159,17,6,1,20:00,614,25.2,3,0,On-Time
TRIP-11160,3,9,2,09:00,409,16.3,4,0,On-Time
TRIP-11161,11,2,1,08:00,438,21.17,3,0,On-Time
TRIP-11162,17,5,1,09:00,147,26.7,3,0,On-Time
TRIP-11163,3,3,4,10:00,708,0.18,30,1,Delayed
TRIP-11164,8,4,2,23:00,245,18.67,4,0,On-Time
TRIP-11165,20,10,2,15:00,229,15.32,0,0,On-Time
TRIP-11166,4,6,1,13:00,420,31.01,26,1,Delayed
TRIP-11167,7,8,4,17:00,198,0.75,3,0,On-Time
TRIP-11168,14,1,2,08:00,404,17.19,0,0,On-Time
TRIP-11169,14,10,3,23:00,246,13.58,3,0,On-Time
TRIP-11170,4,8,1,13:00,276,23.94,4,0,On-Time
TRIP-11171,16,7,4,06:00,285,1.62,3,0,On-Time
TRIP-11172,1,1,3,19:00,257,14.27,1,0,On-Time
TRIP-11173,17,2,3,18:00,235,10.07,2,0,On-Time
TRIP-11174,10,3,1,17:00,281,23.71,4,0,On-Time
TRIP-11175,16,1,1,08:00,393,26.8,1,0,On-Time
TRIP-11176,16,9,1,23:00,156,20.2,1,0,On-Time
TRIP-11177,8,8,1,18:00,505,23.3,2,0,On-Time
TRIP-11178,7,2,3,20:00,440,12.78,1,0,On-Time
TRIP-11179,6,9,1,15:00,370,20.8,2,0,On-Time
TRIP-11180,16,7,1,06:00,215,13.38,3,0,On-Time
TRIP-11181,20,9,1,11:00,387,28.34,4,0,On-Time
TRIP-11182,16,6,1,14:00,375,23.94,4,0,On-Time
TRIP-11183,7,6,1,15:00,448,20.23,4,0,On-Time
TRIP-11184,9,4,3,20:00,713,9.8,2,0,On-Time
TRIP-11185,14,10,2,14:00,115,16.37,35,1,Delayed
TRIP-11186,11,10,1,19:00,523,20.9,1,0,On-Time
TRIP-11187,14,2,1,16:00,333,25.11,4,0,On-Time
TRIP-11188,7,7,1,12:00,293,24.15,1,0,On-Time
TRIP-11189,1,5,1,07:00,331,22.16,3,0,On-Time
TRIP-11190,13,6,2,19:00,238,17.02,1,0,On-Time
TRIP-11191,20,2,3,11:00,313,8.23,4,0,On-Time
TRIP-11192,3,5,3,10:00,652,15.09,2,0,On-Time
TRIP-11193,20,10,3,10:00,152,9.99,1,0,On-Time
TRIP-11194,4,4,1,11:00,253,21.61,1,0,On-Time
TRIP-11195,11,9,4,15:00,266,0.4,2,0,On-Time
TRIP-11196,2,6,3,19:00,596,6.74,2,0,On-Time
TRIP-11197,14,2,4,22:00,304,4.93,4,0,On-Time
TRIP-11198,12,1,1,08:00,564,25.76,57,1,Delayed
TRIP-11199,17,5,4,06:00,91,-0.18,4,0,On-Time
TRIP-11200,12,9,3,15:00,389,10.24,48,1,Delayed
TRIP-11201,12,6,3,08:00,476,8.59,4,0,On-Time
TRIP-11202,1,10,1,10:00,128,22.69,4,0,On-Time
TRIP-11203,13,7,3,15:00,190,9.95,2,0,On-Time
TRIP-11204,14,5,4,21:00,356,1.94,20,1,Delayed
TRIP-11205,2,10,2,06:00,208,14.51,3,0,On-Time
TRIP-11206,12,6,2,11:00,172,23.37,4,0,On-Time
TRIP-11207,16,5,4,14:00,118,0.66,30,1,Delayed
TRIP-11208,4,9,1,10:00,632,23.98,2,0,On-Time
TRIP-11209,8,6,2,19:00,380,13.42,1,0,On-Time
TRIP-11210,2,8,2,15:00,265,13.11,0,0,On-Time
TRIP-11211,10,2,4,07:00,432,1.49,17,1,Delayed
TRIP-11212,9,9,1,10:00,536,22.82,1,0,On-Time
TRIP-11213,15,5,2,06:00,318,18.42,1,0,On-Time
TRIP-11214,13,7,2,15:00,183,16.0,0,0,On-Time
TRIP-11215,17,10,3,14:00,445,11.06,2,0,On-Time
TRIP-11216,16,1,2,08:00,172,15.44,39,1,Delayed
TRIP-11217,2,10,4,20:00,268,4.05,3,0,On-Time
TRIP-11218,20,5,4,09:00,208,1.68,51,1,Delayed
TRIP-11219,20,10,1,18:00,708,26.85,4,0,On-Time
TRIP-11220,14,2,1,11:00,226,19.51,4,0,On-Time
TRIP-11221,3,6,1,22:00,393,23.24,34,1,Delayed
TRIP-11222,12,1,1,10:00,184,25.3,3,0,On-Time
TRIP-11223,8,3,2,20:00,580,11.59,49,1,Delayed
TRIP-11224,2,5,4,13:00,180,-1.37,57,1,Delayed
TRIP-11225,4,4,3,10:00,297,12.27,2,0,On-Time
TRIP-11226,14,3,1,18:00,678,21.47,3,0,On-Time
TRIP-11227,16,10,1,06:00,370,26.93,0,0,On-Time
TRIP-11228,19,5,2,06:00,428,13.4,1,0,On-Time
TRIP-11229,2,8,2,12:00,184,16.36,0,0,On-Time
TRIP-11230,12,4,1,10:00,480,25.26,0,0,On-Time
TRIP-11231,14,1,3,19:00,248,12.4,2,0,On-Time
TRIP-11232,6,7,4,20:00,489,1.08,55,1,Delayed
TRIP-11233,13,8,1,22:00,163,25.88,57,1,Delayed
TRIP-11234,4,3,3,23:00,155,12.5,0,0,On-Time
TRIP-11235,18,6,1,12:00,328,25.55,0,0,On-Time
TRIP-11236,12,2,3,23:00,334,9.4,1,0,On-Time
TRIP-11237,20,7,2,12:00,129,13.63,1,0,On-Time
TRIP-11238,19,8,1,13:00,435,25.38,30,1,Delayed
TRIP-11239,8,6,4,18:00,462,3.51,2,0,On-Time
TRIP-11240,7,6,2,23:00,237,12.56,0,0,On-Time
TRIP-11241,16,5,3,16:00,407,10.72,4,0,On-Time
TRIP-11242,19,8,1,14:00,312,23.76,0,0,On-Time
TRIP-11243,6,1,1,06:00,156,24.69,0,0,On-Time
TRIP-11244,20,10,1,13:00,302,26.48,2,0,On-Time
TRIP-11245,11,4,2,17:00,320,15.74,3,0,On-Time
TRIP-11246,5,4,2,07:00,389,13.22,25,1,Delayed
TRIP-11247,16,3,1,20:00,649,25.13,43,1,Delayed
TRIP-11248,7,3,2,23:00,420,17.54,2,0,On-Time
TRIP-11249,5,4,2,22:00,437,17.42,3,0,On-Time
TRIP-11250,11,1,3,20:00,297,9.96,0,0,On-Time
TRIP-11251,15,2,2,14:00,320,13.65,24,1,Delayed
TRIP-11252,3,9,4,08:00,171,-1.45,2,0,On-Time
TRIP-11253,5,10,2,23:00,271,13.54,4,0,On-Time
TRIP-11254,5,2,2,13:00,328,15.11,27,1,Delayed
TRIP-11255,9,5,1,06:00,443,21.03,3,0,On-Time
TRIP-11256,15,9,1,20:00,467,27.85,2,0,On-Time
TRIP-11257,3,9,1,15:00,100,22.62,0,0,On-Time
TRIP-11258,6,8,2,17:00,374,20.76,42,1,Delayed
TRIP-11259,17,1,1,11:00,106,23.32,0,0,On-Time
TRIP-11260,8,1,1,18:00,249,25.51,4,0,On-Time
TRIP-11261,11,9,3,09:00,616,9.94,1,0,On-Time
TRIP-11262,6,8,1,18:00,217,26.73,3,0,On-Time
TRIP-11263,8,10,1,22:00,198,25.97,2,0,On-Time
TRIP-11264,10,9,1,06:00,244,24.85,2,0,On-Time
TRIP-11265,3,7,3,10:00,228,12.3,3,0,On-Time
TRIP-11266,14,3,1,22:00,127,26.1,0,0,On-Time
TRIP-11267,14,3,2,23:00,229,14.0,1,0,On-Time
TRIP-11268,10,2,2,12:00,237,13.31,4,0,On-Time
TRIP-11269,12,5,2,21:00,235,15.12,3,0,On-Time
TRIP-11270,6,3,2,13:00,230,13.33,1,0,On-Time
TRIP-11271,12,6,3,17:00,486,12.19,2,0,On-Time
TRIP-11272,14,2,1,19:00,542,21.59,1,0,On-Time
TRIP-11273,2,3,1,16:00,335,18.64,64,1,Delayed
TRIP-11274,9,5,1,17:00,224,23.12,1,0,On-Time
TRIP-11275,10,1,1,18:00,689,22.64,2,0,On-Time
TRIP-11276,17,1,1,13:00,339,23.07,4,0,On-Time
TRIP-11277,17,10,1,06:00,400,26.56,4,0,On-Time
TRIP-11278,3,9,2,14:00,241,14.75,4,0,On-Time
TRIP-11279,19,7,2,07:00,428,18.19,2,0,On-Time
TRIP-11280,1,1,1,19:00,176,22.18,0,0,On-Time
TRIP-11281,12,8,3,18:00,240,7.46,2,0,On-Time
TRIP-11282,7,3,1,21:00,81,22.54,0,0,On-Time
TRIP-11283,4,8,1,07:00,129,18.48,0,0,On-Time
TRIP-11284,10,5,2,09:00,342,15.43,2,0,On-Time
TRIP-11285,13,1,1,17:00,360,27.78,1,0,On-Time
TRIP-11286,2,7,1,21:00,258,23.0,2,0,On-Time
TRIP-11287,10,5,1,15:00,343,26.5,4,0,On-Time
TRIP-11288,4,6,4,08:00,624,3.33,1,0,On-Time
TRIP-11289,18,6,3,09:00,452,11.21,3,0,On-Time
TRIP-11290,5,8,1,11:00,378,23.27,3,0,On-Time
TRIP-11291,19,9,3,10:00,425,14.43,3,0,On-Time
TRIP-11292,2,2,3,23:00,109,14.58,4,0,On-Time
TRIP-11293,12,9,2,08:00,220,17.5,55,1,Delayed
TRIP-11294,17,10,3,15:00,88,11.21,0,0,On-Time
TRIP-11295,10,9,1,16:00,403,22.27,4,0,On-Time
TRIP-11296,2,10,1,19:00,393,24.64,0,0,On-Time
TRIP-11297,6,10,2,16:00,416,16.05,3,0,On-Time
TRIP-11298,8,7,2,09:00,572,16.62,2,0,On-Time
TRIP-11299,19,1,2,11:00,270,13.04,2,0,On-Time
TRIP-11300,11,7,2,22:00,321,16.44,4,0,On-Time
TRIP-11301,12,10,4,18:00,571,0.12,57,1,Delayed
TRIP-11302,9,5,4,15:00,233,2.8,41,1,Delayed
TRIP-11303,2,6,3,16:00,239,10.23,0,0,On-Time
TRIP-11304,8,10,3,11:00,344,11.31,0,0,On-Time
TRIP-11305,11,7,4,07:00,314,2.4,59,1,Delayed
TRIP-11306,4,5,1,06:00,425,21.44,4,0,On-Time
TRIP-11307,10,7,1,16:00,278,27.63,18,1,Delayed
TRIP-11308,20,9,2,21:00,112,15.0,3,0,On-Time
TRIP-11309,16,3,3,08:00,268,10.17,2,0,On-Time
TRIP-11310,8,8,2,10:00,278,11.05,16,1,Delayed
TRIP-11311,4,2,3,20:00,480,8.78,0,0,On-Time
TRIP-11312,10,7,1,20:00,236,24.85,3,0,On-Time
TRIP-11313,12,2,1,09:00,596,24.92,2,0,On-Time
TRIP-11314,14,4,3,09:00,505,11.6,4,0,On-Time
TRIP-11315,16,7,1,13:00,239,21.98,1,0,On-Time
TRIP-11316,18,3,1,12:00,399,19.18,1,0,On-Time
TRIP-11317,12,2,1,22:00,407,20.46,3,0,On-Time
TRIP-11318,18,10,1,20:00,568,28.77,0,0,On-Time
TRIP-11319,7,7,3,10:00,590,10.33,28,1,Delayed
TRIP-11320,20,1,1,18:00,713,28.09,4,0,On-Time
TRIP-11321,7,8,2,09:00,193,17.92,60,1,Delayed
TRIP-11322,9,3,1,22:00,145,21.08,4,0,On-Time
TRIP-11323,1,2,3,22:00,100,9.07,1,0,On-Time
TRIP-11324,6,3,1,19:00,662,27.95,2,0,On-Time
TRIP-11325,6,5,2,19:00,238,14.19,4,0,On-Time
TRIP-11326,12,8,3,22:00,340,14.72,0,0,On-Time
TRIP-11327,12,10,1,13:00,325,24.37,3,0,On-Time
TRIP-11328,10,7,3,07:00,402,11.95,3,0,On-Time
TRIP-11329,6,7,2,18:00,502,18.09,54,1,Delayed
TRIP-11330,17,7,1,21:00,351,19.44,2,0,On-Time
TRIP-11331,19,8,1,21:00,178,22.92,3,0,On-Time
TRIP-11332,18,1,4,11:00,408,2.33,3,0,On-Time
TRIP-11333,6,4,3,09:00,182,14.02,1,0,On-Time
TRIP-11334,19,6,1,08:00,668,20.25,2,0,On-Time
TRIP-11335,10,9,1,11:00,250,26.75,2,0,On-Time
TRIP-11336,8,2,3,09:00,302,9.41,1,0,On-Time
TRIP-11337,6,1,2,23:00,374,16.1,0,0,On-Time
TRIP-11338,7,10,3,11:00,89,12.97,3,0,On-Time
TRIP-11339,1,2,1,10:00,449,29.69,0,0,On-Time
TRIP-11340,18,7,3,14:00,336,12.02,1,0,On-Time
TRIP-11341,20,3,1,16:00,341,25.47,1,0,On-Time
TRIP-11342,12,10,1,11:00,260,23.29,1,0,On-Time
TRIP-11343,16,2,2,21:00,145,17.91,1,0,On-Time
TRIP-11344,10,7,4,16:00,373,1.04,28,1,Delayed
TRIP-11345,10,2,1,20:00,384,28.4,1,0,On-Time
TRIP-11346,14,3,2,14:00,146,13.23,17,1,Delayed
TRIP-11347,20,7,2,14:00,179,14.87,1,0,On-Time
TRIP-11348,10,4,2,09:00,249,17.68,0,0,On-Time
TRIP-11349,10,1,3,15:00,114,11.52,1,0,On-Time
TRIP-11350,11,5,3,14:00,124,12.28,23,1,Delayed
TRIP-11351,2,9,1,20:00,366,25.23,62,1,Delayed
TRIP-11352,20,8,4,07:00,147,2.93,1,0,On-Time
TRIP-11353,8,9,3,15:00,333,11.27,3,0,On-Time
TRIP-11354,7,10,3,22:00,96,10.17,4,0,On-Time
TRIP-11355,8,9,2,07:00,340,18.63,18,1,Delayed
TRIP-11356,1,7,3,22:00,292,15.18,3,0,On-Time
TRIP-11357,2,4,1,23:00,392,26.43,4,0,On-Time
TRIP-11358,18,5,1,22:00,335,28.03,1,0,On-Time
TRIP-11359,15,1,3,07:00,295,9.55,3,0,On-Time
TRIP-11360,1,1,1,06:00,430,25.23,1,0,On-Time
TRIP-11361,5,3,1,16:00,365,28.23,4,0,On-Time
TRIP-11362,2,8,3,15:00,86,12.88,2,0,On-Time
TRIP-11363,20,2,3,10:00,444,11.44,63,1,Delayed
TRIP-11364,3,4,1,21:00,170,26.88,0,0,On-Time
TRIP-11365,19,2,3,10:00,361,12.37,4,0,On-Time
TRIP-11366,18,5,2,17:00,366,18.81,2,0,On-Time
TRIP-11367,18,9,2,09:00,209,19.33,4,0,On-Time
TRIP-11368,14,1,3,11:00,322,9.79,1,0,On-Time
TRIP-11369,8,5,1,14:00,298,22.99,20,1,Delayed
TRIP-11370,12,9,1,17:00,136,25.33,1,0,On-Time
TRIP-11371,10,1,1,20:00,300,21.23,2,0,On-Time
TRIP-11372,20,9,2,21:00,430,14.94,1,0,On-Time
TRIP-11373,17,8,2,18:00,232,19.67,4,0,On-Time
TRIP-11374,11,4,3,12:00,89,9.77,4,0,On-Time
TRIP-11375,2,10,3,09:00,449,12.94,4,0,On-Time
TRIP-11376,4,5,2,16:00,361,17.29,3,0,On-Time
TRIP-11377,1,5,3,13:00,293,13.44,4,0,On-Time
TRIP-11378,15,6,1,11:00,147,23.45,1,0,On-Time
TRIP-11379,13,7,1,15:00,326,25.65,3,0,On-Time
TRIP-11380,8,8,3,12:00,433,10.26,3,0,On-Time
TRIP-11381,4,8,1,12:00,406,22.19,3,0,On-Time
TRIP-11382,10,2,1,09:00,206,22.79,3,0,On-Time
TRIP-11383,19,9,2,08:00,153,13.28,2,0,On-Time
TRIP-11384,18,7,1,12:00,90,23.64,4,0,On-Time
TRIP-11385,5,4,3,09:00,620,14.49,2,0,On-Time
TRIP-11386,19,4,1,18:00,616,19.69,0,0,On-Time
TRIP-11387,16,8,1,22:00,203,24.78,2,0,On-Time
TRIP-11388,1,4,1,12:00,304,26.01,3,0,On-Time
TRIP-11389,12,6,2,22:00,323,16.75,48,1,Delayed
TRIP-11390,2,5,1,09:00,635,21.98,4,0,On-Time
TRIP-11391,8,3,2,16:00,411,17.14,49,1,Delayed
TRIP-11392,18,10,3,08:00,680,11.67,2,0,On-Time
TRIP-11393,16,2,4,16:00,108,0.22,38,1,Delayed
TRIP-11394,5,9,1,08:00,699,25.33,0,0,On-Time
TRIP-11395,13,10,2,17:00,697,12.16,30,1,Delayed
TRIP-11396,19,9,2,06:00,445,16.61,2,0,On-Time
TRIP-11397,3,1,4,09:00,710,-0.68,43,1,Delayed
TRIP-11398,8,10,4,19:00,582,0.48,0,0,On-Time
TRIP-11399,12,3,1,06:00,138,23.91,1,0,On-Time
TRIP-11400,2,8,3,19:00,355,14.14,2,0,On-Time
TRIP-11401,11,6,1,18:00,648,24.31,4,0,On-Time
TRIP-11402,12,5,1,18:00,689,26.58,1,0,On-Time
TRIP-11403,18,5,1,20:00,606,25.35,0,0,On-Time
TRIP-11404,13,6,2,22:00,305,15.3,1,0,On-Time
TRIP-11405,5,7,2,17:00,388,18.11,4,0,On-Time
TRIP-11406,12,1,1,19:00,260,24.6,4,0,On-Time
TRIP-11407,2,9,2,17:00,627,15.42,0,0,On-Time
TRIP-11408,5,3,1,23:00,196,21.85,1,0,On-Time
TRIP-11409,7,4,2,09:00,638,15.78,1,0,On-Time
TRIP-11410,12,10,1,19:00,452,17.95,45,1,Delayed
TRIP-11411,16,1,1,18:00,694,28.04,59,1,Delayed
TRIP-11412,8,10,1,23:00,373,17.34,1,0,On-Time
TRIP-11413,9,3,1,16:00,224,23.54,2,0,On-Time
TRIP-11414,15,2,2,11:00,106,17.28,3,0,On-Time
TRIP-11415,5,2,1,14:00,96,20.43,0,0,On-Time
TRIP-11416,13,1,2,17:00,227,15.99,52,1,Delayed
TRIP-11417,5,8,1,19:00,553,24.95,0,0,On-Time
TRIP-11418,11,3,2,20:00,228,17.13,55,1,Delayed
TRIP-11419,10,3,3,16:00,118,10.24,2,0,On-Time
TRIP-11420,20,6,1,11:00,209,22.6,4,0,On-Time
TRIP-11421,13,8,2,19:00,310,13.39,4,0,On-Time
TRIP-11422,9,9,1,08:00,198,23.69,4,0,On-Time
TRIP-11423,14,9,2,16:00,295,21.62,3,0,On-Time
TRIP-11424,18,4,1,22:00,167,22.63,2,0,On-Time
TRIP-11425,15,5,2,22:00,415,10.73,4,0,On-Time
TRIP-11426,10,2,2,08:00,409,18.04,2,0,On-Time
TRIP-11427,7,9,4,19:00,550,1.72,3,0,On-Time
TRIP-11428,8,8,2,12:00,184,14.85,3,0,On-Time
TRIP-11429,3,3,2,08:00,660,21.1,29,1,Delayed
TRIP-11430,15,9,1,07:00,380,23.51,4,0,On-Time
TRIP-11431,16,3,4,22:00,250,3.6,62,1,Delayed
TRIP-11432,4,9,3,14:00,187,13.43,1,0,On-Time
TRIP-11433,6,2,1,11:00,434,26.71,2,0,On-Time
TRIP-11434,1,10,3,14:00,240,10.05,3,0,On-Time
TRIP-11435,4,9,1,10:00,579,17.75,4,0,On-Time
TRIP-11436,11,8,3,07:00,119,12.5,1,0,On-Time
TRIP-11437,12,9,3,20:00,168,14.39,2,0,On-Time
TRIP-11438,5,5,1,14:00,162,21.61,0,0,On-Time
TRIP-11439,16,2,3,15:00,252,7.32,0,0,On-Time
TRIP-11440,13,8,1,09:00,403,26.67,3,0,On-Time
TRIP-11441,13,6,1,15:00,361,24.32,3,0,On-Time
TRIP-11442,17,8,1,13:00,149,23.59,22,1,Delayed
TRIP-11443,7,5,3,18:00,643,16.27,2,0,On-Time
TRIP-11444,8,10,1,12:00,85,22.8,0,0,On-Time
TRIP-11445,13,2,1,12:00,363,23.27,0,0,On-Time
TRIP-11446,16,6,3,09:00,438,9.49,3,0,On-Time
TRIP-11447,4,5,1,20:00,147,18.71,3,0,On-Time
TRIP-11448,8,5,1,17:00,227,27.82,4,0,On-Time
TRIP-11449,16,1,1,21:00,92,30.88,0,0,On-Time
TRIP-11450,10,2,1,11:00,328,27.8,3,0,On-Time
TRIP-11451,12,8,2,14:00,284,18.59,3,0,On-Time
TRIP-11452,12,3,1,08:00,531,22.54,3,0,On-Time
TRIP-11453,5,10,4,13:00,119,1.41,4,0,On-Time
TRIP-11454,16,3,3,12:00,244,10.16,0,0,On-Time
TRIP-11455,1,8,1,09:00,176,22.48,0,0,On-Time
TRIP-11456,9,8,1,18:00,153,23.7,0,0,On-Time
TRIP-11457,12,2,1,12:00,216,20.63,4,0,On-Time
TRIP-11458,5,8,2,15:00,444,16.96,2,0,On-Time
TRIP-11459,20,1,1,17:00,638,20.38,4,0,On-Time
TRIP-11460,3,6,1,08:00,627,26.17,1,0,On-Time
TRIP-11461,5,8,3,17:00,390,10.36,15,1,Delayed
TRIP-11462,2,3,1,20:00,576,24.15,1,0,On-Time
TRIP-11463,14,8,1,13:00,302,22.67,3,0,On-Time
TRIP-11464,2,1,3,17:00,321,9.95,1,0,On-Time
TRIP-11465,13,9,2,11:00,157,16.44,4,0,On-Time
TRIP-11466,7,9,1,15:00,392,24.86,2,0,On-Time
TRIP-11467,10,5,2,07:00,406,14.77,0,0,On-Time
TRIP-11468,13,10,1,18:00,267,22.31,4,0,On-Time
TRIP-11469,16,4,3,12:00,192,10.74,0,0,On-Time
TRIP-11470,14,6,2,13:00,179,15.81,1,0,On-Time
TRIP-11471,11,7,3,21:00,382,9.63,3,0,On-Time
TRIP-11472,10,5,4,16:00,318,0.99,45,1,Delayed
TRIP-11473,6,10,4,09:00,680,3.38,4,0,On-Time
TRIP-11474,4,9,4,22:00,190,-1.51,39,1,Delayed
TRIP-11475,1,3,2,21:00,169,14.43,63,1,Delayed
TRIP-11476,7,7,1,16:00,218,27.16,0,0,On-Time
TRIP-11477,9,10,2,12:00,214,13.4,1,0,On-Time
TRIP-11478,8,10,2,18:00,145,13.1,25,1,Delayed
TRIP-11479,5,5,3,22:00,323,11.56,3,0,On-Time
TRIP-11480,19,7,1,18:00,417,23.37,2,0,On-Time
TRIP-11481,10,2,4,17:00,438,0.66,2,0,On-Time
TRIP-11482,11,4,3,12:00,441,11.5,0,0,On-Time
TRIP-11483,15,2,4,06:00,201,-1.94,1,0,On-Time
TRIP-11484,6,7,3,06:00,132,8.24,0,0,On-Time
TRIP-11485,15,2,1,19:00,696,17.53,43,1,Delayed
TRIP-11486,5,1,1,20:00,403,26.28,0,0,On-Time
TRIP-11487,19,9,1,16:00,258,23.46,2,0,On-Time
TRIP-11488,19,1,1,14:00,372,26.88,0,0,On-Time
TRIP-11489,10,8,2,22:00,138,18.63,34,1,Delayed
TRIP-11490,12,2,3,09:00,212,9.95,0,0,On-Time
TRIP-11491,4,8,3,12:00,336,12.43,1,0,On-Time
TRIP-11492,18,3,2,06:00,324,15.68,15,1,Delayed
TRIP-11493,16,6,1,14:00,228,23.05,1,0,On-Time
TRIP-11494,8,3,1,18:00,580,21.0,1,0,On-Time
TRIP-11495,4,7,1,07:00,447,27.64,1,0,On-Time
TRIP-11496,12,10,1,07:00,95,23.14,1,0,On-Time
TRIP-11497,2,9,2,20:00,408,20.42,44,1,Delayed
TRIP-11498,4,2,1,22:00,107,22.8,4,0,On-Time
TRIP-11499,5,5,1,18:00,715,21.84,3,0,On-Time
TRIP-11500,3,6,1,12:00,208,26.32,0,0,On-Time
TRIP-11501,9,4,2,14:00,302,16.34,3,0,On-Time
TRIP-11502,18,4,2,17:00,516,14.21,3,0,On-Time
TRIP-11503,11,4,2,08:00,692,19.74,36,1,Delayed
TRIP-11504,3,2,1,20:00,507,22.2,0,0,On-Time
TRIP-11505,2,4,4,12:00,311,3.02,47,1,Delayed
TRIP-11506,9,1,1,06:00,405,26.7,2,0,On-Time
TRIP-11507,14,6,2,19:00,273,13.4,53,1,Delayed
TRIP-11508,4,1,3,21:00,82,11.59,3,0,On-Time
TRIP-11509,9,10,2,15:00,160,13.7,31,1,Delayed
TRIP-11510,13,6,4,06:00,123,1.33,2,0,On-Time
TRIP-11511,18,1,1,10:00,374,28.2,3,0,On-Time
TRIP-11512,15,6,2,08:00,164,16.53,0,0,On-Time
TRIP-11513,10,10,1,22:00,178,24.76,1,0,On-Time
TRIP-11514,16,8,2,23:00,447,15.61,1,0,On-Time
TRIP-11515,12,2,1,23:00,250,33.45,48,1,Delayed
TRIP-11516,20,2,1,21:00,227,20.94,1,0,On-Time
TRIP-11517,5,4,2,07:00,202,13.7,4,0,On-Time
TRIP-11518,2,3,2,20:00,305,15.11,41,1,Delayed
TRIP-11519,10,4,1,18:00,334,28.21,2,0,On-Time
TRIP-11520,1,7,2,18:00,235,11.64,47,1,Delayed
TRIP-11521,7,1,2,21:00,426,15.65,40,1,Delayed
TRIP-11522,17,6,1,13:00,395,22.8,0,0,On-Time
TRIP-11523,16,3,2,16:00,296,17.4,4,0,On-Time
TRIP-11524,3,10,3,13:00,175,9.71,42,1,Delayed
TRIP-11525,14,7,2,15:00,224,17.23,2,0,On-Time
TRIP-11526,10,10,1,06:00,112,26.47,0,0,On-Time
TRIP-11527,7,2,1,17:00,584,28.99,0,0,On-Time
TRIP-11528,17,2,2,14:00,84,14.32,1,0,On-Time
TRIP-11529,6,4,4,10:00,315,2.04,20,1,Delayed
TRIP-11530,4,1,2,14:00,219,19.32,1,0,On-Time
TRIP-11531,17,3,1,21:00,309,25.72,3,0,On-Time
TRIP-11532,9,9,2,23:00,239,15.78,4,0,On-Time
TRIP-11533,4,7,3,13:00,373,6.05,4,0,On-Time
TRIP-11534,7,7,1,16:00,328,26.52,1,0,On-Time
TRIP-11535,2,4,4,09:00,563,0.75,30,1,Delayed
TRIP-11536,17,2,4,15:00,265,-2.19,20,1,Delayed
TRIP-11537,8,4,1,18:00,710,19.7,4,0,On-Time
TRIP-11538,15,6,4,19:00,190,0.32,59,1,Delayed
TRIP-11539,15,3,1,07:00,303,24.8,4,0,On-Time
TRIP-11540,8,1,3,09:00,369,7.99,4,0,On-Time
TRIP-11541,16,8,1,12:00,219,20.84,2,0,On-Time
TRIP-11542,19,5,1,22:00,446,24.97,2,0,On-Time
TRIP-11543,11,5,2,21:00,207,15.76,3,0,On-Time
TRIP-11544,2,4,3,18:00,688,15.08,3,0,On-Time
TRIP-11545,17,6,1,23:00,226,22.62,0,0,On-Time
TRIP-11546,16,3,2,17:00,582,13.28,1,0,On-Time
TRIP-11547,15,9,1,06:00,297,20.11,4,0,On-Time
TRIP-11548,13,5,1,20:00,478,29.22,0,0,On-Time
TRIP-11549,15,3,1,08:00,358,25.42,42,1,Delayed
TRIP-11550,4,1,2,11:00,408,16.44,4,0,On-Time
TRIP-11551,16,10,1,19:00,569,27.68,0,0,On-Time
TRIP-11552,12,6,1,11:00,321,25.98,2,0,On-Time
TRIP-11553,4,2,1,06:00,139,27.58,3,0,On-Time
TRIP-11554,3,3,1,11:00,177,22.32,1,0,On-Time
TRIP-11555,17,1,2,13:00,410,16.46,1,0,On-Time
TRIP-11556,18,9,4,20:00,716,-0.69,39,1,Delayed
TRIP-11557,18,8,1,19:00,416,30.35,2,0,On-Time
TRIP-11558,17,2,4,21:00,193,2.22,0,0,On-Time
TRIP-11559,12,8,3,21:00,182,11.34,2,0,On-Time
TRIP-11560,4,9,2,06:00,415,13.62,2,0,On-Time
TRIP-11561,12,1,2,09:00,636,16.96,1,0,On-Time
TRIP-11562,20,5,3,15:00,136,12.44,3,0,On-Time
TRIP-11563,15,8,1,23:00,364,24.83,3,0,On-Time
TRIP-11564,16,2,2,07:00,208,14.87,4,0,On-Time
TRIP-11565,5,4,2,09:00,630,15.27,57,1,Delayed
TRIP-11566,15,7,2,20:00,264,17.67,1,0,On-Time
TRIP-11567,17,3,3,09:00,446,7.82,2,0,On-Time
TRIP-11568,18,5,1,21:00,150,28.78,4,0,On-Time
TRIP-11569,5,8,2,20:00,678,17.12,38,1,Delayed
TRIP-11570,13,10,2,23:00,177,15.79,2,0,On-Time
TRIP-11571,19,3,1,12:00,379,26.78,3,0,On-Time
TRIP-11572,13,4,1,20:00,408,21.87,3,0,On-Time
TRIP-11573,18,9,2,16:00,312,14.68,39,1,Delayed
TRIP-11574,14,7,3,13:00,154,11.75,3,0,On-Time
TRIP-11575,4,1,2,06:00,222,16.31,2,0,On-Time
TRIP-11576,4,4,3,08:00,163,7.47,23,1,Delayed
TRIP-11577,20,4,1,10:00,416,29.92,0,0,On-Time
TRIP-11578,20,9,1,23:00,124,25.6,4,0,On-Time
TRIP-11579,19,6,1,17:00,273,27.97,3,0,On-Time
TRIP-11580,13,9,1,17:00,556,24.6,1,0,On-Time
TRIP-11581,12,6,1,14:00,113,22.89,60,1,Delayed
TRIP-11582,7,6,1,16:00,245,26.91,2,0,On-Time
TRIP-11583,12,5,3,22:00,149,11.86,4,0,On-Time
TRIP-11584,4,5,3,21:00,443,17.69,3,0,On-Time
TRIP-11585,2,2,1,09:00,440,21.46,4,0,On-Time
TRIP-11586,2,8,1,15:00,212,27.03,2,0,On-Time
TRIP-11587,5,8,1,20:00,521,21.62,2,0,On-Time
TRIP-11588,10,1,2,08:00,395,17.73,3,0,On-Time
TRIP-11589,10,8,1,10:00,569,20.71,2,0,On-Time
TRIP-11590,9,5,1,16:00,235,21.46,3,0,On-Time
TRIP-11591,13,2,4,10:00,163,5.84,4,0,On-Time
TRIP-11592,7,2,3,12:00,279,11.88,4,0,On-Time
TRIP-11593,5,6,1,11:00,354,24.65,0,0,On-Time
TRIP-11594,10,9,1,18:00,206,22.42,3,0,On-Time
TRIP-11595,10,1,1,07:00,265,27.34,1,0,On-Time
TRIP-11596,6,6,3,16:00,99,11.41,3,0,On-Time
TRIP-11597,19,9,2,10:00,312,15.88,4,0,On-Time
TRIP-11598,8,8,1,14:00,171,23.53,4,0,On-Time
TRIP-11599,1,6,3,11:00,428,7.89,2,0,On-Time
TRIP-11600,17,3,1,22:00,418,27.38,0,0,On-Time
TRIP-11601,7,8,1,13:00,132,22.07,42,1,Delayed
TRIP-11602,14,9,1,12:00,202,29.09,0,0,On-Time
TRIP-11603,17,1,2,10:00,672,15.52,50,1,Delayed
TRIP-11604,9,9,1,20:00,667,24.97,3,0,On-Time
TRIP-11605,17,6,1,15:00,344,24.21,4,0,On-Time
TRIP-11606,5,6,1,21:00,83,23.66,2,0,On-Time
TRIP-11607,20,4,1,14:00,248,26.05,1,0,On-Time
TRIP-11608,8,1,3,12:00,360,9.04,2,0,On-Time
TRIP-11609,6,10,1,16:00,369,25.61,1,0,On-Time
TRIP-11610,11,8,1,14:00,152,20.81,0,0,On-Time
TRIP-11611,19,2,2,22:00,216,17.22,4,0,On-Time
TRIP-11612,4,1,3,14:00,417,9.66,49,1,Delayed
TRIP-11613,18,2,3,08:00,536,10.14,47,1,Delayed
TRIP-11614,1,1,2,13:00,220,16.35,4,0,On-Time
TRIP-11615,13,1,1,21:00,287,23.85,1,0,On-Time
TRIP-11616,14,9,3,12:00,339,12.95,4,0,On-Time
TRIP-11617,1,1,2,12:00,342,17.9,3,0,On-Time
TRIP-11618,11,4,1,18:00,560,24.48,39,1,Delayed
TRIP-11619,17,10,4,08:00,187,0.78,59,1,Delayed
TRIP-11620,4,6,1,17:00,451,23.13,60,1,Delayed
TRIP-11621,12,7,4,13:00,303,1.17,58,1,Delayed
TRIP-11622,10,2,3,18:00,681,10.94,4,0,On-Time
TRIP-11623,6,6,2,21:00,131,14.04,3,0,On-Time
TRIP-11624,1,7,4,12:00,160,0.1,48,1,Delayed
TRIP-11625,7,10,3,09:00,696,13.68,0,0,On-Time
TRIP-11626,16,10,1,17:00,464,19.91,0,0,On-Time
TRIP-11627,14,2,1,22:00,86,28.24,4,0,On-Time
TRIP-11628,20,2,1,06:00,442,25.07,3,0,On-Time
TRIP-11629,20,10,1,22:00,124,26.88,57,1,Delayed
TRIP-11630,6,7,3,07:00,394,12.86,1,0,On-Time
TRIP-11631,5,1,1,11:00,356,20.63,2,0,On-Time
TRIP-11632,18,8,1,17:00,540,22.96,0,0,On-Time
TRIP-11633,15,3,2,16:00,221,17.02,39,1,Delayed
TRIP-11634,6,6,3,16:00,337,11.8,55,1,Delayed
TRIP-11635,19,9,1,23:00,364,25.53,0,0,On-Time
TRIP-11636,1,6,1,13:00,116,20.05,0,0,On-Time
TRIP-11637,1,9,1,12:00,124,21.08,2,0,On-Time
TRIP-11638,13,7,2,19:00,318,15.79,4,0,On-Time
TRIP-11639,3,9,1,21:00,125,23.61,46,1,Delayed
TRIP-11640,10,2,2,17:00,350,15.82,22,1,Delayed
TRIP-11641,3,8,1,14:00,132,23.59,17,1,Delayed
TRIP-11642,9,8,1,21:00,380,20.78,4,0,On-Time
TRIP-11643,8,2,4,21:00,367,4.8,50,1,Delayed
TRIP-11644,3,4,1,14:00,353,24.28,1,0,On-Time
TRIP-11645,13,7,1,18:00,556,25.45,2,0,On-Time
TRIP-11646,6,4,1,10:00,572,20.45,0,0,On-Time
TRIP-11647,13,4,2,15:00,141,15.75,3,0,On-Time
TRIP-11648,20,6,2,12:00,133,15.64,3,0,On-Time
TRIP-11649,20,10,1,14:00,148,17.01,0,0,On-Time
TRIP-11650,12,6,1,19:00,513,28.73,0,0,On-Time
TRIP-11651,13,10,1,20:00,558,26.11,3,0,On-Time
TRIP-11652,2,3,2,18:00,529,15.04,2,0,On-Time
TRIP-11653,16,9,3,15:00,433,7.79,2,0,On-Time
TRIP-11654,6,10,2,19:00,580,20.2,0,0,On-Time
TRIP-11655,19,2,2,17:00,688,13.27,4,0,On-Time
TRIP-11656,13,6,1,11:00,150,22.05,3,0,On-Time
TRIP-11657,17,7,1,17:00,643,26.34,1,0,On-Time
TRIP-11658,9,9,1,18:00,286,23.59,3,0,On-Time
TRIP-11659,17,3,1,13:00,140,22.15,2,0,On-Time
TRIP-11660,2,10,1,21:00,182,23.41,2,0,On-Time
TRIP-11661,19,3,2,07:00,198,11.12,1,0,On-Time
TRIP-11662,19,7,2,12:00,96,16.01,42,1,Delayed
TRIP-11663,7,4,4,17:00,614,4.65,1,0,On-Time
TRIP-11664,10,8,1,12:00,270,25.18,2,0,On-Time
TRIP-11665,10,7,2,19:00,465,14.69,1,0,On-Time
TRIP-11666,20,5,3,14:00,157,11.43,4,0,On-Time
TRIP-11667,9,7,2,23:00,125,16.33,30,1,Delayed
TRIP-11668,17,3,1,16:00,172,22.25,2,0,On-Time
TRIP-11669,15,2,1,21:00,92,21.47,0,0,On-Time
TRIP-11670,2,6,1,16:00,307,29.19,1,0,On-Time
TRIP-11671,4,2,1,23:00,380,24.35,1,0,On-Time
TRIP-11672,19,3,3,16:00,96,10.8,1,0,On-Time
TRIP-11673,17,6,1,09:00,611,22.32,2,0,On-Time
TRIP-11674,5,5,1,23:00,141,23.63,3,0,On-Time
TRIP-11675,7,8,3,18:00,195,8.26,0,0,On-Time
TRIP-11676,18,9,3,09:00,235,9.76,1,0,On-Time
TRIP-11677,7,3,2,15:00,291,16.8,1,0,On-Time
TRIP-11678,17,10,2,10:00,451,15.53,1,0,On-Time
TRIP-11679,7,3,1,08:00,468,25.29,1,0,On-Time
TRIP-11680,4,3,1,21:00,188,26.4,0,0,On-Time
TRIP-11681,8,6,1,13:00,363,21.91,1,0,On-Time
TRIP-11682,13,1,2,12:00,173,15.95,57,1,Delayed
TRIP-11683,4,7,4,19:00,486,4.22,0,0,On-Time
TRIP-11684,6,1,1,20:00,486,27.86,56,1,Delayed
TRIP-11685,5,5,2,22:00,318,15.93,4,0,On-Time
TRIP-11686,12,10,1,06:00,197,22.87,45,1,Delayed
TRIP-11687,4,8,2,11:00,170,16.37,4,0,On-Time
TRIP-11688,9,4,1,20:00,670,22.32,0,0,On-Time
TRIP-11689,4,5,1,17:00,588,20.11,2,0,On-Time
TRIP-11690,19,4,3,07:00,360,7.63,1,0,On-Time
TRIP-11691,14,4,2,10:00,156,18.72,35,1,Delayed
TRIP-11692,5,8,2,14:00,254,13.11,48,1,Delayed
TRIP-11693,18,2,1,19:00,296,22.5,2,0,On-Time
TRIP-11694,10,1,1,23:00,368,21.91,1,0,On-Time
TRIP-11695,19,3,1,13:00,327,22.65,1,0,On-Time
TRIP-11696,12,9,3,07:00,402,10.72,44,1,Delayed
TRIP-11697,18,4,4,14:00,221,3.91,0,0,On-Time
TRIP-11698,17,10,1,12:00,377,26.36,4,0,On-Time
TRIP-11699,11,5,1,23:00,272,26.05,3,0,On-Time
TRIP-11700,3,2,3,21:00,430,11.03,2,0,On-Time
TRIP-11701,17,4,1,10:00,611,24.46,4,0,On-Time
TRIP-11702,1,2,2,20:00,592,18.35,2,0,On-Time
TRIP-11703,15,2,1,10:00,657,21.18,1,0,On-Time
TRIP-11704,9,4,3,16:00,287,10.02,0,0,On-Time
TRIP-11705,15,6,2,19:00,523,19.55,2,0,On-Time
TRIP-11706,3,7,3,08:00,353,10.23,3,0,On-Time
TRIP-11707,19,10,3,15:00,390,12.5,1,0,On-Time
TRIP-11708,13,3,1,11:00,301,16.45,1,0,On-Time
TRIP-11709,12,3,3,08:00,486,10.55,4,0,On-Time
TRIP-11710,20,10,3,07:00,433,11.04,3,0,On-Time
TRIP-11711,1,6,1,18:00,420,24.56,1,0,On-Time
TRIP-11712,17,3,1,23:00,443,25.47,3,0,On-Time
TRIP-11713,13,2,1,07:00,384,19.56,0,0,On-Time
TRIP-11714,1,8,2,20:00,427,17.97,3,0,On-Time
TRIP-11715,10,5,1,10:00,307,25.27,4,0,On-Time
TRIP-11716,15,1,2,20:00,416,16.09,53,1,Delayed
TRIP-11717,7,3,1,22:00,278,23.23,2,0,On-Time
TRIP-11718,18,10,3,07:00,149,9.21,0,0,On-Time
TRIP-11719,16,8,1,23:00,165,25.02,0,0,On-Time
TRIP-11720,14,4,1,20:00,188,24.15,3,0,On-Time
TRIP-11721,18,7,2,08:00,336,13.34,4,0,On-Time
TRIP-11722,7,10,2,10:00,142,15.84,4,0,On-Time
TRIP-11723,17,2,1,16:00,82,25.71,4,0,On-Time
TRIP-11724,18,7,1,14:00,381,22.15,0,0,On-Time
TRIP-11725,12,5,1,10:00,366,24.56,4,0,On-Time
TRIP-11726,8,5,3,06:00,146,13.97,2,0,On-Time
TRIP-11727,2,6,3,19:00,435,13.27,1,0,On-Time
TRIP-11728,7,9,2,10:00,281,15.11,44,1,Delayed
TRIP-11729,4,6,3,13:00,98,8.1,2,0,On-Time
TRIP-11730,18,8,3,19:00,635,9.74,2,0,On-Time
TRIP-11731,6,7,1,21:00,177,19.13,1,0,On-Time
TRIP-11732,9,9,4,11:00,136,0.87,0,0,On-Time
TRIP-11733,9,4,3,13:00,430,7.75,4,0,On-Time
TRIP-11734,14,2,1,07:00,186,24.12,2,0,On-Time
TRIP-11735,8,7,1,14:00,167,29.35,2,0,On-Time
TRIP-11736,19,6,1,10:00,352,28.35,1,0,On-Time
TRIP-11737,3,1,1,10:00,356,25.55,2,0,On-Time
TRIP-11738,18,9,3,09:00,209,10.53,4,0,On-Time
TRIP-11739,5,9,2,21:00,291,13.92,0,0,On-Time
TRIP-11740,14,2,3,21:00,120,10.71,2,0,On-Time
TRIP-11741,4,3,3,21:00,383,11.01,0,0,On-Time
TRIP-11742,7,5,2,12:00,170,17.99,2,0,On-Time
TRIP-11743,20,5,2,23:00,118,15.26,2,0,On-Time
TRIP-11744,12,1,1,06:00,92,27.51,4,0,On-Time
TRIP-11745,2,8,1,08:00,280,23.08,0,0,On-Time
TRIP-11746,11,8,2,13:00,188,18.08,3,0,On-Time
TRIP-11747,14,4,1,06:00,183,24.3,4,0,On-Time
TRIP-11748,16,7,1,12:00,433,23.92,38,1,Delayed
TRIP-11749,20,10,3,12:00,310,11.61,0,0,On-Time
TRIP-11750,6,3,2,13:00,122,14.5,46,1,Delayed
TRIP-11751,4,6,1,22:00,288,24.81,18,1,Delayed
TRIP-11752,15,10,2,16:00,167,18.43,4,0,On-Time
TRIP-11753,1,10,3,20:00,275,14.93,3,0,On-Time
TRIP-11754,7,9,1,14:00,253,22.78,2,0,On-Time
TRIP-11755,12,1,1,22:00,205,29.46,1,0,On-Time
TRIP-11756,10,5,4,16:00,188,2.55,3,0,On-Time
TRIP-11757,5,4,1,11:00,126,22.59,2,0,On-Time
TRIP-11758,12,8,1,14:00,293,26.55,3,0,On-Time
TRIP-11759,18,1,2,23:00,171,16.21,0,0,On-Time
TRIP-11760,10,9,3,07:00,260,11.9,1,0,On-Time
TRIP-11761,6,6,1,09:00,192,20.74,1,0,On-Time
TRIP-11762,12,4,1,23:00,338,27.06,2,0,On-Time
TRIP-11763,7,9,1,06:00,200,25.45,3,0,On-Time
TRIP-11764,18,5,4,16:00,156,3.38,3,0,On-Time
TRIP-11765,2,5,1,08:00,278,26.66,3,0,On-Time
TRIP-11766,10,5,2,13:00,348,15.77,2,0,On-Time
TRIP-11767,15,1,4,10:00,704,3.84,3,0,On-Time
TRIP-11768,12,1,1,10:00,155,25.34,1,0,On-Time
TRIP-11769,17,8,4,16:00,372,4.22,1,0,On-Time
TRIP-11770,4,8,4,17:00,400,1.47,4,0,On-Time
TRIP-11771,7,6,3,14:00,241,7.11,3,0,On-Time
TRIP-11772,9,4,1,18:00,624,27.99,3,0,On-Time
TRIP-11773,19,2,2,08:00,209,17.75,60,1,Delayed
TRIP-11774,7,2,3,18:00,184,7.36,1,0,On-Time
TRIP-11775,2,9,4,16:00,266,2.56,0,0,On-Time
TRIP-11776,6,5,1,16:00,449,20.72,48,1,Delayed
TRIP-11777,18,4,3,12:00,327,10.75,58,1,Delayed
TRIP-11778,6,10,1,22:00,131,21.89,1,0,On-Time
TRIP-11779,13,1,1,21:00,98,23.23,4,0,On-Time
TRIP-11780,19,7,1,19:00,273,27.17,3,0,On-Time
TRIP-11781,2,3,3,06:00,218,7.99,3,0,On-Time
TRIP-11782,12,6,2,16:00,383,13.78,1,0,On-Time
TRIP-11783,15,5,2,18:00,697,13.71,2,0,On-Time
TRIP-11784,14,5,4,06:00,299,0.29,22,1,Delayed
TRIP-11785,6,5,1,07:00,178,24.61,2,0,On-Time
TRIP-11786,18,1,2,14:00,315,15.7,3,0,On-Time
TRIP-11787,5,1,1,18:00,457,27.34,4,0,On-Time
TRIP-11788,18,3,1,10:00,356,23.17,3,0,On-Time
TRIP-11789,3,10,2,14:00,278,16.05,0,0,On-Time
TRIP-11790,3,4,4,18:00,611,1.35,34,1,Delayed
TRIP-11791,10,5,2,10:00,643,16.03,0,0,On-Time
TRIP-11792,19,2,3,20:00,585,8.26,4,0,On-Time
TRIP-11793,3,8,1,12:00,411,25.15,0,0,On-Time
TRIP-11794,12,2,1,19:00,548,25.01,4,0,On-Time
TRIP-11795,16,9,2,21:00,296,16.26,2,0,On-Time
TRIP-11796,17,2,1,11:00,268,27.99,1,0,On-Time
TRIP-11797,7,9,1,07:00,123,25.53,2,0,On-Time
TRIP-11798,13,7,2,21:00,370,14.83,3,0,On-Time
TRIP-11799,2,8,1,10:00,428,16.62,1,0,On-Time
TRIP-11800,4,2,1,09:00,436,29.2,0,0,On-Time
TRIP-11801,10,7,2,19:00,558,19.22,4,0,On-Time
TRIP-11802,7,6,2,11:00,445,12.62,1,0,On-Time
TRIP-11803,17,4,4,13:00,339,1.75,21,1,Delayed
TRIP-11804,20,7,2,08:00,508,18.44,2,0,On-Time
TRIP-11805,6,4,1,09:00,305,23.24,3,0,On-Time
TRIP-11806,19,2,4,06:00,148,2.11,38,1,Delayed
TRIP-11807,5,10,3,07:00,128,12.18,15,1,Delayed
TRIP-11808,10,7,1,18:00,624,26.74,4,0,On-Time
TRIP-11809,9,8,1,14:00,230,26.03,0,0,On-Time
TRIP-11810,13,2,2,17:00,508,13.46,22,1,Delayed
TRIP-11811,19,5,2,15:00,416,15.4,1,0,On-Time
TRIP-11812,6,1,3,15:00,194,11.33,1,0,On-Time
TRIP-11813,4,7,3,23:00,154,13.37,0,0,On-Time
TRIP-11814,3,8,2,17:00,283,16.4,0,0,On-Time
TRIP-11815,3,6,4,21:00,190,3.32,3,0,On-Time
TRIP-11816,4,5,2,11:00,436,14.02,4,0,On-Time
TRIP-11817,5,6,1,15:00,449,25.47,2,0,On-Time
TRIP-11818,8,2,3,20:00,582,10.21,0,0,On-Time
TRIP-11819,16,1,1,14:00,335,20.53,3,0,On-Time
TRIP-11820,3,7,3,07:00,397,8.1,26,1,Delayed
TRIP-11821,12,7,4,23:00,388,3.46,0,0,On-Time
TRIP-11822,8,10,2,17:00,313,17.11,1,0,On-Time
TRIP-11823,13,10,2,08:00,408,15.55,4,0,On-Time
TRIP-11824,4,2,2,12:00,307,15.92,0,0,On-Time
TRIP-11825,14,2,1,14:00,426,23.13,4,0,On-Time
TRIP-11826,14,1,1,13:00,185,27.15,3,0,On-Time
TRIP-11827,13,10,2,11:00,421,17.3,16,1,Delayed
TRIP-11828,6,8,3,06:00,318,13.9,2,0,On-Time
TRIP-11829,17,8,2,19:00,286,13.7,1,0,On-Time
TRIP-11830,4,1,1,21:00,255,22.53,2,0,On-Time
TRIP-11831,8,8,2,21:00,429,16.7,1,0,On-Time
TRIP-11832,17,9,3,09:00,524,8.26,16,1,Delayed
TRIP-11833,3,4,2,11:00,155,17.47,22,1,Delayed
TRIP-11834,17,1,2,20:00,131,18.83,18,1,Delayed
TRIP-11835,9,1,3,13:00,160,9.3,1,0,On-Time
TRIP-11836,2,3,2,06:00,440,15.84,3,0,On-Time
TRIP-11837,13,5,1,18:00,587,28.44,2,0,On-Time
TRIP-11838,20,5,3,23:00,87,13.02,22,1,Delayed
TRIP-11839,2,9,1,23:00,166,21.98,1,0,On-Time
TRIP-11840,20,10,4,18:00,584,3.2,3,0,On-Time
TRIP-11841,11,2,1,19:00,244,23.88,1,0,On-Time
TRIP-11842,15,2,1,16:00,202,27.04,4,0,On-Time
TRIP-11843,11,6,3,12:00,373,9.53,4,0,On-Time
TRIP-11844,3,9,1,23:00,222,21.37,3,0,On-Time
TRIP-11845,3,1,3,09:00,379,11.09,3,0,On-Time
TRIP-11846,12,9,3,22:00,188,12.77,1,0,On-Time
TRIP-11847,5,9,3,19:00,660,15.75,4,0,On-Time
TRIP-11848,20,9,4,15:00,274,5.79,3,0,On-Time
TRIP-11849,7,5,1,11:00,115,25.3,1,0,On-Time
TRIP-11850,7,9,3,23:00,169,7.74,1,0,On-Time
TRIP-11851,13,4,1,09:00,600,19.39,3,0,On-Time
TRIP-11852,9,2,1,16:00,409,23.99,2,0,On-Time
TRIP-11853,13,6,3,18:00,448,11.97,0,0,On-Time
TRIP-11854,12,4,1,13:00,125,28.41,1,0,On-Time
TRIP-11855,13,6,2,15:00,186,18.07,4,0,On-Time
TRIP-11856,10,3,2,16:00,249,18.32,0,0,On-Time
TRIP-11857,1,6,2,08:00,360,15.52,1,0,On-Time
TRIP-11858,8,2,4,20:00,696,0.08,2,0,On-Time
TRIP-11859,16,2,1,13:00,257,29.55,0,0,On-Time
TRIP-11860,13,9,2,23:00,140,13.96,4,0,On-Time
TRIP-11861,3,7,3,06:00,82,11.67,0,0,On-Time
TRIP-11862,3,3,2,13:00,161,12.69,3,0,On-Time
TRIP-11863,5,1,1,08:00,547,21.91,1,0,On-Time
TRIP-11864,11,8,2,06:00,366,16.41,3,0,On-Time
TRIP-11865,7,6,1,21:00,400,26.11,2,0,On-Time
TRIP-11866,10,7,1,14:00,174,24.48,0,0,On-Time
TRIP-11867,10,9,3,22:00,143,12.62,3,0,On-Time
TRIP-11868,20,5,2,21:00,325,15.87,2,0,On-Time
TRIP-11869,2,1,4,11:00,156,1.94,3,0,On-Time
TRIP-11870,3,10,3,12:00,338,10.44,4,0,On-Time
TRIP-11871,8,7,2,21:00,172,19.36,42,1,Delayed
TRIP-11872,11,5,1,13:00,370,22.64,1,0,On-Time
TRIP-11873,13,3,1,15:00,350,18.16,3,0,On-Time
TRIP-11874,7,9,1,19:00,160,22.48,3,0,On-Time
TRIP-11875,13,1,4,16:00,141,1.02,30,1,Delayed
TRIP-11876,2,1,1,07:00,418,25.83,3,0,On-Time
TRIP-11877,6,1,1,17:00,542,27.33,3,0,On-Time
TRIP-11878,9,3,2,18:00,505,16.17,0,0,On-Time
TRIP-11879,20,6,1,20:00,352,16.14,0,0,On-Time
TRIP-11880,2,10,1,17:00,393,24.21,4,0,On-Time
TRIP-11881,18,3,2,18:00,233,15.09,0,0,On-Time
TRIP-11882,16,8,1,13:00,429,26.69,2,0,On-Time
TRIP-11883,12,10,1,21:00,137,23.89,1,0,On-Time
TRIP-11884,7,2,1,08:00,465,21.68,3,0,On-Time
TRIP-11885,7,9,3,18:00,334,10.49,3,0,On-Time
TRIP-11886,17,3,2,17:00,166,14.29,3,0,On-Time
TRIP-11887,13,5,1,07:00,90,25.57,55,1,Delayed
TRIP-11888,11,10,2,06:00,336,16.78,4,0,On-Time
TRIP-11889,6,8,1,13:00,383,21.03,2,0,On-Time
TRIP-11890,14,2,4,14:00,448,3.49,58,1,Delayed
TRIP-11891,6,6,1,13:00,160,21.78,4,0,On-Time
TRIP-11892,6,5,2,22:00,365,17.1,3,0,On-Time
TRIP-11893,2,10,3,14:00,449,10.07,0,0,On-Time
TRIP-11894,20,9,3,11:00,98,14.0,36,1,Delayed
TRIP-11895,15,5,1,20:00,302,19.89,2,0,On-Time
TRIP-11896,17,2,1,18:00,180,24.1,2,0,On-Time
TRIP-11897,8,5,3,17:00,587,8.43,4,0,On-Time
TRIP-11898,5,4,1,18:00,657,24.29,3,0,On-Time
TRIP-11899,17,7,3,12:00,334,11.27,2,0,On-Time
TRIP-11900,20,6,3,23:00,205,12.04,0,0,On-Time
TRIP-11901,1,2,3,19:00,460,10.71,4,0,On-Time
TRIP-11902,18,5,1,16:00,213,25.68,0,0,On-Time
TRIP-11903,15,7,3,19:00,264,12.02,24,1,Delayed
TRIP-11904,5,7,2,22:00,154,17.8,30,1,Delayed
TRIP-11905,7,5,3,07:00,214,13.51,16,1,Delayed
TRIP-11906,18,9,1,21:00,380,24.56,1,0,On-Time
TRIP-11907,6,4,1,15:00,252,23.8,3,0,On-Time
TRIP-11908,5,3,1,13:00,292,25.07,3,0,On-Time
TRIP-11909,19,4,1,10:00,640,23.31,0,0,On-Time
TRIP-11910,10,5,2,12:00,429,13.68,3,0,On-Time
TRIP-11911,15,6,4,18:00,156,0.67,31,1,Delayed
TRIP-11912,10,3,1,21:00,198,25.95,4,0,On-Time
TRIP-11913,16,2,3,10:00,611,9.88,4,0,On-Time
TRIP-11914,12,4,1,21:00,381,27.18,1,0,On-Time
TRIP-11915,18,5,1,20:00,582,23.29,0,0,On-Time
TRIP-11916,1,4,1,14:00,306,25.38,1,0,On-Time
TRIP-11917,16,3,1,17:00,465,19.25,4,0,On-Time
TRIP-11918,6,8,4,13:00,435,2.92,1,0,On-Time
TRIP-11919,3,10,1,18:00,428,23.32,46,1,Delayed
TRIP-11920,2,4,2,10:00,640,17.66,3,0,On-Time
TRIP-11921,2,2,2,19:00,368,17.08,20,1,Delayed
TRIP-11922,13,2,4,21:00,302,2.49,4,0,On-Time
TRIP-11923,9,1,1,16:00,207,20.49,0,0,On-Time
TRIP-11924,16,4,1,17:00,523,24.12,3,0,On-Time
TRIP-11925,5,10,1,20:00,208,24.34,3,0,On-Time
TRIP-11926,7,9,1,17:00,432,24.67,3,0,On-Time
TRIP-11927,13,7,1,14:00,316,23.9,63,1,Delayed
TRIP-11928,20,10,3,06:00,101,8.27,3,0,On-Time
TRIP-11929,13,7,2,08:00,302,15.37,2,0,On-Time
TRIP-11930,7,7,2,17:00,649,15.53,1,0,On-Time
TRIP-11931,10,8,2,18:00,179,14.37,25,1,Delayed
TRIP-11932,15,1,1,11:00,206,22.38,4,0,On-Time
TRIP-11933,6,10,1,15:00,444,24.88,2,0,On-Time
TRIP-11934,5,10,4,15:00,435,-0.07,0,0,On-Time
TRIP-11935,2,8,3,21:00,123,11.15,2,0,On-Time
TRIP-11936,15,4,3,06:00,86,10.14,3,0,On-Time
TRIP-11937,16,4,3,21:00,207,12.24,0,0,On-Time
TRIP-11938,19,4,1,09:00,272,26.12,4,0,On-Time
TRIP-11939,9,6,1,11:00,209,29.95,1,0,On-Time
TRIP-11940,19,7,1,07:00,96,26.59,1,0,On-Time
TRIP-11941,7,6,1,23:00,400,19.56,2,0,On-Time
TRIP-11942,4,1,1,15:00,265,20.75,2,0,On-Time
TRIP-11943,3,8,2,09:00,302,12.6,2,0,On-Time
TRIP-11944,20,10,2,06:00,365,15.24,2,0,On-Time
TRIP-11945,11,7,3,20:00,683,8.69,4,0,On-Time
TRIP-11946,1,6,3,15:00,242,10.8,3,0,On-Time
TRIP-11947,6,6,4,23:00,154,2.94,4,0,On-Time
TRIP-11948,11,5,1,21:00,278,27.57,1,0,On-Time
TRIP-11949,1,6,1,18:00,704,28.36,1,0,On-Time
TRIP-11950,7,9,2,20:00,585,14.25,1,0,On-Time
TRIP-11951,6,10,1,07:00,261,19.71,3,0,On-Time
TRIP-11952,14,9,1,09:00,281,27.29,3,0,On-Time
TRIP-11953,2,10,1,06:00,130,26.61,0,0,On-Time
TRIP-11954,4,8,1,12:00,393,25.51,3,0,On-Time
TRIP-11955,11,10,2,16:00,113,14.7,1,0,On-Time
TRIP-11956,15,9,1,15:00,100,23.69,3,0,On-Time
TRIP-11957,18,10,2,06:00,263,13.67,3,0,On-Time
TRIP-11958,1,8,2,16:00,372,15.49,3,0,On-Time
TRIP-11959,3,8,1,15:00,143,27.92,47,1,Delayed
TRIP-11960,3,1,1,19:00,324,21.96,3,0,On-Time
TRIP-11961,7,10,1,19:00,288,24.05,2,0,On-Time
TRIP-11962,1,5,1,12:00,198,26.67,1,0,On-Time
TRIP-11963,11,4,3,16:00,420,9.34,0,0,On-Time
TRIP-11964,6,2,3,09:00,251,12.57,35,1,Delayed
TRIP-11965,20,8,2,07:00,260,16.36,0,0,On-Time
TRIP-11966,3,3,1,12:00,278,22.73,4,0,On-Time
TRIP-11967,19,4,2,19:00,702,18.62,1,0,On-Time
TRIP-11968,2,7,2,12:00,269,13.59,2,0,On-Time
TRIP-11969,18,10,2,17:00,651,14.23,3,0,On-Time
TRIP-11970,12,9,2,08:00,291,11.83,2,0,On-Time
TRIP-11971,10,2,2,20:00,659,17.45,4,0,On-Time
TRIP-11972,5,3,2,10:00,712,11.37,3,0,On-Time
TRIP-11973,9,4,3,13:00,354,11.75,4,0,On-Time
TRIP-11974,2,10,1,19:00,334,22.42,22,1,Delayed
TRIP-11975,2,1,3,09:00,512,11.1,3,0,On-Time
TRIP-11976,6,7,1,12:00,213,19.46,0,0,On-Time
TRIP-11977,10,2,1,12:00,236,25.15,0,0,On-Time
TRIP-11978,18,5,4,23:00,397,-1.23,4,0,On-Time
TRIP-11979,12,1,4,19:00,379,-0.08,1,0,On-Time
TRIP-11980,4,3,1,13:00,438,21.64,2,0,On-Time
TRIP-11981,17,2,1,17:00,430,25.44,0,0,On-Time
TRIP-11982,15,1,1,15:00,179,21.53,3,0,On-Time
TRIP-11983,6,7,2,19:00,209,20.72,4,0,On-Time
TRIP-11984,16,5,3,14:00,128,10.54,2,0,On-Time
TRIP-11985,17,1,4,11:00,179,5.21,57,1,Delayed
TRIP-11986,3,6,2,10:00,528,13.62,4,0,On-Time
TRIP-11987,10,5,1,06:00,133,24.27,2,0,On-Time
TRIP-11988,5,3,2,06:00,216,15.64,1,0,On-Time
TRIP-11989,14,7,1,22:00,241,24.94,4,0,On-Time
TRIP-11990,13,10,4,16:00,433,2.5,2,0,On-Time
TRIP-11991,6,9,3,17:00,593,11.34,2,0,On-Time
TRIP-11992,12,9,2,08:00,256,15.23,0,0,On-Time
TRIP-11993,8,9,1,11:00,299,21.19,2,0,On-Time
TRIP-11994,5,2,1,16:00,164,25.37,2,0,On-Time
TRIP-11995,15,3,1,18:00,259,25.62,0,0,On-Time
TRIP-11996,16,7,3,16:00,398,10.93,4,0,On-Time
TRIP-11997,1,5,2,13:00,146,17.12,29,1,Delayed
TRIP-11998,16,2,1,15:00,313,23.21,3,0,On-Time
TRIP-11999,5,3,2,07:00,277,19.82,3,0,On-Time
TRIP-12000,3,10,3,19:00,540,6.98,1,0,On-Time
TRIP-12001,20,6,1,21:00,256,20.26,2,0,On-Time
TRIP-12002,15,7,3,22:00,377,9.18,3,0,On-Time
TRIP-12003,13,9,3,16:00,359,12.55,4,0,On-Time
TRIP-12004,16,1,4,07:00,379,10.03,4,0,On-Time
TRIP-12005,11,7,1,10:00,332,28.0,3,0,On-Time
TRIP-12006,2,8,1,21:00,259,26.12,0,0,On-Time
TRIP-12007,6,3,1,21:00,371,20.51,1,0,On-Time
TRIP-12008,6,4,1,07:00,286,22.12,0,0,On-Time
TRIP-12009,14,10,1,21:00,373,27.09,1,0,On-Time
TRIP-12010,11,6,2,10:00,667,16.31,3,0,On-Time
TRIP-12011,8,10,2,13:00,254,12.56,0,0,On-Time
TRIP-12012,8,7,3,19:00,172,9.67,3,0,On-Time
TRIP-12013,1,4,1,15:00,258,23.22,1,0,On-Time
TRIP-12014,7,8,2,07:00,120,15.65,4,0,On-Time
TRIP-12015,6,5,3,08:00,433,13.87,0,0,On-Time
TRIP-12016,8,1,3,23:00,423,11.5,3,0,On-Time
TRIP-12017,19,4,3,07:00,316,11.34,1,0,On-Time
TRIP-12018,20,3,3,14:00,383,12.82,4,0,On-Time
TRIP-12019,8,9,4,07:00,304,5.03,20,1,Delayed
TRIP-12020,14,8,1,12:00,193,17.94,1,0,On-Time
TRIP-12021,18,1,2,12:00,357,16.05,0,0,On-Time
TRIP-12022,16,6,1,19:00,694,23.6,0,0,On-Time
TRIP-12023,9,9,1,10:00,153,21.8,2,0,On-Time
TRIP-12024,15,7,1,13:00,165,25.8,3,0,On-Time
TRIP-12025,10,4,1,23:00,396,25.71,2,0,On-Time
TRIP-12026,16,1,1,11:00,424,21.07,0,0,On-Time
TRIP-12027,4,2,1,19:00,416,24.2,1,0,On-Time
TRIP-12028,20,5,1,23:00,416,24.11,3,0,On-Time
TRIP-12029,13,5,4,22:00,430,0.79,1,0,On-Time
TRIP-12030,5,8,1,14:00,224,28.87,1,0,On-Time
TRIP-12031,7,6,3,18:00,630,11.03,4,0,On-Time
TRIP-12032,9,8,1,21:00,304,23.61,22,1,Delayed
TRIP-12033,8,2,4,15:00,133,1.51,1,0,On-Time
TRIP-12034,16,3,3,15:00,383,8.62,0,0,On-Time
TRIP-12035,6,6,2,09:00,235,18.26,2,0,On-Time
TRIP-12036,16,10,2,17:00,297,14.08,2,0,On-Time
TRIP-12037,6,3,1,13:00,413,23.44,1,0,On-Time
TRIP-12038,14,6,4,20:00,249,6.23,55,1,Delayed
TRIP-12039,1,6,3,20:00,169,11.45,35,1,Delayed
TRIP-12040,9,2,3,13:00,423,10.89,3,0,On-Time
TRIP-12041,13,7,2,13:00,234,15.39,2,0,On-Time
TRIP-12042,19,2,1,14:00,151,25.87,2,0,On-Time
TRIP-12043,17,6,3,22:00,259,11.59,4,0,On-Time
TRIP-12044,11,1,1,13:00,126,27.69,1,0,On-Time
TRIP-12045,8,3,2,17:00,513,19.36,2,0,On-Time
TRIP-12046,5,2,1,20:00,700,27.65,2,0,On-Time
TRIP-12047,10,7,4,09:00,569,-1.53,44,1,Delayed
TRIP-12048,7,4,1,11:00,392,22.3,4,0,On-Time
TRIP-12049,10,8,1,21:00,184,26.12,4,0,On-Time
TRIP-12050,4,6,2,10:00,278,16.9,0,0,On-Time
TRIP-12051,9,10,3,18:00,476,6.42,4,0,On-Time
TRIP-12052,14,4,2,20:00,398,16.27,3,0,On-Time
TRIP-12053,2,5,1,22:00,445,22.25,4,0,On-Time
TRIP-12054,9,9,1,10:00,579,24.39,25,1,Delayed
TRIP-12055,1,7,3,12:00,207,12.2,3,0,On-Time
TRIP-12056,10,10,4,08:00,446,3.03,2,0,On-Time
TRIP-12057,10,9,3,18:00,657,8.96,1,0,On-Time
TRIP-12058,20,7,2,19:00,182,13.44,2,0,On-Time
TRIP-12059,3,1,4,21:00,433,2.03,0,0,On-Time
TRIP-12060,6,8,1,18:00,356,26.63,3,0,On-Time
TRIP-12061,6,4,2,07:00,371,13.9,2,0,On-Time
TRIP-12062,2,3,2,19:00,232,17.14,0,0,On-Time
TRIP-12063,18,7,1,12:00,298,25.34,2,0,On-Time
TRIP-12064,2,3,3,10:00,216,11.53,1,0,On-Time
TRIP-12065,12,8,2,19:00,358,16.03,2,0,On-Time
TRIP-12066,5,6,1,14:00,292,23.68,2,0,On-Time
TRIP-12067,20,5,1,15:00,173,21.59,2,0,On-Time
TRIP-12068,7,4,1,12:00,185,29.19,0,0,On-Time
TRIP-12069,16,8,2,19:00,260,14.34,3,0,On-Time
TRIP-12070,20,8,1,19:00,344,23.44,4,0,On-Time
TRIP-12071,1,1,1,07:00,225,25.12,0,0,On-Time
TRIP-12072,1,9,2,22:00,328,20.08,4,0,On-Time
TRIP-12073,17,5,2,09:00,155,15.21,4,0,On-Time
TRIP-12074,1,4,3,18:00,326,8.96,2,0,On-Time
TRIP-12075,20,6,2,23:00,81,15.85,1,0,On-Time
TRIP-12076,13,6,3,08:00,657,8.33,4,0,On-Time
TRIP-12077,9,2,4,10:00,446,1.6,22,1,Delayed
TRIP-12078,15,8,3,06:00,217,11.05,2,0,On-Time
TRIP-12079,3,7,2,14:00,282,16.68,1,0,On-Time
TRIP-12080,14,1,1,13:00,361,26.1,2,0,On-Time
TRIP-12081,11,5,4,08:00,611,-0.31,4,0,On-Time
TRIP-12082,12,6,1,07:00,109,28.0,0,0,On-Time
TRIP-12083,13,4,1,06:00,135,24.43,4,0,On-Time
TRIP-12084,13,2,1,17:00,316,28.49,0,0,On-Time
TRIP-12085,1,4,1,18:00,337,23.63,3,0,On-Time
TRIP-12086,10,1,4,15:00,310,0.46,53,1,Delayed
TRIP-12087,3,7,2,22:00,231,14.27,3,0,On-Time
TRIP-12088,4,2,2,16:00,100,19.92,2,0,On-Time
TRIP-12089,16,2,2,10:00,235,15.01,4,0,On-Time
TRIP-12090,8,9,2,14:00,205,17.51,3,0,On-Time
TRIP-12091,16,5,1,18:00,195,23.62,1,0,On-Time
TRIP-12092,17,2,2,16:00,261,17.44,0,0,On-Time
TRIP-12093,19,9,3,09:00,286,9.93,0,0,On-Time
TRIP-12094,15,9,1,16:00,428,22.34,2,0,On-Time
TRIP-12095,16,1,3,14:00,319,14.0,2,0,On-Time
TRIP-12096,15,3,1,12:00,279,31.91,4,0,On-Time
TRIP-12097,2,4,1,21:00,195,24.78,3,0,On-Time
TRIP-12098,11,7,1,10:00,310,25.48,4,0,On-Time
TRIP-12099,1,10,1,11:00,221,19.59,0,0,On-Time
TRIP-12100,15,4,3,06:00,198,12.82,0,0,On-Time
TRIP-12101,19,2,3,21:00,172,13.25,3,0,On-Time
TRIP-12102,4,7,1,23:00,88,31.55,4,0,On-Time
TRIP-12103,11,6,2,18:00,243,19.19,2,0,On-Time
TRIP-12104,5,3,3,06:00,105,10.71,3,0,On-Time
TRIP-12105,3,6,1,15:00,318,21.67,2,0,On-Time
TRIP-12106,13,6,1,12:00,441,21.69,3,0,On-Time
TRIP-12107,10,5,4,10:00,358,3.0,2,0,On-Time
TRIP-12108,11,4,2,18:00,235,18.05,1,0,On-Time
TRIP-12109,18,10,4,21:00,267,3.3,20,1,Delayed
TRIP-12110,2,1,1,19:00,712,20.61,3,0,On-Time
TRIP-12111,7,10,3,16:00,210,12.72,1,0,On-Time
TRIP-12112,9,6,1,07:00,300,29.68,3,0,On-Time
TRIP-12113,10,2,1,13:00,360,18.88,0,0,On-Time
TRIP-12114,18,3,2,18:00,569,18.1,0,0,On-Time
TRIP-12115,7,8,1,12:00,219,23.49,2,0,On-Time
TRIP-12116,7,10,1,17:00,212,21.17,0,0,On-Time
TRIP-12117,3,6,1,13:00,80,19.63,0,0,On-Time
TRIP-12118,12,3,1,21:00,207,22.64,16,1,Delayed
TRIP-12119,7,7,3,23:00,80,11.76,4,0,On-Time
TRIP-12120,17,4,2,09:00,403,17.3,4,0,On-Time
TRIP-12121,1,9,1,17:00,552,30.44,0,0,On-Time
TRIP-12122,5,5,1,21:00,375,22.48,4,0,On-Time
TRIP-12123,16,3,1,22:00,335,19.78,3,0,On-Time
TRIP-12124,15,2,2,09:00,404,15.4,1,0,On-Time
TRIP-12125,2,2,1,14:00,124,27.13,1,0,On-Time
TRIP-12126,9,3,3,10:00,675,10.34,4,0,On-Time
TRIP-12127,7,2,1,22:00,220,25.95,1,0,On-Time
TRIP-12128,4,4,1,22:00,106,24.51,4,0,On-Time
TRIP-12129,20,2,3,07:00,312,3.06,2,0,On-Time
TRIP-12130,18,10,3,07:00,288,7.92,0,0,On-Time
TRIP-12131,4,9,1,12:00,129,21.1,1,0,On-Time
TRIP-12132,13,2,3,09:00,224,5.75,0,0,On-Time
TRIP-12133,1,9,2,18:00,515,15.28,18,1,Delayed
TRIP-12134,3,6,3,16:00,348,9.23,3,0,On-Time
TRIP-12135,16,1,2,08:00,350,18.55,3,0,On-Time
TRIP-12136,4,4,2,07:00,236,14.05,4,0,On-Time
TRIP-12137,16,1,4,21:00,164,1.88,0,0,On-Time
TRIP-12138,19,6,1,08:00,260,23.41,4,0,On-Time
TRIP-12139,1,4,2,20:00,568,13.13,34,1,Delayed
TRIP-12140,5,3,2,22:00,110,16.97,4,0,On-Time
TRIP-12141,19,3,1,21:00,87,20.51,4,0,On-Time
TRIP-12142,11,9,1,12:00,359,21.24,4,0,On-Time
TRIP-12143,13,6,1,21:00,282,24.12,1,0,On-Time
TRIP-12144,20,9,2,10:00,179,16.74,1,0,On-Time
TRIP-12145,5,5,2,07:00,377,11.74,2,0,On-Time
TRIP-12146,4,2,2,06:00,222,17.92,0,0,On-Time
TRIP-12147,4,8,1,18:00,686,21.37,3,0,On-Time
TRIP-12148,4,5,2,21:00,116,12.58,0,0,On-Time
TRIP-12149,4,2,4,10:00,361,-0.11,3,0,On-Time
TRIP-12150,20,4,1,08:00,491,20.89,1,0,On-Time
TRIP-12151,18,9,2,20:00,180,16.15,4,0,On-Time
TRIP-12152,18,4,3,21:00,316,13.76,2,0,On-Time
TRIP-12153,16,4,3,16:00,291,5.67,2,0,On-Time
TRIP-12154,9,2,2,23:00,388,14.48,2,0,On-Time
TRIP-12155,18,6,3,14:00,219,12.17,0,0,On-Time
TRIP-12156,2,2,1,13:00,269,25.68,1,0,On-Time
TRIP-12157,4,7,3,10:00,280,12.23,1,0,On-Time
TRIP-12158,12,3,1,22:00,273,20.89,4,0,On-Time
TRIP-12159,7,3,1,10:00,704,21.14,0,0,On-Time
TRIP-12160,15,5,1,19:00,612,25.89,4,0,On-Time
TRIP-12161,7,3,3,12:00,375,7.24,3,0,On-Time
TRIP-12162,17,2,1,14:00,231,28.32,1,0,On-Time
TRIP-12163,16,10,1,22:00,302,26.49,62,1,Delayed
TRIP-12164,19,9,1,08:00,440,22.96,4,0,On-Time
TRIP-12165,9,2,4,13:00,167,-2.05,23,1,Delayed
TRIP-12166,14,2,3,18:00,604,11.76,2,0,On-Time
TRIP-12167,17,8,2,21:00,96,13.28,2,0,On-Time
TRIP-12168,5,9,2,15:00,290,14.15,4,0,On-Time
TRIP-12169,2,7,2,23:00,311,15.48,4,0,On-Time
TRIP-12170,20,3,1,08:00,699,17.7,4,0,On-Time
TRIP-12171,16,9,4,17:00,419,2.21,1,0,On-Time
TRIP-12172,14,3,1,21:00,241,25.42,0,0,On-Time
TRIP-12173,14,5,1,23:00,446,25.36,4,0,On-Time
TRIP-12174,1,9,1,22:00,149,21.97,1,0,On-Time
TRIP-12175,3,3,2,12:00,139,15.16,0,0,On-Time
TRIP-12176,7,7,2,13:00,258,12.86,3,0,On-Time
TRIP-12177,15,1,2,22:00,156,13.94,47,1,Delayed
TRIP-12178,19,4,1,12:00,114,27.51,1,0,On-Time
TRIP-12179,20,4,2,06:00,95,15.1,1,0,On-Time
TRIP-12180,2,7,1,13:00,373,23.85,53,1,Delayed
TRIP-12181,19,8,1,15:00,250,25.55,0,0,On-Time
TRIP-12182,9,1,1,17:00,177,25.93,1,0,On-Time
TRIP-12183,19,5,3,06:00,342,12.75,60,1,Delayed
TRIP-12184,5,7,1,09:00,470,23.61,3,0,On-Time
TRIP-12185,18,4,2,09:00,200,13.86,1,0,On-Time
TRIP-12186,16,4,3,14:00,268,11.69,1,0,On-Time
TRIP-12187,4,4,2,20:00,564,20.14,2,0,On-Time
TRIP-12188,12,6,2,20:00,240,14.71,54,1,Delayed
TRIP-12189,7,7,1,12:00,375,23.91,2,0,On-Time
TRIP-12190,14,2,1,17:00,267,19.23,4,0,On-Time
TRIP-12191,12,5,2,08:00,660,14.94,4,0,On-Time
TRIP-12192,3,4,2,14:00,340,18.87,1,0,On-Time
TRIP-12193,5,3,3,19:00,417,13.75,2,0,On-Time
TRIP-12194,17,7,3,18:00,673,11.07,56,1,Delayed
TRIP-12195,10,6,1,17:00,161,23.88,3,0,On-Time
TRIP-12196,10,7,1,06:00,153,24.78,3,0,On-Time
TRIP-12197,11,5,2,21:00,169,20.67,1,0,On-Time
TRIP-12198,17,6,1,17:00,662,27.46,2,0,On-Time
TRIP-12199,5,5,1,15:00,245,26.27,1,0,On-Time
TRIP-12200,13,7,3,07:00,313,14.69,1,0,On-Time
TRIP-12201,10,2,1,23:00,208,20.89,3,0,On-Time
TRIP-12202,9,5,4,18:00,660,1.69,2,0,On-Time
TRIP-12203,17,6,3,11:00,371,14.98,4,0,On-Time
TRIP-12204,1,6,3,17:00,278,9.06,0,0,On-Time
TRIP-12205,4,5,1,09:00,171,20.04,38,1,Delayed
TRIP-12206,4,10,1,06:00,433,25.24,2,0,On-Time
TRIP-12207,18,7,2,16:00,114,17.29,21,1,Delayed
TRIP-12208,9,10,1,13:00,310,22.48,0,0,On-Time
TRIP-12209,18,8,1,07:00,397,25.87,37,1,Delayed
TRIP-12210,14,7,1,07:00,422,27.74,4,0,On-Time
TRIP-12211,15,5,1,21:00,443,22.43,1,0,On-Time
TRIP-12212,6,1,1,06:00,204,16.72,1,0,On-Time
TRIP-12213,10,5,3,09:00,252,12.79,2,0,On-Time
TRIP-12214,15,10,1,11:00,140,24.24,4,0,On-Time
TRIP-12215,4,2,1,19:00,473,24.93,4,0,On-Time
TRIP-12216,18,5,2,20:00,577,17.06,2,0,On-Time
TRIP-12217,18,5,4,12:00,242,1.24,4,0,On-Time
TRIP-12218,17,2,1,12:00,136,23.71,3,0,On-Time
TRIP-12219,12,5,1,23:00,270,30.51,0,0,On-Time
TRIP-12220,7,4,2,07:00,211,18.38,3,0,On-Time
TRIP-12221,16,1,4,20:00,193,0.5,0,0,On-Time
TRIP-12222,11,3,3,06:00,252,14.16,2,0,On-Time
TRIP-12223,14,1,2,22:00,246,13.91,2,0,On-Time
TRIP-12224,3,5,1,18:00,526,18.93,0,0,On-Time
TRIP-12225,19,4,2,17:00,435,12.46,0,0,On-Time
TRIP-12226,18,7,1,20:00,571,27.23,21,1,Delayed
TRIP-12227,10,5,2,10:00,507,14.71,29,1,Delayed
TRIP-12228,6,10,3,12:00,309,10.23,1,0,On-Time
TRIP-12229,13,4,4,13:00,244,-0.24,4,0,On-Time
TRIP-12230,10,2,1,19:00,515,21.92,4,0,On-Time
TRIP-12231,18,4,1,09:00,270,23.88,2,0,On-Time
TRIP-12232,20,2,2,19:00,412,15.76,1,0,On-Time
TRIP-12233,16,8,3,15:00,137,12.33,0,0,On-Time
TRIP-12234,6,3,3,21:00,342,10.55,1,0,On-Time
TRIP-12235,13,9,1,16:00,215,19.81,0,0,On-Time
TRIP-12236,4,4,1,19:00,507,28.61,4,0,On-Time
TRIP-12237,14,6,2,19:00,617,15.62,57,1,Delayed
TRIP-12238,1,10,1,07:00,322,25.52,4,0,On-Time
TRIP-12239,20,5,3,18:00,368,14.69,0,0,On-Time
TRIP-12240,5,10,2,08:00,680,18.28,2,0,On-Time
TRIP-12241,8,1,3,23:00,443,9.4,61,1,Delayed
TRIP-12242,12,9,2,09:00,521,18.28,2,0,On-Time
TRIP-12243,2,1,3,21:00,298,11.89,1,0,On-Time
TRIP-12244,12,8,1,09:00,140,25.09,0,0,On-Time
TRIP-12245,5,9,3,20:00,596,8.44,1,0,On-Time
TRIP-12246,5,9,1,06:00,446,23.13,0,0,On-Time
TRIP-12247,13,1,2,21:00,92,13.31,22,1,Delayed
TRIP-12248,9,2,1,20:00,547,23.98,0,0,On-Time
TRIP-12249,10,1,2,21:00,304,17.6,56,1,Delayed
TRIP-12250,1,10,1,06:00,310,29.55,3,0,On-Time
TRIP-12251,3,2,1,22:00,257,25.44,3,0,On-Time
TRIP-12252,18,10,4,10:00,521,0.68,50,1,Delayed
TRIP-12253,12,8,1,10:00,233,20.96,3,0,On-Time
TRIP-12254,3,5,3,12:00,376,9.6,0,0,On-Time
TRIP-12255,9,7,4,18:00,377,1.87,1,0,On-Time
TRIP-12256,2,2,1,17:00,390,22.29,57,1,Delayed
TRIP-12257,3,8,2,09:00,420,15.67,4,0,On-Time
TRIP-12258,14,6,1,09:00,459,23.01,2,0,On-Time
TRIP-12259,4,8,1,11:00,95,26.21,51,1,Delayed
TRIP-12260,19,1,1,20:00,606,18.03,3,0,On-Time
TRIP-12261,13,1,4,11:00,385,4.4,51,1,Delayed
TRIP-12262,7,7,1,17:00,512,23.39,2,0,On-Time
TRIP-12263,12,8,2,19:00,494,15.44,2,0,On-Time
TRIP-12264,3,3,2,23:00,97,13.76,2,0,On-Time
TRIP-12265,9,5,3,17:00,361,10.9,1,0,On-Time
TRIP-12266,2,1,1,20:00,516,20.86,0,0,On-Time
TRIP-12267,9,7,2,13:00,130,17.19,0,0,On-Time
TRIP-12268,12,5,2,14:00,338,18.06,3,0,On-Time
TRIP-12269,12,8,2,10:00,507,15.35,17,1,Delayed
TRIP-12270,15,8,4,10:00,520,8.35,1,0,On-Time
TRIP-12271,2,9,3,11:00,424,11.76,0,0,On-Time
TRIP-12272,18,7,1,08:00,622,24.11,3,0,On-Time
TRIP-12273,13,1,2,10:00,204,18.68,4,0,On-Time
TRIP-12274,14,3,1,06:00,363,21.13,3,0,On-Time
TRIP-12275,5,8,1,16:00,117,20.76,3,0,On-Time
TRIP-12276,10,3,2,06:00,363,15.54,16,1,Delayed
TRIP-12277,12,8,1,12:00,111,22.8,2,0,On-Time
TRIP-12278,10,1,1,20:00,515,27.45,0,0,On-Time
TRIP-12279,11,5,4,22:00,120,0.83,54,1,Delayed
TRIP-12280,2,4,1,13:00,371,21.72,4,0,On-Time
TRIP-12281,5,5,4,07:00,182,0.8,43,1,Delayed
TRIP-12282,7,8,2,18:00,593,15.89,1,0,On-Time
TRIP-12283,6,10,2,17:00,297,15.46,1,0,On-Time
TRIP-12284,3,4,3,10:00,520,12.39,1,0,On-Time
TRIP-12285,13,4,1,18:00,265,23.43,4,0,On-Time
TRIP-12286,3,3,1,11:00,145,21.7,3,0,On-Time
TRIP-12287,6,7,1,20:00,347,21.67,3,0,On-Time
TRIP-12288,11,3,1,16:00,405,26.44,2,0,On-Time
TRIP-12289,17,3,4,09:00,446,4.54,2,0,On-Time
TRIP-12290,10,10,3,06:00,414,12.52,1,0,On-Time
TRIP-12291,12,5,1,20:00,275,23.15,1,0,On-Time
TRIP-12292,17,5,1,17:00,683,20.74,4,0,On-Time
TRIP-12293,4,6,1,14:00,357,22.28,1,0,On-Time
TRIP-12294,2,8,1,16:00,99,27.08,28,1,Delayed
TRIP-12295,11,10,2,10:00,588,12.43,1,0,On-Time
TRIP-12296,7,6,1,12:00,169,28.33,0,0,On-Time
TRIP-12297,2,1,2,13:00,129,18.87,48,1,Delayed
TRIP-12298,18,8,1,06:00,89,26.34,0,0,On-Time
TRIP-12299,4,8,1,06:00,158,20.94,1,0,On-Time
TRIP-12300,8,9,2,08:00,185,16.27,1,0,On-Time
TRIP-12301,20,9,2,13:00,138,15.88,0,0,On-Time
TRIP-12302,14,2,4,16:00,167,2.98,39,1,Delayed
TRIP-12303,12,2,3,06:00,183,8.68,51,1,Delayed
TRIP-12304,18,3,1,19:00,636,25.9,4,0,On-Time
TRIP-12305,11,1,1,06:00,356,22.52,1,0,On-Time
TRIP-12306,8,4,3,11:00,183,9.2,0,0,On-Time
TRIP-12307,2,4,4,11:00,333,2.96,4,0,On-Time
TRIP-12308,15,9,3,08:00,494,11.41,32,1,Delayed
TRIP-12309,9,9,1,15:00,414,23.5,0,0,On-Time
TRIP-12310,19,9,4,17:00,185,1.82,3,0,On-Time
TRIP-12311,20,10,1,15:00,380,24.37,2,0,On-Time
TRIP-12312,8,7,3,07:00,221,11.55,2,0,On-Time
TRIP-12313,19,2,4,18:00,195,2.08,0,0,On-Time
TRIP-12314,5,10,1,21:00,195,21.42,1,0,On-Time
TRIP-12315,11,5,4,18:00,672,-1.6,42,1,Delayed
TRIP-12316,15,4,1,09:00,260,22.41,4,0,On-Time
TRIP-12317,8,8,4,09:00,540,0.95,51,1,Delayed
TRIP-12318,19,2,1,16:00,439,28.5,1,0,On-Time
TRIP-12319,8,6,4,19:00,265,1.49,61,1,Delayed
TRIP-12320,19,5,1,08:00,713,19.56,3,0,On-Time
TRIP-12321,18,2,3,06:00,422,8.01,2,0,On-Time
TRIP-12322,10,10,2,10:00,681,16.9,2,0,On-Time
TRIP-12323,7,1,2,22:00,370,18.92,3,0,On-Time
TRIP-12324,9,8,1,06:00,175,18.9,0,0,On-Time
TRIP-12325,1,2,3,09:00,534,7.15,0,0,On-Time
TRIP-12326,19,7,1,11:00,421,25.72,0,0,On-Time
TRIP-12327,5,9,2,20:00,344,16.6,3,0,On-Time
TRIP-12328,19,9,1,09:00,523,22.68,4,0,On-Time
TRIP-12329,1,8,4,06:00,171,1.64,0,0,On-Time
TRIP-12330,15,10,1,22:00,326,22.43,4,0,On-Time
TRIP-12331,16,9,1,16:00,337,20.0,0,0,On-Time
TRIP-12332,7,2,1,22:00,266,28.29,3,0,On-Time
TRIP-12333,12,6,1,06:00,203,34.13,61,1,Delayed
TRIP-12334,8,4,1,14:00,339,21.83,4,0,On-Time
TRIP-12335,5,4,2,19:00,396,15.21,1,0,On-Time
TRIP-12336,10,5,3,20:00,710,14.09,4,0,On-Time
TRIP-12337,5,3,3,06:00,190,9.46,1,0,On-Time
TRIP-12338,17,1,2,07:00,369,15.28,4,0,On-Time
TRIP-12339,5,8,1,23:00,166,20.57,0,0,On-Time
TRIP-12340,15,5,2,23:00,92,15.76,0,0,On-Time
TRIP-12341,13,3,1,11:00,342,27.61,4,0,On-Time
TRIP-12342,1,10,3,13:00,367,7.31,0,0,On-Time
TRIP-12343,11,7,1,06:00,102,24.98,45,1,Delayed
TRIP-12344,1,7,1,20:00,446,25.53,3,0,On-Time
TRIP-12345,11,1,1,15:00,321,25.82,16,1,Delayed
TRIP-12346,18,9,3,09:00,508,11.71,2,0,On-Time
TRIP-12347,18,2,1,15:00,382,26.26,4,0,On-Time
TRIP-12348,16,5,2,16:00,244,16.15,2,0,On-Time
TRIP-12349,13,5,1,10:00,488,25.06,1,0,On-Time
TRIP-12350,7,8,3,14:00,255,8.8,4,0,On-Time
TRIP-12351,1,8,4,10:00,172,2.03,4,0,On-Time
TRIP-12352,16,7,1,16:00,244,23.85,1,0,On-Time
TRIP-12353,1,7,2,08:00,163,14.9,2,0,On-Time
TRIP-12354,17,6,4,09:00,596,-0.98,1,0,On-Time
TRIP-12355,6,6,2,15:00,123,16.41,0,0,On-Time
TRIP-12356,2,9,2,12:00,340,17.26,4,0,On-Time
TRIP-12357,17,6,2,06:00,259,14.54,15,1,Delayed
TRIP-12358,6,2,2,11:00,375,13.74,1,0,On-Time
TRIP-12359,14,2,1,13:00,218,23.47,4,0,On-Time
TRIP-12360,18,5,3,22:00,413,11.91,4,0,On-Time
TRIP-12361,6,4,1,12:00,327,26.85,1,0,On-Time
TRIP-12362,10,2,1,06:00,320,20.82,3,0,On-Time
TRIP-12363,18,3,3,14:00,185,10.85,4,0,On-Time
TRIP-12364,9,7,1,16:00,252,25.34,0,0,On-Time
TRIP-12365,8,8,1,07:00,128,25.26,0,0,On-Time
TRIP-12366,10,6,2,16:00,202,15.69,0,0,On-Time
TRIP-12367,17,5,3,08:00,182,12.74,3,0,On-Time
TRIP-12368,6,1,3,22:00,185,8.12,2,0,On-Time
TRIP-12369,14,8,4,15:00,407,2.29,34,1,Delayed
TRIP-12370,6,3,3,08:00,440,11.44,1,0,On-Time
TRIP-12371,7,6,1,08:00,300,28.0,2,0,On-Time
TRIP-12372,12,3,1,12:00,204,25.51,1,0,On-Time
TRIP-12373,3,7,3,07:00,406,7.76,3,0,On-Time
TRIP-12374,14,7,1,06:00,374,21.75,0,0,On-Time
TRIP-12375,19,9,2,12:00,426,15.2,4,0,On-Time
TRIP-12376,16,5,2,16:00,116,14.31,39,1,Delayed
TRIP-12377,7,8,1,11:00,267,23.52,3,0,On-Time
TRIP-12378,8,10,4,09:00,665,3.37,0,0,On-Time
TRIP-12379,18,10,2,19:00,163,13.92,0,0,On-Time
TRIP-12380,13,8,2,08:00,544,18.35,0,0,On-Time
TRIP-12381,9,1,4,09:00,436,1.57,3,0,On-Time
TRIP-12382,10,5,2,13:00,445,17.12,0,0,On-Time
TRIP-12383,9,3,1,23:00,231,22.7,4,0,On-Time
TRIP-12384,15,1,2,09:00,155,17.85,16,1,Delayed
TRIP-12385,20,4,3,16:00,106,12.76,2,0,On-Time
TRIP-12386,2,8,3,21:00,103,9.12,2,0,On-Time
TRIP-12387,13,3,3,08:00,172,13.58,2,0,On-Time
TRIP-12388,2,10,3,12:00,218,11.84,2,0,On-Time
TRIP-12389,19,2,1,07:00,225,28.46,4,0,On-Time
TRIP-12390,2,9,3,06:00,202,11.88,2,0,On-Time
TRIP-12391,3,10,3,06:00,207,7.1,1,0,On-Time
TRIP-12392,6,5,1,11:00,447,23.02,3,0,On-Time
TRIP-12393,3,7,1,12:00,196,26.4,3,0,On-Time
TRIP-12394,10,2,4,10:00,337,3.39,17,1,Delayed
TRIP-12395,6,9,3,23:00,368,9.85,3,0,On-Time
TRIP-12396,16,9,3,18:00,456,10.66,3,0,On-Time
TRIP-12397,17,4,3,06:00,315,14.2,54,1,Delayed
TRIP-12398,19,4,2,15:00,121,18.08,2,0,On-Time
TRIP-12399,3,6,2,14:00,239,14.36,2,0,On-Time
TRIP-12400,18,10,2,22:00,331,16.09,0,0,On-Time
TRIP-12401,7,10,1,06:00,258,22.01,4,0,On-Time
TRIP-12402,9,10,3,06:00,204,14.11,1,0,On-Time
TRIP-12403,20,6,2,12:00,339,14.64,4,0,On-Time
TRIP-12404,12,1,2,09:00,568,17.4,1,0,On-Time
TRIP-12405,5,9,2,17:00,467,15.01,1,0,On-Time
TRIP-12406,3,2,2,21:00,403,17.06,35,1,Delayed
TRIP-12407,11,5,1,19:00,430,22.82,4,0,On-Time
TRIP-12408,4,9,1,15:00,137,24.24,2,0,On-Time
TRIP-12409,5,4,1,19:00,451,20.63,4,0,On-Time
TRIP-12410,1,3,1,12:00,159,31.94,4,0,On-Time
TRIP-12411,18,7,4,09:00,491,1.06,37,1,Delayed
TRIP-12412,12,6,1,07:00,174,20.34,1,0,On-Time
TRIP-12413,13,8,1,23:00,83,21.58,2,0,On-Time
TRIP-12414,9,3,2,21:00,244,17.24,2,0,On-Time
TRIP-12415,2,5,2,14:00,379,16.09,52,1,Delayed
TRIP-12416,5,10,1,10:00,193,19.49,4,0,On-Time
TRIP-12417,13,4,3,14:00,364,10.69,63,1,Delayed
TRIP-12418,16,4,3,13:00,308,8.45,58,1,Delayed
TRIP-12419,16,4,1,21:00,322,26.75,3,0,On-Time
TRIP-12420,3,10,1,23:00,291,23.82,1,0,On-Time
TRIP-12421,4,8,4,09:00,606,0.94,16,1,Delayed
TRIP-12422,11,6,3,21:00,134,9.06,1,0,On-Time
TRIP-12423,14,3,2,09:00,664,17.41,4,0,On-Time
TRIP-12424,3,10,1,11:00,448,20.23,3,0,On-Time
TRIP-12425,16,5,1,08:00,403,21.67,0,0,On-Time
TRIP-12426,15,6,2,23:00,356,13.78,2,0,On-Time
TRIP-12427,10,5,1,20:00,660,23.27,0,0,On-Time
TRIP-12428,9,6,1,13:00,308,23.84,2,0,On-Time
TRIP-12429,11,8,2,23:00,109,20.06,0,0,On-Time
TRIP-12430,16,7,1,08:00,163,26.02,0,0,On-Time
TRIP-12431,10,5,3,11:00,84,11.51,40,1,Delayed
TRIP-12432,17,10,3,20:00,227,12.47,2,0,On-Time
TRIP-12433,19,6,1,17:00,480,22.0,40,1,Delayed
TRIP-12434,2,4,3,10:00,630,12.67,0,0,On-Time
TRIP-12435,2,9,1,12:00,161,22.04,1,0,On-Time
TRIP-12436,6,4,3,20:00,513,9.49,4,0,On-Time
TRIP-12437,19,1,1,12:00,332,24.38,40,1,Delayed
TRIP-12438,8,7,1,18:00,209,24.95,2,0,On-Time
TRIP-12439,3,7,2,08:00,640,14.69,3,0,On-Time
TRIP-12440,14,4,2,18:00,188,12.9,37,1,Delayed
TRIP-12441,16,3,4,08:00,540,4.84,38,1,Delayed
TRIP-12442,1,8,1,07:00,406,23.62,0,0,On-Time
TRIP-12443,3,5,1,09:00,560,28.42,1,0,On-Time
TRIP-12444,18,10,2,22:00,151,16.61,3,0,On-Time
TRIP-12445,9,7,2,11:00,149,17.62,20,1,Delayed
TRIP-12446,6,4,1,16:00,299,31.38,4,0,On-Time
TRIP-12447,1,4,2,11:00,83,18.73,3,0,On-Time
TRIP-12448,10,8,3,07:00,429,10.2,3,0,On-Time
TRIP-12449,6,8,3,22:00,369,8.77,2,0,On-Time
TRIP-12450,12,2,4,08:00,593,1.59,1,0,On-Time
TRIP-12451,4,2,1,17:00,694,21.62,0,0,On-Time
TRIP-12452,13,3,3,19:00,496,10.44,17,1,Delayed
TRIP-12453,17,3,1,07:00,159,19.41,3,0,On-Time
TRIP-12454,8,1,2,10:00,232,17.9,0,0,On-Time
TRIP-12455,20,3,2,15:00,215,16.62,4,0,On-Time
TRIP-12456,3,6,4,15:00,270,0.25,1,0,On-Time
TRIP-12457,12,8,3,14:00,426,9.28,1,0,On-Time
TRIP-12458,7,10,4,18:00,664,0.5,57,1,Delayed
TRIP-12459,12,6,3,15:00,138,10.28,3,0,On-Time
TRIP-12460,2,5,4,11:00,345,3.41,1,0,On-Time
TRIP-12461,14,4,3,16:00,86,7.54,2,0,On-Time
TRIP-12462,5,3,2,09:00,715,14.57,2,0,On-Time
TRIP-12463,9,4,1,19:00,449,26.67,0,0,On-Time
TRIP-12464,11,7,1,22:00,411,22.33,4,0,On-Time
TRIP-12465,5,1,1,07:00,316,26.78,3,0,On-Time
TRIP-12466,3,7,2,15:00,347,15.45,2,0,On-Time
TRIP-12467,17,1,2,08:00,252,15.07,48,1,Delayed
TRIP-12468,2,2,2,12:00,125,17.64,0,0,On-Time
TRIP-12469,1,4,4,12:00,322,-0.5,34,1,Delayed
TRIP-12470,7,1,4,06:00,367,-0.02,17,1,Delayed
TRIP-12471,14,9,1,13:00,239,25.67,2,0,On-Time
TRIP-12472,5,6,1,06:00,194,20.06,4,0,On-Time
TRIP-12473,19,1,1,13:00,193,21.6,1,0,On-Time
TRIP-12474,11,1,1,19:00,328,19.26,2,0,On-Time
TRIP-12475,2,6,3,19:00,270,11.07,0,0,On-Time
TRIP-12476,8,4,2,07:00,140,17.42,4,0,On-Time
TRIP-12477,9,4,2,13:00,396,16.8,0,0,On-Time
TRIP-12478,3,6,3,15:00,181,13.53,1,0,On-Time
TRIP-12479,2,7,3,12:00,193,9.35,4,0,On-Time
TRIP-12480,7,9,1,18:00,404,23.57,4,0,On-Time
TRIP-12481,5,10,3,20:00,273,12.32,1,0,On-Time
TRIP-12482,5,5,1,16:00,262,20.03,64,1,Delayed
TRIP-12483,20,9,1,19:00,454,22.2,4,0,On-Time
TRIP-12484,13,4,1,16:00,442,28.27,3,0,On-Time
TRIP-12485,20,10,2,07:00,274,15.27,3,0,On-Time
TRIP-12486,6,2,1,07:00,384,21.97,0,0,On-Time
TRIP-12487,20,3,1,17:00,166,23.85,4,0,On-Time
TRIP-12488,18,1,2,20:00,500,15.62,0,0,On-Time
TRIP-12489,2,6,3,22:00,95,11.06,3,0,On-Time
TRIP-12490,6,6,1,19:00,352,18.24,4,0,On-Time
TRIP-12491,9,1,1,21:00,187,22.39,4,0,On-Time
TRIP-12492,3,3,3,13:00,379,9.22,0,0,On-Time
TRIP-12493,1,5,1,22:00,418,21.59,41,1,Delayed
TRIP-12494,1,3,4,10:00,611,3.46,0,0,On-Time
TRIP-12495,19,10,2,17:00,254,19.82,2,0,On-Time
TRIP-12496,5,3,1,11:00,155,22.19,2,0,On-Time
TRIP-12497,13,10,1,23:00,355,22.38,3,0,On-Time
TRIP-12498,19,3,1,10:00,555,21.76,3,0,On-Time
TRIP-12499,12,5,1,11:00,191,26.49,1,0,On-Time
TRIP-12500,16,5,1,14:00,395,22.58,2,0,On-Time
TRIP-12501,19,4,2,20:00,246,14.95,2,0,On-Time
TRIP-12502,3,1,1,15:00,293,26.89,1,0,On-Time
TRIP-12503,12,5,2,22:00,445,14.45,0,0,On-Time
TRIP-12504,5,10,2,17:00,180,17.71,2,0,On-Time
TRIP-12505,2,5,1,14:00,220,29.14,2,0,On-Time
TRIP-12506,7,4,1,20:00,392,25.83,3,0,On-Time
TRIP-12507,13,6,1,19:00,496,24.14,1,0,On-Time
TRIP-12508,15,10,1,06:00,371,23.36,1,0,On-Time
TRIP-12509,3,4,3,22:00,107,10.32,3,0,On-Time
TRIP-12510,20,7,1,06:00,374,23.1,2,0,On-Time
TRIP-12511,5,7,3,18:00,659,10.52,4,0,On-Time
TRIP-12512,8,2,1,13:00,439,22.23,1,0,On-Time
TRIP-12513,1,3,2,18:00,272,17.4,2,0,On-Time
TRIP-12514,8,1,2,21:00,194,12.81,21,1,Delayed
TRIP-12515,18,8,3,07:00,238,9.55,36,1,Delayed
TRIP-12516,20,9,1,18:00,539,23.93,3,0,On-Time
TRIP-12517,16,4,1,23:00,417,21.9,1,0,On-Time
TRIP-12518,18,6,2,08:00,270,14.36,3,0,On-Time
TRIP-12519,20,9,1,18:00,518,25.63,0,0,On-Time
TRIP-12520,12,6,1,18:00,603,17.23,18,1,Delayed
TRIP-12521,13,9,2,09:00,176,18.43,3,0,On-Time
TRIP-12522,13,4,2,23:00,396,15.15,3,0,On-Time
TRIP-12523,10,8,2,11:00,437,18.22,0,0,On-Time
TRIP-12524,7,9,2,09:00,625,13.7,17,1,Delayed
TRIP-12525,14,4,3,09:00,491,12.48,1,0,On-Time
TRIP-12526,16,5,3,12:00,418,7.72,4,0,On-Time
TRIP-12527,15,8,2,12:00,207,16.43,32,1,Delayed
TRIP-12528,12,10,2,21:00,349,15.33,48,1,Delayed
TRIP-12529,9,6,3,21:00,349,10.6,0,0,On-Time
TRIP-12530,8,7,1,10:00,460,24.19,4,0,On-Time
TRIP-12531,18,3,1,20:00,411,25.94,0,0,On-Time
TRIP-12532,18,7,3,09:00,616,10.32,2,0,On-Time
TRIP-12533,13,8,2,18:00,432,14.8,4,0,On-Time
TRIP-12534,18,10,1,12:00,436,24.12,3,0,On-Time
TRIP-12535,15,6,3,17:00,235,12.82,3,0,On-Time
TRIP-12536,4,10,1,14:00,406,26.28,0,0,On-Time
TRIP-12537,17,9,3,22:00,346,9.28,0,0,On-Time
TRIP-12538,5,6,3,07:00,349,7.91,1,0,On-Time
TRIP-12539,16,9,4,21:00,441,2.36,4,0,On-Time
TRIP-12540,9,4,1,12:00,439,22.0,4,0,On-Time
TRIP-12541,10,8,2,23:00,207,16.2,2,0,On-Time
TRIP-12542,18,4,1,12:00,343,25.38,3,0,On-Time
TRIP-12543,17,2,1,06:00,300,23.5,3,0,On-Time
TRIP-12544,18,10,1,08:00,513,25.56,2,0,On-Time
TRIP-12545,7,9,2,16:00,323,12.19,57,1,Delayed
TRIP-12546,4,5,2,20:00,156,16.39,2,0,On-Time
TRIP-12547,5,4,1,08:00,374,21.36,1,0,On-Time
TRIP-12548,16,2,2,18:00,492,16.37,58,1,Delayed
TRIP-12549,3,1,3,09:00,715,12.74,1,0,On-Time
TRIP-12550,18,7,3,13:00,137,10.4,0,0,On-Time
TRIP-12551,14,6,4,09:00,576,-1.75,0,0,On-Time
TRIP-12552,15,2,1,23:00,124,24.81,1,0,On-Time
TRIP-12553,17,8,4,12:00,181,1.77,2,0,On-Time
TRIP-12554,1,4,3,16:00,127,11.56,2,0,On-Time
TRIP-12555,17,8,1,09:00,206,23.83,2,0,On-Time
TRIP-12556,11,7,1,18:00,256,21.55,0,0,On-Time
TRIP-12557,17,5,1,14:00,379,27.28,63,1,Delayed
TRIP-12558,14,10,1,14:00,138,21.34,3,0,On-Time
TRIP-12559,20,10,2,08:00,384,15.53,2,0,On-Time
TRIP-12560,19,8,2,17:00,291,15.29,0,0,On-Time
TRIP-12561,7,9,3,16:00,413,9.67,4,0,On-Time
TRIP-12562,13,5,2,16:00,353,12.55,1,0,On-Time
TRIP-12563,18,10,1,22:00,262,23.17,2,0,On-Time
TRIP-12564,14,5,3,19:00,312,10.29,0,0,On-Time
TRIP-12565,1,2,1,21:00,441,28.81,4,0,On-Time
TRIP-12566,7,5,4,15:00,346,2.37,56,1,Delayed
TRIP-12567,8,3,1,09:00,388,24.78,3,0,On-Time
TRIP-12568,18,7,4,15:00,222,4.34,33,1,Delayed
TRIP-12569,9,10,1,17:00,635,19.86,1,0,On-Time
TRIP-12570,1,5,1,14:00,383,22.54,2,0,On-Time
TRIP-12571,17,8,1,20:00,276,24.39,1,0,On-Time
TRIP-12572,19,1,3,14:00,329,13.29,4,0,On-Time
TRIP-12573,6,3,3,12:00,422,8.01,4,0,On-Time
TRIP-12574,3,3,1,17:00,616,26.27,1,0,On-Time
TRIP-12575,5,9,4,19:00,632,-0.05,48,1,Delayed
TRIP-12576,2,5,2,21:00,319,15.58,4,0,On-Time
TRIP-12577,20,9,2,08:00,220,20.05,4,0,On-Time
TRIP-12578,4,9,3,16:00,94,13.54,2,0,On-Time
TRIP-12579,10,1,1,13:00,364,19.1,3,0,On-Time
TRIP-12580,10,2,1,13:00,282,21.96,4,0,On-Time
TRIP-12581,11,5,4,08:00,505,1.52,3,0,On-Time
TRIP-12582,16,4,4,15:00,375,3.04,3,0,On-Time
TRIP-12583,17,10,4,18:00,585,0.1,4,0,On-Time
TRIP-12584,16,9,4,14:00,152,3.32,2,0,On-Time
TRIP-12585,7,7,1,11:00,293,26.6,1,0,On-Time
TRIP-12586,16,6,3,20:00,144,10.56,0,0,On-Time
TRIP-12587,3,7,1,21:00,416,28.43,1,0,On-Time
TRIP-12588,16,1,4,10:00,486,1.21,24,1,Delayed
TRIP-12589,8,1,2,18:00,635,15.55,4,0,On-Time
TRIP-12590,12,8,2,07:00,282,11.21,23,1,Delayed
TRIP-12591,3,2,2,11:00,310,20.22,39,1,Delayed
TRIP-12592,17,10,1,06:00,130,24.09,0,0,On-Time
TRIP-12593,18,9,1,20:00,217,22.89,2,0,On-Time
TRIP-12594,11,7,3,20:00,337,8.25,4,0,On-Time
TRIP-12595,4,6,3,19:00,574,8.91,4,0,On-Time
TRIP-12596,16,1,1,12:00,376,25.55,4,0,On-Time
TRIP-12597,17,1,3,10:00,614,12.07,1,0,On-Time
TRIP-12598,9,2,2,21:00,304,15.0,3,0,On-Time
TRIP-12599,6,6,1,22:00,253,25.41,0,0,On-Time
TRIP-12600,20,6,1,16:00,371,28.17,1,0,On-Time
TRIP-12601,2,2,3,20:00,552,12.52,2,0,On-Time
TRIP-12602,9,1,3,21:00,326,10.78,2,0,On-Time
TRIP-12603,6,10,2,08:00,251,17.86,1,0,On-Time
TRIP-12604,3,5,2,11:00,214,17.9,0,0,On-Time
TRIP-12605,20,5,1,18:00,350,22.6,4,0,On-Time
TRIP-12606,6,2,2,06:00,421,16.69,4,0,On-Time
TRIP-12607,7,6,1,19:00,531,21.78,22,1,Delayed
TRIP-12608,1,9,1,07:00,255,24.59,1,0,On-Time
TRIP-12609,1,2,2,07:00,139,18.39,3,0,On-Time
TRIP-12610,5,10,4,20:00,689,-0.67,50,1,Delayed
TRIP-12611,6,2,1,23:00,333,22.48,28,1,Delayed
TRIP-12612,13,3,1,14:00,87,28.34,4,0,On-Time
TRIP-12613,2,7,2,08:00,297,17.23,3,0,On-Time
TRIP-12614,15,6,3,09:00,400,9.42,1,0,On-Time
TRIP-12615,15,8,3,20:00,219,11.81,3,0,On-Time
TRIP-12616,13,8,3,10:00,665,15.85,2,0,On-Time
TRIP-12617,14,6,2,10:00,673,14.17,61,1,Delayed
TRIP-12618,7,10,3,15:00,369,10.32,2,0,On-Time
TRIP-12619,14,3,1,21:00,163,31.22,1,0,On-Time
TRIP-12620,10,3,1,17:00,313,16.83,3,0,On-Time
TRIP-12621,17,1,1,19:00,446,25.2,0,0,On-Time
TRIP-12622,14,7,2,16:00,101,15.41,3,0,On-Time
TRIP-12623,8,5,4,11:00,298,4.0,1,0,On-Time
TRIP-12624,4,4,3,15:00,305,10.47,2,0,On-Time
TRIP-12625,16,10,1,08:00,560,26.03,3,0,On-Time
TRIP-12626,13,4,1,20:00,289,17.53,1,0,On-Time
TRIP-12627,20,4,1,16:00,224,24.8,2,0,On-Time
TRIP-12628,18,6,1,07:00,226,21.62,15,1,Delayed
TRIP-12629,14,8,2,11:00,340,17.92,2,0,On-Time
TRIP-12630,18,8,4,22:00,358,2.68,1,0,On-Time
TRIP-12631,5,5,4,23:00,418,0.59,2,0,On-Time
TRIP-12632,9,6,2,09:00,148,15.55,31,1,Delayed
TRIP-12633,3,4,3,14:00,345,14.83,3,0,On-Time
TRIP-12634,8,9,2,15:00,366,17.67,2,0,On-Time
TRIP-12635,20,8,1,07:00,220,29.73,0,0,On-Time
TRIP-12636,10,10,2,16:00,372,13.83,1,0,On-Time
TRIP-12637,19,10,2,16:00,110,14.68,2,0,On-Time
TRIP-12638,3,1,3,16:00,250,13.52,2,0,On-Time
TRIP-12639,11,2,1,06:00,434,21.69,4,0,On-Time
TRIP-12640,11,9,1,19:00,454,21.99,3,0,On-Time
TRIP-12641,17,8,1,06:00,370,24.14,2,0,On-Time
TRIP-12642,16,3,4,14:00,190,0.59,3,0,On-Time
TRIP-12643,7,8,1,06:00,147,29.13,3,0,On-Time
TRIP-12644,4,1,3,09:00,419,10.76,0,0,On-Time
TRIP-12645,19,10,3,06:00,275,12.7,1,0,On-Time
TRIP-12646,12,4,1,15:00,205,21.7,0,0,On-Time
TRIP-12647,15,3,2,20:00,406,13.36,1,0,On-Time
TRIP-12648,11,6,3,09:00,545,10.26,4,0,On-Time
TRIP-12649,5,7,2,19:00,584,16.07,0,0,On-Time
TRIP-12650,5,4,4,10:00,374,0.1,3,0,On-Time
TRIP-12651,15,7,1,20:00,236,25.89,2,0,On-Time
TRIP-12652,18,9,1,20:00,299,25.41,4,0,On-Time
TRIP-12653,11,2,3,21:00,114,11.43,1,0,On-Time
TRIP-12654,12,3,3,21:00,438,12.09,0,0,On-Time
TRIP-12655,2,5,4,09:00,196,0.88,4,0,On-Time
TRIP-12656,20,3,2,14:00,222,14.39,0,0,On-Time
TRIP-12657,15,8,4,06:00,290,2.4,46,1,Delayed
TRIP-12658,20,10,3,10:00,582,12.77,0,0,On-Time
TRIP-12659,4,8,3,14:00,85,13.43,1,0,On-Time
TRIP-12660,18,8,2,10:00,475,16.18,1,0,On-Time
TRIP-12661,6,9,1,09:00,169,27.42,2,0,On-Time
TRIP-12662,19,4,4,21:00,306,1.54,2,0,On-Time
TRIP-12663,11,5,1,07:00,363,21.14,1,0,On-Time
TRIP-12664,2,5,2,21:00,135,15.84,1,0,On-Time
TRIP-12665,8,8,1,23:00,447,26.97,1,0,On-Time
TRIP-12666,11,7,2,07:00,389,13.45,4,0,On-Time
TRIP-12667,5,9,2,21:00,415,16.01,0,0,On-Time
TRIP-12668,18,8,1,06:00,184,22.68,4,0,On-Time
TRIP-12669,18,2,3,21:00,97,11.39,3,0,On-Time
TRIP-12670,14,10,1,08:00,454,24.93,2,0,On-Time
TRIP-12671,10,4,2,20:00,195,18.57,0,0,On-Time
TRIP-12672,3,6,1,16:00,168,22.09,2,0,On-Time
TRIP-12673,9,2,1,15:00,153,30.26,3,0,On-Time
TRIP-12674,3,7,1,22:00,236,16.71,1,0,On-Time
TRIP-12675,11,3,3,09:00,552,11.7,50,1,Delayed
TRIP-12676,12,3,1,22:00,213,22.27,1,0,On-Time
TRIP-12677,12,2,4,09:00,268,4.03,2,0,On-Time
TRIP-12678,3,8,1,06:00,315,30.77,3,0,On-Time
TRIP-12679,7,6,1,19:00,337,30.74,2,0,On-Time
TRIP-12680,14,1,1,16:00,308,21.95,3,0,On-Time
TRIP-12681,11,1,1,12:00,113,27.81,18,1,Delayed
TRIP-12682,7,7,3,22:00,162,11.39,4,0,On-Time
TRIP-12683,10,8,3,09:00,337,10.43,3,0,On-Time
TRIP-12684,11,5,2,15:00,433,17.92,2,0,On-Time
TRIP-12685,15,5,1,22:00,283,25.29,0,0,On-Time
TRIP-12686,19,4,1,09:00,585,28.21,3,0,On-Time
TRIP-12687,16,6,2,23:00,415,17.52,2,0,On-Time
TRIP-12688,20,6,4,22:00,395,1.45,3,0,On-Time
TRIP-12689,12,3,1,11:00,337,21.17,30,1,Delayed
TRIP-12690,18,9,3,12:00,371,11.0,1,0,On-Time
TRIP-12691,13,7,1,11:00,204,18.45,2,0,On-Time
TRIP-12692,5,1,1,17:00,368,26.36,4,0,On-Time
TRIP-12693,4,7,2,14:00,438,11.88,3,0,On-Time
TRIP-12694,14,5,1,23:00,326,24.87,0,0,On-Time
TRIP-12695,8,5,3,07:00,254,7.97,2,0,On-Time
TRIP-12696,9,2,1,22:00,436,20.57,4,0,On-Time
TRIP-12697,19,4,3,06:00,381,11.25,2,0,On-Time
TRIP-12698,3,6,1,14:00,159,25.82,4,0,On-Time
TRIP-12699,5,10,4,11:00,186,3.59,4,0,On-Time
TRIP-12700,18,7,1,07:00,379,23.91,3,0,On-Time
TRIP-12701,1,5,3,11:00,384,9.59,1,0,On-Time
TRIP-12702,8,9,3,14:00,423,11.02,2,0,On-Time
TRIP-12703,19,3,4,08:00,219,1.03,38,1,Delayed
TRIP-12704,17,1,2,21:00,170,12.77,0,0,On-Time
TRIP-12705,17,4,3,20:00,342,9.39,1,0,On-Time
TRIP-12706,11,9,1,17:00,686,22.49,0,0,On-Time
TRIP-12707,2,4,1,13:00,248,21.96,2,0,On-Time
TRIP-12708,6,2,1,11:00,413,22.15,0,0,On-Time
TRIP-12709,14,10,1,08:00,321,23.43,2,0,On-Time
TRIP-12710,3,5,4,09:00,504,2.16,4,0,On-Time
TRIP-12711,12,3,1,15:00,155,28.22,3,0,On-Time
TRIP-12712,4,9,2,19:00,620,17.94,1,0,On-Time
TRIP-12713,12,4,2,20:00,163,14.99,1,0,On-Time
TRIP-12714,13,6,2,12:00,412,13.23,59,1,Delayed
TRIP-12715,2,2,2,12:00,152,14.64,2,0,On-Time
TRIP-12716,2,6,1,13:00,167,18.08,3,0,On-Time
TRIP-12717,15,3,2,15:00,182,17.36,0,0,On-Time
TRIP-12718,17,9,1,07:00,173,28.01,3,0,On-Time
TRIP-12719,7,2,4,20:00,632,1.66,31,1,Delayed
TRIP-12720,14,9,3,06:00,345,11.36,0,0,On-Time
TRIP-12721,12,5,4,15:00,332,7.72,40,1,Delayed
TRIP-12722,17,8,1,11:00,437,18.18,3,0,On-Time
TRIP-12723,14,2,1,18:00,219,24.17,0,0,On-Time
TRIP-12724,6,6,1,15:00,88,25.15,3,0,On-Time
TRIP-12725,19,3,1,17:00,147,29.11,2,0,On-Time
TRIP-12726,6,10,1,11:00,210,30.19,3,0,On-Time
TRIP-12727,18,5,2,11:00,301,14.13,2,0,On-Time
TRIP-12728,5,8,1,06:00,408,26.74,2,0,On-Time
TRIP-12729,6,10,2,17:00,371,17.87,4,0,On-Time
TRIP-12730,2,1,3,15:00,446,9.51,3,0,On-Time
TRIP-12731,8,5,2,19:00,240,15.85,1,0,On-Time
TRIP-12732,15,3,1,20:00,678,23.57,4,0,On-Time
TRIP-12733,15,4,1,09:00,158,23.69,4,0,On-Time
TRIP-12734,11,2,2,06:00,160,17.7,48,1,Delayed
TRIP-12735,1,9,1,13:00,307,24.64,4,0,On-Time
TRIP-12736,18,3,2,08:00,680,17.98,4,0,On-Time
TRIP-12737,12,2,1,19:00,156,21.31,28,1,Delayed
TRIP-12738,12,10,3,22:00,244,11.58,2,0,On-Time
TRIP-12739,11,9,3,07:00,447,11.87,1,0,On-Time
TRIP-12740,8,7,2,20:00,297,15.67,3,0,On-Time
TRIP-12741,7,6,1,11:00,427,19.52,0,0,On-Time
TRIP-12742,2,1,1,10:00,468,27.9,1,0,On-Time
TRIP-12743,11,5,3,19:00,508,9.85,34,1,Delayed
TRIP-12744,10,3,2,14:00,226,19.27,43,1,Delayed
TRIP-12745,3,1,1,13:00,260,30.04,3,0,On-Time
TRIP-12746,20,4,1,08:00,664,20.55,2,0,On-Time
TRIP-12747,10,2,1,23:00,277,23.31,0,0,On-Time
TRIP-12748,18,2,3,13:00,366,9.15,4,0,On-Time
TRIP-12749,14,3,1,21:00,132,22.75,1,0,On-Time
TRIP-12750,18,8,2,20:00,716,14.45,40,1,Delayed
TRIP-12751,8,8,2,20:00,510,14.24,3,0,On-Time
TRIP-12752,10,7,2,21:00,369,16.95,2,0,On-Time
TRIP-12753,13,6,3,06:00,366,12.01,2,0,On-Time
TRIP-12754,8,9,3,15:00,267,11.13,2,0,On-Time
TRIP-12755,4,4,2,10:00,136,15.69,4,0,On-Time
TRIP-12756,4,1,1,23:00,362,25.79,3,0,On-Time
TRIP-12757,5,8,1,08:00,547,22.03,4,0,On-Time
TRIP-12758,1,7,2,09:00,204,15.95,22,1,Delayed
TRIP-12759,17,7,2,09:00,689,14.7,2,0,On-Time
TRIP-12760,2,3,2,16:00,279,14.83,3,0,On-Time
TRIP-12761,8,4,1,14:00,139,26.21,4,0,On-Time
TRIP-12762,7,10,2,06:00,112,18.11,4,0,On-Time
TRIP-12763,15,9,1,21:00,382,21.43,4,0,On-Time
TRIP-12764,5,6,3,14:00,323,13.58,4,0,On-Time
TRIP-12765,2,5,1,16:00,251,25.69,4,0,On-Time
TRIP-12766,7,3,3,11:00,286,11.66,1,0,On-Time
TRIP-12767,8,9,1,22:00,362,21.73,2,0,On-Time
TRIP-12768,7,5,1,17:00,161,29.72,4,0,On-Time
TRIP-12769,7,5,3,13:00,126,12.59,1,0,On-Time
TRIP-12770,14,4,1,21:00,428,25.92,3,0,On-Time
TRIP-12771,18,4,3,10:00,379,10.83,61,1,Delayed
TRIP-12772,6,1,2,06:00,337,16.19,1,0,On-Time
TRIP-12773,4,7,2,22:00,222,13.27,1,0,On-Time
TRIP-12774,10,9,1,13:00,126,20.32,1,0,On-Time
TRIP-12775,18,3,2,15:00,106,16.57,3,0,On-Time
TRIP-12776,12,2,2,23:00,106,17.6,4,0,On-Time
TRIP-12777,16,3,2,20:00,358,15.26,2,0,On-Time
TRIP-12778,7,1,2,18:00,246,19.61,4,0,On-Time
TRIP-12779,6,6,1,15:00,266,19.52,0,0,On-Time
TRIP-12780,5,7,1,14:00,89,27.62,1,0,On-Time
TRIP-12781,3,2,1,18:00,320,24.36,4,0,On-Time
TRIP-12782,12,8,1,08:00,588,26.29,2,0,On-Time
TRIP-12783,15,6,1,08:00,390,25.58,4,0,On-Time
TRIP-12784,10,4,3,06:00,343,8.34,0,0,On-Time
TRIP-12785,20,5,3,07:00,240,12.17,0,0,On-Time
TRIP-12786,19,8,1,16:00,406,27.49,4,0,On-Time
TRIP-12787,16,3,4,19:00,601,0.11,23,1,Delayed
TRIP-12788,11,3,2,15:00,197,14.24,4,0,On-Time
TRIP-12789,8,4,4,12:00,390,0.51,1,0,On-Time
TRIP-12790,3,1,3,06:00,342,9.97,2,0,On-Time
TRIP-12791,7,9,3,12:00,163,9.53,3,0,On-Time
TRIP-12792,7,8,1,20:00,360,25.79,2,0,On-Time
TRIP-12793,14,8,1,16:00,250,28.96,4,0,On-Time
TRIP-12794,2,10,1,11:00,413,20.89,4,0,On-Time
TRIP-12795,10,6,3,12:00,388,8.11,37,1,Delayed
TRIP-12796,19,7,1,12:00,93,23.68,0,0,On-Time
TRIP-12797,9,6,3,06:00,228,12.66,4,0,On-Time
TRIP-12798,16,9,1,15:00,448,28.88,0,0,On-Time
TRIP-12799,19,3,3,20:00,528,15.58,0,0,On-Time
TRIP-12800,18,3,1,13:00,136,25.86,41,1,Delayed
TRIP-12801,9,3,1,08:00,681,27.65,0,0,On-Time
TRIP-12802,16,10,1,20:00,609,26.99,2,0,On-Time
TRIP-12803,13,3,1,09:00,681,27.77,0,0,On-Time
TRIP-12804,10,9,1,11:00,212,23.11,1,0,On-Time
TRIP-12805,20,4,3,15:00,249,7.34,4,0,On-Time
TRIP-12806,14,7,1,23:00,181,20.59,4,0,On-Time
TRIP-12807,12,9,1,21:00,185,23.41,3,0,On-Time
TRIP-12808,19,7,3,23:00,250,11.47,0,0,On-Time
TRIP-12809,7,9,1,11:00,207,23.57,2,0,On-Time
TRIP-12810,15,3,4,22:00,329,-0.51,3,0,On-Time
TRIP-12811,16,4,4,23:00,111,1.26,57,1,Delayed
TRIP-12812,8,8,1,18:00,472,23.8,1,0,On-Time
TRIP-12813,10,6,1,12:00,341,25.04,4,0,On-Time
TRIP-12814,4,5,1,17:00,654,26.48,0,0,On-Time
TRIP-12815,19,4,3,07:00,323,12.37,0,0,On-Time
TRIP-12816,19,8,2,17:00,582,14.41,24,1,Delayed
TRIP-12817,15,1,2,17:00,590,18.4,1,0,On-Time
TRIP-12818,14,9,3,09:00,547,13.23,58,1,Delayed
TRIP-12819,1,1,1,09:00,665,24.5,1,0,On-Time
TRIP-12820,16,8,3,23:00,412,13.48,2,0,On-Time
TRIP-12821,10,4,3,21:00,393,9.67,0,0,On-Time
TRIP-12822,19,9,2,19:00,262,16.39,32,1,Delayed
TRIP-12823,3,5,3,22:00,408,13.81,1,0,On-Time
TRIP-12824,5,3,3,22:00,124,10.52,4,0,On-Time
TRIP-12825,9,9,1,08:00,611,23.72,3,0,On-Time
TRIP-12826,18,9,1,11:00,412,25.88,3,0,On-Time
TRIP-12827,11,4,2,18:00,446,19.93,37,1,Delayed
TRIP-12828,16,4,1,14:00,280,25.45,0,0,On-Time
TRIP-12829,2,8,4,14:00,408,1.54,59,1,Delayed
TRIP-12830,12,2,1,13:00,247,21.84,0,0,On-Time
TRIP-12831,6,9,2,22:00,319,14.87,4,0,On-Time
TRIP-12832,11,6,2,21:00,365,16.27,55,1,Delayed
TRIP-12833,8,9,1,21:00,269,25.99,0,0,On-Time
TRIP-12834,12,8,4,21:00,150,1.52,3,0,On-Time
TRIP-12835,2,7,3,19:00,358,11.45,2,0,On-Time
TRIP-12836,9,1,2,19:00,700,17.08,4,0,On-Time
TRIP-12837,15,3,1,19:00,460,23.45,1,0,On-Time
TRIP-12838,2,2,1,19:00,702,18.63,2,0,On-Time
TRIP-12839,1,5,1,17:00,459,24.78,0,0,On-Time
TRIP-12840,10,5,1,11:00,301,23.78,0,0,On-Time
TRIP-12841,2,5,2,18:00,585,13.13,2,0,On-Time
TRIP-12842,12,4,4,21:00,242,-3.09,45,1,Delayed
TRIP-12843,8,5,2,14:00,444,17.07,42,1,Delayed
TRIP-12844,5,3,3,07:00,151,10.21,3,0,On-Time
TRIP-12845,1,1,2,08:00,510,13.61,2,0,On-Time
TRIP-12846,15,5,2,15:00,206,13.0,20,1,Delayed
TRIP-12847,6,9,3,07:00,164,14.58,2,0,On-Time
TRIP-12848,12,9,2,15:00,94,16.39,2,0,On-Time
TRIP-12849,8,4,3,13:00,327,14.25,3,0,On-Time
TRIP-12850,13,3,1,22:00,391,26.85,1,0,On-Time
TRIP-12851,19,1,1,06:00,362,22.07,0,0,On-Time
TRIP-12852,1,2,3,11:00,81,12.44,1,0,On-Time
TRIP-12853,11,8,2,12:00,153,17.76,1,0,On-Time
TRIP-12854,20,1,3,20:00,228,8.83,1,0,On-Time
TRIP-12855,1,8,4,23:00,340,-1.28,55,1,Delayed
TRIP-12856,8,7,1,14:00,426,24.25,3,0,On-Time
TRIP-12857,5,8,2,13:00,403,16.86,4,0,On-Time
TRIP-12858,17,6,1,15:00,318,27.6,0,0,On-Time
TRIP-12859,8,9,2,09:00,665,18.7,3,0,On-Time
TRIP-12860,10,3,3,13:00,420,9.69,3,0,On-Time
TRIP-12861,2,10,1,06:00,358,27.59,1,0,On-Time
TRIP-12862,9,4,2,13:00,432,15.08,1,0,On-Time
TRIP-12863,3,6,3,17:00,448,12.6,2,0,On-Time
TRIP-12864,18,8,1,20:00,595,26.11,2,0,On-Time
TRIP-12865,7,5,3,18:00,584,8.51,2,0,On-Time
TRIP-12866,15,3,2,21:00,300,16.26,3,0,On-Time
TRIP-12867,20,6,4,23:00,241,1.3,17,1,Delayed
TRIP-12868,18,4,1,06:00,262,20.97,0,0,On-Time
TRIP-12869,3,9,1,22:00,344,28.38,2,0,On-Time
TRIP-12870,14,3,2,21:00,211,15.69,4,0,On-Time
TRIP-12871,2,4,1,10:00,641,22.65,4,0,On-Time
TRIP-12872,14,7,4,15:00,199,2.82,1,0,On-Time
TRIP-12873,11,7,1,11:00,298,28.09,3,0,On-Time
TRIP-12874,16,4,3,17:00,382,11.92,4,0,On-Time
TRIP-12875,8,6,2,15:00,379,15.93,0,0,On-Time
TRIP-12876,7,3,1,22:00,188,21.72,1,0,On-Time
TRIP-12877,11,6,1,07:00,317,21.48,4,0,On-Time
TRIP-12878,3,2,2,11:00,372,15.14,2,0,On-Time
TRIP-12879,17,8,2,18:00,233,12.06,4,0,On-Time
TRIP-12880,14,2,1,14:00,395,22.78,4,0,On-Time
TRIP-12881,6,7,4,17:00,425,-3.09,1,0,On-Time
TRIP-12882,8,9,1,23:00,115,24.24,3,0,On-Time
TRIP-12883,5,1,1,13:00,128,25.17,2,0,On-Time
TRIP-12884,8,8,2,23:00,335,14.36,55,1,Delayed
TRIP-12885,2,7,1,07:00,186,22.9,2,0,On-Time
TRIP-12886,15,6,4,13:00,87,1.36,2,0,On-Time
TRIP-12887,12,6,1,15:00,315,26.13,3,0,On-Time
TRIP-12888,17,6,1,14:00,257,24.26,2,0,On-Time
TRIP-12889,1,9,1,23:00,321,24.88,3,0,On-Time
TRIP-12890,15,2,2,13:00,120,14.68,21,1,Delayed
TRIP-12891,14,1,2,08:00,697,14.95,0,0,On-Time
TRIP-12892,20,6,2,14:00,324,16.02,3,0,On-Time
TRIP-12893,16,10,1,18:00,307,26.19,2,0,On-Time
TRIP-12894,9,8,1,14:00,444,25.04,1,0,On-Time
TRIP-12895,1,3,3,17:00,536,11.86,1,0,On-Time
TRIP-12896,17,10,1,18:00,392,18.54,4,0,On-Time
TRIP-12897,13,1,3,13:00,421,15.64,4,0,On-Time
TRIP-12898,5,9,1,20:00,251,20.04,0,0,On-Time
TRIP-12899,10,1,3,18:00,457,12.91,0,0,On-Time
TRIP-12900,6,3,1,18:00,624,23.78,4,0,On-Time
TRIP-12901,19,8,2,22:00,445,15.9,59,1,Delayed
TRIP-12902,13,3,1,20:00,440,23.74,1,0,On-Time
TRIP-12903,1,4,1,08:00,640,19.5,3,0,On-Time
TRIP-12904,20,8,1,19:00,228,27.32,4,0,On-Time
TRIP-12905,15,1,1,15:00,219,22.45,2,0,On-Time
TRIP-12906,14,6,1,22:00,121,20.88,3,0,On-Time
TRIP-12907,8,1,2,13:00,385,14.49,62,1,Delayed
TRIP-12908,10,1,2,23:00,288,17.86,21,1,Delayed
TRIP-12909,9,8,3,17:00,612,12.58,2,0,On-Time
TRIP-12910,17,4,2,22:00,152,14.59,2,0,On-Time
TRIP-12911,9,1,2,16:00,232,14.65,20,1,Delayed
TRIP-12912,3,10,1,14:00,214,22.8,4,0,On-Time
TRIP-12913,11,7,2,20:00,705,17.1,39,1,Delayed
TRIP-12914,12,5,1,14:00,343,20.72,1,0,On-Time
TRIP-12915,10,5,3,17:00,472,10.99,3,0,On-Time
TRIP-12916,17,1,1,16:00,288,22.03,1,0,On-Time
TRIP-12917,17,10,1,22:00,283,27.85,4,0,On-Time
TRIP-12918,11,6,2,11:00,189,16.02,0,0,On-Time
TRIP-12919,4,9,1,13:00,110,27.05,1,0,On-Time
TRIP-12920,7,9,3,15:00,91,12.05,0,0,On-Time
TRIP-12921,14,8,3,20:00,329,11.77,0,0,On-Time
TRIP-12922,7,5,1,09:00,627,25.52,2,0,On-Time
TRIP-12923,8,1,1,23:00,273,24.58,2,0,On-Time
TRIP-12924,1,9,2,16:00,219,18.1,2,0,On-Time
TRIP-12925,4,1,2,14:00,106,14.89,0,0,On-Time
TRIP-12926,12,8,1,14:00,125,23.85,4,0,On-Time
TRIP-12927,3,5,3,13:00,214,10.81,2,0,On-Time
TRIP-12928,13,3,2,08:00,633,19.14,2,0,On-Time
TRIP-12929,20,7,1,23:00,137,23.19,3,0,On-Time
TRIP-12930,6,7,1,19:00,147,31.68,0,0,On-Time
TRIP-12931,11,9,3,08:00,286,9.5,0,0,On-Time
TRIP-12932,4,7,1,22:00,128,22.86,2,0,On-Time
TRIP-12933,20,3,3,09:00,592,9.48,3,0,On-Time
TRIP-12934,16,1,1,23:00,173,26.28,41,1,Delayed
TRIP-12935,7,8,2,20:00,278,14.85,1,0,On-Time
TRIP-12936,11,3,3,11:00,224,10.34,1,0,On-Time
TRIP-12937,1,8,3,20:00,241,8.63,2,0,On-Time
TRIP-12938,7,8,1,12:00,89,21.97,0,0,On-Time
TRIP-12939,12,5,1,17:00,385,19.45,3,0,On-Time
TRIP-12940,7,1,3,21:00,293,10.42,3,0,On-Time
TRIP-12941,7,10,1,14:00,83,20.93,3,0,On-Time
TRIP-12942,10,7,1,10:00,484,23.12,0,0,On-Time
TRIP-12943,16,10,4,16:00,108,1.58,32,1,Delayed
TRIP-12944,8,5,1,07:00,381,24.02,59,1,Delayed
TRIP-12945,9,8,1,21:00,282,22.23,1,0,On-Time
TRIP-12946,9,9,1,09:00,249,23.55,3,0,On-Time
TRIP-12947,2,7,2,10:00,220,13.41,3,0,On-Time
TRIP-12948,13,7,2,12:00,275,16.43,39,1,Delayed
TRIP-12949,13,1,1,11:00,401,25.17,0,0,On-Time
TRIP-12950,4,4,1,15:00,186,20.89,0,0,On-Time
TRIP-12951,12,2,1,19:00,673,27.24,2,0,On-Time
TRIP-12952,17,2,2,13:00,88,17.08,4,0,On-Time
TRIP-12953,2,2,1,19:00,158,22.25,4,0,On-Time
TRIP-12954,13,4,4,19:00,364,1.56,40,1,Delayed
TRIP-12955,18,1,1,08:00,153,27.5,2,0,On-Time
TRIP-12956,15,4,4,06:00,91,2.12,44,1,Delayed
TRIP-12957,8,2,1,14:00,161,24.72,1,0,On-Time
TRIP-12958,15,5,3,14:00,146,8.87,2,0,On-Time
TRIP-12959,1,3,1,07:00,212,25.7,1,0,On-Time
TRIP-12960,20,8,1,21:00,132,24.04,0,0,On-Time
TRIP-12961,10,4,3,13:00,285,11.45,3,0,On-Time
TRIP-12962,12,1,3,11:00,312,14.95,4,0,On-Time
TRIP-12963,5,1,1,18:00,212,29.05,3,0,On-Time
TRIP-12964,9,10,3,06:00,147,10.52,4,0,On-Time
TRIP-12965,8,3,2,20:00,592,16.27,0,0,On-Time
TRIP-12966,16,9,3,06:00,423,11.09,4,0,On-Time
TRIP-12967,14,7,1,15:00,248,19.66,0,0,On-Time
TRIP-12968,13,2,2,06:00,240,19.26,3,0,On-Time
TRIP-12969,13,9,2,17:00,150,13.69,1,0,On-Time
TRIP-12970,5,10,1,16:00,270,32.22,4,0,On-Time
TRIP-12971,16,2,3,22:00,94,11.18,2,0,On-Time
TRIP-12972,11,3,1,09:00,585,24.43,1,0,On-Time
TRIP-12973,5,10,1,12:00,442,25.3,1,0,On-Time
TRIP-12974,13,2,2,17:00,142,16.54,47,1,Delayed
TRIP-12975,11,3,2,18:00,217,16.7,3,0,On-Time
TRIP-12976,19,6,1,10:00,444,28.38,2,0,On-Time
TRIP-12977,3,9,1,11:00,240,27.98,3,0,On-Time
TRIP-12978,15,9,4,07:00,342,1.53,3,0,On-Time
TRIP-12979,7,7,1,12:00,332,24.98,1,0,On-Time
TRIP-12980,7,3,2,19:00,316,14.69,2,0,On-Time
TRIP-12981,6,4,3,19:00,254,11.34,4,0,On-Time
TRIP-12982,3,6,1,15:00,203,21.96,2,0,On-Time
TRIP-12983,13,5,4,09:00,627,-0.0,0,0,On-Time
TRIP-12984,7,2,3,08:00,241,11.31,1,0,On-Time
TRIP-12985,5,6,2,19:00,395,19.2,2,0,On-Time
TRIP-12986,18,3,2,11:00,363,16.55,0,0,On-Time
TRIP-12987,8,8,2,20:00,184,18.98,4,0,On-Time
TRIP-12988,17,2,2,13:00,391,16.28,3,0,On-Time
TRIP-12989,20,1,3,10:00,406,15.91,3,0,On-Time
TRIP-12990,1,9,1,08:00,444,23.45,0,0,On-Time
TRIP-12991,14,3,1,08:00,312,26.03,1,0,On-Time
TRIP-12992,17,1,1,18:00,630,23.17,3,0,On-Time
TRIP-12993,10,7,1,07:00,299,22.29,42,1,Delayed
TRIP-12994,12,10,1,06:00,145,19.92,1,0,On-Time
TRIP-12995,16,5,3,17:00,550,10.65,3,0,On-Time
TRIP-12996,14,5,2,13:00,213,17.5,4,0,On-Time
TRIP-12997,16,1,2,14:00,198,17.61,2,0,On-Time
TRIP-12998,8,9,2,19:00,321,19.66,3,0,On-Time
TRIP-12999,10,7,3,23:00,400,10.66,2,0,On-Time
TRIP-13000,17,8,2,15:00,166,14.98,1,0,On-Time
TRIP-13001,18,9,3,14:00,368,11.07,4,0,On-Time
TRIP-13002,20,6,1,11:00,216,25.45,1,0,On-Time
TRIP-13003,16,5,4,06:00,132,4.32,52,1,Delayed
TRIP-13004,17,6,2,10:00,454,15.88,0,0,On-Time
TRIP-13005,16,2,1,15:00,427,21.58,4,0,On-Time
TRIP-13006,19,4,2,18:00,208,15.8,4,0,On-Time
TRIP-13007,8,3,2,09:00,649,15.99,1,0,On-Time
TRIP-13008,6,7,1,06:00,119,22.75,3,0,On-Time
TRIP-13009,6,9,2,07:00,329,17.11,3,0,On-Time
TRIP-13010,9,5,1,09:00,475,27.31,2,0,On-Time
TRIP-13011,4,6,1,22:00,258,30.07,0,0,On-Time
TRIP-13012,12,10,4,15:00,118,0.72,64,1,Delayed
TRIP-13013,12,2,2,17:00,419,13.46,53,1,Delayed
TRIP-13014,17,3,3,07:00,303,12.77,4,0,On-Time
TRIP-13015,15,3,2,08:00,388,17.11,4,0,On-Time
TRIP-13016,9,9,1,19:00,500,24.16,24,1,Delayed
TRIP-13017,7,7,2,20:00,435,16.11,0,0,On-Time
TRIP-13018,10,8,2,18:00,262,15.53,2,0,On-Time
TRIP-13019,16,10,4,14:00,322,1.22,64,1,Delayed
TRIP-13020,12,9,1,07:00,252,24.0,4,0,On-Time
TRIP-13021,7,6,3,21:00,116,13.34,1,0,On-Time
TRIP-13022,18,4,4,16:00,166,3.36,2,0,On-Time
TRIP-13023,15,1,2,17:00,332,11.79,15,1,Delayed
TRIP-13024,6,8,4,06:00,273,-0.08,46,1,Delayed
TRIP-13025,12,7,1,07:00,398,15.45,0,0,On-Time
TRIP-13026,11,2,4,21:00,122,2.9,24,1,Delayed
TRIP-13027,20,8,3,07:00,435,7.46,0,0,On-Time
TRIP-13028,3,5,1,15:00,238,22.27,3,0,On-Time
TRIP-13029,2,7,4,15:00,184,3.21,31,1,Delayed
TRIP-13030,6,4,2,21:00,308,16.15,4,0,On-Time
TRIP-13031,5,5,2,18:00,473,16.13,54,1,Delayed
TRIP-13032,18,8,2,21:00,343,18.07,2,0,On-Time
TRIP-13033,16,1,1,23:00,128,27.74,0,0,On-Time
TRIP-13034,8,1,2,13:00,431,14.85,0,0,On-Time
TRIP-13035,20,4,3,23:00,202,11.53,1,0,On-Time
TRIP-13036,11,3,1,18:00,611,22.54,1,0,On-Time
TRIP-13037,10,10,1,12:00,104,18.31,0,0,On-Time
TRIP-13038,12,2,1,23:00,210,25.24,1,0,On-Time
TRIP-13039,6,3,1,11:00,449,25.56,1,0,On-Time
TRIP-13040,20,1,3,14:00,303,12.23,0,0,On-Time
TRIP-13041,5,1,3,11:00,178,9.48,3,0,On-Time
TRIP-13042,9,6,4,23:00,431,1.9,3,0,On-Time
TRIP-13043,16,5,2,22:00,369,14.23,16,1,Delayed
TRIP-13044,14,8,1,17:00,441,24.98,3,0,On-Time
TRIP-13045,8,2,4,08:00,300,0.69,37,1,Delayed
TRIP-13046,20,4,3,10:00,683,9.65,1,0,On-Time
TRIP-13047,19,8,2,12:00,299,17.5,0,0,On-Time
TRIP-13048,14,6,2,15:00,343,18.2,18,1,Delayed
TRIP-13049,7,1,4,15:00,287,1.06,1,0,On-Time
TRIP-13050,5,4,3,09:00,636,12.04,0,0,On-Time
TRIP-13051,18,1,1,15:00,161,22.61,4,0,On-Time
TRIP-13052,2,2,3,23:00,104,9.13,4,0,On-Time
TRIP-13053,11,5,1,08:00,424,27.61,1,0,On-Time
TRIP-13054,8,8,1,08:00,139,28.82,3,0,On-Time
TRIP-13055,1,8,1,10:00,324,22.36,59,1,Delayed
TRIP-13056,12,3,1,21:00,228,26.46,2,0,On-Time
TRIP-13057,2,4,1,18:00,283,28.19,1,0,On-Time
TRIP-13058,18,10,1,16:00,295,23.27,2,0,On-Time
TRIP-13059,7,6,2,18:00,288,17.26,29,1,Delayed
TRIP-13060,17,10,3,11:00,297,9.27,3,0,On-Time
TRIP-13061,14,3,4,18:00,713,2.83,0,0,On-Time
TRIP-13062,7,2,1,09:00,540,21.87,1,0,On-Time
TRIP-13063,3,6,2,10:00,696,14.64,0,0,On-Time
TRIP-13064,6,5,4,10:00,144,1.95,41,1,Delayed
TRIP-13065,20,10,1,19:00,220,23.52,3,0,On-Time
TRIP-13066,2,5,3,09:00,526,13.58,2,0,On-Time
TRIP-13067,17,10,3,17:00,350,11.86,0,0,On-Time
TRIP-13068,12,5,1,11:00,414,23.95,2,0,On-Time
TRIP-13069,12,10,3,15:00,117,12.73,1,0,On-Time
TRIP-13070,17,5,3,06:00,201,13.46,1,0,On-Time
TRIP-13071,10,3,1,21:00,144,18.44,3,0,On-Time
TRIP-13072,3,7,1,09:00,360,26.05,1,0,On-Time
TRIP-13073,20,6,1,14:00,381,23.55,3,0,On-Time
TRIP-13074,18,4,1,23:00,204,24.24,1,0,On-Time
TRIP-13075,13,2,2,22:00,391,17.09,2,0,On-Time
TRIP-13076,12,9,2,20:00,432,15.42,1,0,On-Time
TRIP-13077,17,1,1,12:00,342,20.06,0,0,On-Time
TRIP-13078,4,4,4,23:00,440,-1.84,4,0,On-Time
TRIP-13079,10,1,1,11:00,375,22.19,0,0,On-Time
TRIP-13080,11,6,1,17:00,417,24.1,0,0,On-Time
TRIP-13081,6,4,1,08:00,380,20.96,3,0,On-Time
TRIP-13082,6,5,2,06:00,432,18.87,1,0,On-Time
TRIP-13083,9,5,1,10:00,619,24.06,2,0,On-Time
TRIP-13084,15,9,1,06:00,366,20.11,1,0,On-Time
TRIP-13085,2,1,1,13:00,241,26.84,40,1,Delayed
TRIP-13086,4,2,3,12:00,342,9.87,1,0,On-Time
TRIP-13087,5,6,4,20:00,473,0.99,4,0,On-Time
TRIP-13088,17,5,1,16:00,260,26.39,4,0,On-Time
TRIP-13089,8,7,1,23:00,170,27.22,0,0,On-Time
TRIP-13090,8,3,2,19:00,153,14.6,4,0,On-Time
TRIP-13091,12,3,3,14:00,204,10.97,4,0,On-Time
TRIP-13092,8,10,1,10:00,542,26.05,2,0,On-Time
TRIP-13093,19,2,4,09:00,694,3.77,44,1,Delayed
TRIP-13094,3,3,2,17:00,468,13.33,64,1,Delayed
TRIP-13095,18,10,2,06:00,318,16.46,2,0,On-Time
TRIP-13096,19,1,2,18:00,414,16.93,3,0,On-Time
TRIP-13097,19,5,4,06:00,251,-1.67,0,0,On-Time
TRIP-13098,15,5,3,08:00,355,10.73,2,0,On-Time
TRIP-13099,6,7,1,13:00,396,21.58,2,0,On-Time
TRIP-13100,16,4,1,23:00,323,21.23,0,0,On-Time
TRIP-13101,8,3,2,21:00,311,17.47,4,0,On-Time
TRIP-13102,16,1,1,21:00,251,23.56,0,0,On-Time
TRIP-13103,18,8,3,07:00,356,9.9,1,0,On-Time
TRIP-13104,20,3,3,22:00,156,5.81,0,0,On-Time
TRIP-13105,16,2,3,15:00,382,11.4,2,0,On-Time
TRIP-13106,11,4,4,12:00,410,1.25,54,1,Delayed
TRIP-13107,7,3,1,15:00,128,22.03,1,0,On-Time
TRIP-13108,17,1,3,14:00,327,10.42,4,0,On-Time
TRIP-13109,17,3,3,22:00,362,11.16,4,0,On-Time
TRIP-13110,12,2,1,14:00,366,20.79,3,0,On-Time
TRIP-13111,13,8,3,14:00,111,11.21,3,0,On-Time
TRIP-13112,10,6,1,10:00,379,24.02,1,0,On-Time
TRIP-13113,7,9,3,12:00,97,13.26,18,1,Delayed
TRIP-13114,14,8,2,16:00,142,18.86,4,0,On-Time
TRIP-13115,1,10,1,13:00,207,26.74,4,0,On-Time
TRIP-13116,17,3,2,19:00,152,16.36,3,0,On-Time
TRIP-13117,4,5,2,07:00,242,13.29,0,0,On-Time
TRIP-13118,5,7,1,15:00,330,30.58,48,1,Delayed
TRIP-13119,20,5,1,21:00,216,25.94,3,0,On-Time
TRIP-13120,7,8,1,21:00,397,29.07,3,0,On-Time
TRIP-13121,10,5,2,16:00,374,16.44,1,0,On-Time
TRIP-13122,17,1,3,11:00,258,9.4,1,0,On-Time
TRIP-13123,7,5,4,11:00,308,-2.24,25,1,Delayed
TRIP-13124,1,4,2,12:00,259,14.16,2,0,On-Time
TRIP-13125,7,6,3,21:00,151,12.66,46,1,Delayed
TRIP-13126,11,3,1,18:00,635,22.16,0,0,On-Time
TRIP-13127,9,5,3,08:00,259,11.73,2,0,On-Time
TRIP-13128,12,2,1,14:00,215,22.51,3,0,On-Time
TRIP-13129,3,6,1,08:00,475,21.97,2,0,On-Time
TRIP-13130,4,6,2,11:00,188,18.86,62,1,Delayed
TRIP-13131,4,5,1,22:00,198,21.42,3,0,On-Time
TRIP-13132,13,6,3,08:00,155,7.79,2,0,On-Time
TRIP-13133,19,7,3,07:00,411,15.36,1,0,On-Time
TRIP-13134,10,5,1,17:00,372,26.79,3,0,On-Time
TRIP-13135,5,1,1,11:00,90,23.4,4,0,On-Time
TRIP-13136,7,8,3,15:00,217,8.79,2,0,On-Time
TRIP-13137,16,4,3,16:00,141,11.16,1,0,On-Time
TRIP-13138,1,9,1,21:00,150,24.69,55,1,Delayed
TRIP-13139,12,10,1,21:00,140,28.48,3,0,On-Time
TRIP-13140,2,6,2,23:00,211,15.05,3,0,On-Time
TRIP-13141,7,1,2,14:00,140,17.14,4,0,On-Time
TRIP-13142,11,3,1,07:00,437,18.75,1,0,On-Time
TRIP-13143,13,3,1,06:00,348,27.76,3,0,On-Time
TRIP-13144,2,10,3,21:00,91,12.44,1,0,On-Time
TRIP-13145,7,4,2,23:00,114,16.41,3,0,On-Time
TRIP-13146,15,6,4,08:00,208,2.08,15,1,Delayed
TRIP-13147,11,7,3,06:00,122,10.53,4,0,On-Time
TRIP-13148,2,10,4,11:00,307,-0.78,47,1,Delayed
TRIP-13149,7,4,1,16:00,190,18.72,0,0,On-Time
TRIP-13150,4,6,3,13:00,401,11.62,2,0,On-Time
TRIP-13151,11,1,1,10:00,150,20.72,0,0,On-Time
TRIP-13152,2,8,2,14:00,256,19.13,4,0,On-Time
TRIP-13153,16,7,2,20:00,385,17.86,4,0,On-Time
TRIP-13154,7,9,1,19:00,188,27.1,3,0,On-Time
TRIP-13155,13,3,3,09:00,168,10.68,0,0,On-Time
TRIP-13156,5,2,3,13:00,191,11.2,1,0,On-Time
TRIP-13157,17,1,1,22:00,130,18.54,2,0,On-Time
TRIP-13158,12,3,2,07:00,446,16.2,2,0,On-Time
TRIP-13159,19,5,1,21:00,177,24.02,2,0,On-Time
TRIP-13160,7,2,1,15:00,249,27.23,4,0,On-Time
TRIP-13161,6,3,3,07:00,135,10.09,4,0,On-Time
TRIP-13162,8,4,1,16:00,300,26.22,3,0,On-Time
TRIP-13163,13,7,4,15:00,404,-1.94,28,1,Delayed
TRIP-13164,5,3,1,19:00,360,25.18,4,0,On-Time
TRIP-13165,2,9,2,16:00,339,14.48,2,0,On-Time
TRIP-13166,9,8,2,14:00,208,16.61,4,0,On-Time
TRIP-13167,11,4,1,12:00,129,28.46,0,0,On-Time
TRIP-13168,6,1,1,20:00,670,23.06,4,0,On-Time
TRIP-13169,7,1,3,22:00,405,11.61,0,0,On-Time
TRIP-13170,7,1,3,08:00,158,13.4,3,0,On-Time
TRIP-13171,19,1,1,20:00,404,22.89,4,0,On-Time
TRIP-13172,6,8,2,19:00,579,16.05,43,1,Delayed
TRIP-13173,11,3,1,13:00,105,22.85,0,0,On-Time
TRIP-13174,11,6,1,09:00,382,25.36,48,1,Delayed
TRIP-13175,7,3,2,15:00,89,16.68,20,1,Delayed
TRIP-13176,2,5,1,07:00,161,24.13,49,1,Delayed
TRIP-13177,19,7,3,19:00,536,13.36,1,0,On-Time
TRIP-13178,4,2,3,13:00,184,12.65,4,0,On-Time
TRIP-13179,6,6,4,15:00,219,-0.05,2,0,On-Time
TRIP-13180,17,6,2,23:00,281,15.57,2,0,On-Time
TRIP-13181,5,3,4,20:00,676,1.28,0,0,On-Time
TRIP-13182,7,6,2,10:00,164,16.29,1,0,On-Time
TRIP-13183,9,10,2,18:00,200,11.3,0,0,On-Time
TRIP-13184,1,10,4,23:00,296,4.66,15,1,Delayed
TRIP-13185,1,5,2,07:00,134,18.0,0,0,On-Time
TRIP-13186,19,2,1,18:00,251,31.88,2,0,On-Time
TRIP-13187,6,9,3,19:00,380,11.91,37,1,Delayed
TRIP-13188,18,8,4,15:00,423,1.06,0,0,On-Time
TRIP-13189,10,3,3,09:00,561,6.65,0,0,On-Time
TRIP-13190,11,8,2,20:00,363,19.16,60,1,Delayed
TRIP-13191,1,9,2,13:00,117,15.94,1,0,On-Time
TRIP-13192,1,3,4,20:00,304,-0.22,39,1,Delayed
TRIP-13193,13,3,1,19:00,150,23.57,1,0,On-Time
TRIP-13194,5,2,2,14:00,157,15.41,3,0,On-Time
TRIP-13195,20,8,1,08:00,248,23.91,1,0,On-Time
TRIP-13196,1,10,2,20:00,651,18.82,3,0,On-Time
TRIP-13197,20,1,2,22:00,354,14.92,2,0,On-Time
TRIP-13198,3,8,1,21:00,276,23.02,4,0,On-Time
TRIP-13199,18,7,1,09:00,476,23.2,0,0,On-Time
TRIP-13200,9,7,2,16:00,142,16.14,3,0,On-Time
TRIP-13201,14,3,1,13:00,440,21.91,2,0,On-Time
TRIP-13202,17,1,1,08:00,177,23.27,4,0,On-Time
TRIP-13203,14,4,3,19:00,499,14.14,3,0,On-Time
TRIP-13204,4,9,1,14:00,189,28.76,2,0,On-Time
TRIP-13205,5,5,2,08:00,390,18.24,0,0,On-Time
TRIP-13206,17,1,4,09:00,436,1.87,2,0,On-Time
TRIP-13207,2,5,1,09:00,137,25.19,2,0,On-Time
TRIP-13208,5,8,1,16:00,218,20.97,0,0,On-Time
TRIP-13209,4,8,2,21:00,422,17.38,3,0,On-Time
TRIP-13210,4,5,3,22:00,366,8.62,2,0,On-Time
TRIP-13211,6,9,4,15:00,380,-0.14,0,0,On-Time
TRIP-13212,20,1,4,22:00,135,-1.05,3,0,On-Time
TRIP-13213,13,4,3,21:00,239,11.93,0,0,On-Time
TRIP-13214,5,3,1,11:00,228,22.81,1,0,On-Time
TRIP-13215,7,2,1,12:00,366,24.64,3,0,On-Time
TRIP-13216,20,8,1,19:00,537,23.75,1,0,On-Time
TRIP-13217,1,7,1,16:00,218,18.96,2,0,On-Time
TRIP-13218,14,9,3,17:00,684,8.4,2,0,On-Time
TRIP-13219,4,2,2,19:00,644,23.01,2,0,On-Time
TRIP-13220,17,4,1,10:00,593,24.62,3,0,On-Time
TRIP-13221,14,6,3,10:00,662,12.22,4,0,On-Time
TRIP-13222,16,3,1,20:00,425,31.2,3,0,On-Time
TRIP-13223,14,8,1,06:00,402,23.64,3,0,On-Time
TRIP-13224,16,3,2,14:00,263,13.72,4,0,On-Time
TRIP-13225,20,2,1,08:00,617,25.66,3,0,On-Time
TRIP-13226,8,3,1,09:00,545,25.01,1,0,On-Time
TRIP-13227,3,6,1,21:00,389,23.92,4,0,On-Time
TRIP-13228,19,2,1,12:00,423,21.03,4,0,On-Time
TRIP-13229,1,8,3,19:00,358,6.72,1,0,On-Time
TRIP-13230,2,1,4,21:00,340,2.54,37,1,Delayed
TRIP-13231,15,7,1,23:00,81,25.46,4,0,On-Time
TRIP-13232,10,2,1,21:00,393,32.76,1,0,On-Time
TRIP-13233,18,10,3,21:00,91,13.04,0,0,On-Time
TRIP-13234,14,6,4,07:00,340,2.98,0,0,On-Time
TRIP-13235,17,2,1,15:00,441,19.34,0,0,On-Time
TRIP-13236,13,2,1,12:00,248,21.55,52,1,Delayed
TRIP-13237,1,10,3,20:00,363,9.58,2,0,On-Time
TRIP-13238,5,8,2,14:00,279,13.92,3,0,On-Time
TRIP-13239,13,2,1,12:00,391,21.82,4,0,On-Time
TRIP-13240,14,7,2,21:00,149,15.65,1,0,On-Time
TRIP-13241,3,3,1,08:00,625,26.43,3,0,On-Time
TRIP-13242,15,8,2,22:00,133,15.88,1,0,On-Time
TRIP-13243,19,7,2,13:00,338,15.72,4,0,On-Time
TRIP-13244,17,8,3,07:00,430,14.25,2,0,On-Time
TRIP-13245,3,7,2,08:00,171,15.46,1,0,On-Time
TRIP-13246,16,6,1,13:00,446,23.78,3,0,On-Time
TRIP-13247,14,7,1,07:00,442,24.73,3,0,On-Time
TRIP-13248,12,5,3,22:00,199,11.0,4,0,On-Time
TRIP-13249,12,7,1,10:00,339,18.22,0,0,On-Time
TRIP-13250,11,1,1,22:00,169,28.61,4,0,On-Time
TRIP-13251,17,1,1,15:00,95,20.72,4,0,On-Time
TRIP-13252,8,9,3,14:00,366,12.14,0,0,On-Time
TRIP-13253,17,5,2,11:00,363,14.1,2,0,On-Time
TRIP-13254,20,5,1,16:00,309,22.64,49,1,Delayed
TRIP-13255,11,3,1,07:00,216,24.73,3,0,On-Time
TRIP-13256,2,5,3,17:00,598,13.36,1,0,On-Time
TRIP-13257,10,3,2,17:00,489,13.87,1,0,On-Time
TRIP-13258,10,9,3,21:00,106,10.36,3,0,On-Time
TRIP-13259,11,9,3,17:00,657,12.16,56,1,Delayed
TRIP-13260,6,6,4,23:00,196,1.26,3,0,On-Time
TRIP-13261,4,1,1,18:00,268,26.16,44,1,Delayed
TRIP-13262,12,7,4,20:00,297,7.13,0,0,On-Time
TRIP-13263,11,7,1,21:00,300,19.82,4,0,On-Time
TRIP-13264,13,10,1,09:00,483,20.8,2,0,On-Time
TRIP-13265,5,10,3,17:00,321,11.52,4,0,On-Time
TRIP-13266,6,4,1,22:00,433,24.33,2,0,On-Time
TRIP-13267,1,8,1,06:00,112,32.63,24,1,Delayed
TRIP-13268,6,6,1,23:00,170,32.21,4,0,On-Time
TRIP-13269,18,4,2,21:00,263,12.06,1,0,On-Time
TRIP-13270,9,4,1,06:00,337,26.88,3,0,On-Time
TRIP-13271,15,2,3,15:00,92,7.21,3,0,On-Time
TRIP-13272,8,2,3,21:00,103,11.17,3,0,On-Time
TRIP-13273,19,4,2,19:00,646,17.49,2,0,On-Time
TRIP-13274,16,5,1,07:00,113,25.64,3,0,On-Time
TRIP-13275,6,8,4,11:00,326,-0.31,56,1,Delayed
TRIP-13276,6,6,1,10:00,675,27.24,2,0,On-Time
TRIP-13277,3,4,1,17:00,156,23.01,2,0,On-Time
TRIP-13278,10,7,1,09:00,174,24.22,1,0,On-Time
TRIP-13279,1,8,2,09:00,204,18.26,26,1,Delayed
TRIP-13280,14,2,1,10:00,414,27.58,1,0,On-Time
TRIP-13281,4,7,1,12:00,449,21.28,0,0,On-Time
TRIP-13282,12,2,1,11:00,305,24.63,1,0,On-Time
TRIP-13283,6,2,1,18:00,251,25.95,2,0,On-Time
TRIP-13284,11,8,2,09:00,457,14.45,0,0,On-Time
TRIP-13285,12,2,3,18:00,182,10.6,27,1,Delayed
TRIP-13286,10,9,3,09:00,526,10.88,1,0,On-Time
TRIP-13287,18,1,1,15:00,150,25.59,0,0,On-Time
TRIP-13288,7,9,1,06:00,443,21.72,3,0,On-Time
TRIP-13289,7,1,4,13:00,389,3.83,42,1,Delayed
TRIP-13290,11,10,1,12:00,358,30.18,2,0,On-Time
TRIP-13291,4,10,3,10:00,369,7.73,1,0,On-Time
TRIP-13292,20,2,1,08:00,489,26.82,1,0,On-Time
TRIP-13293,1,6,4,20:00,515,-0.14,4,0,On-Time
TRIP-13294,13,6,1,22:00,89,27.15,0,0,On-Time
TRIP-13295,18,1,1,18:00,633,24.24,1,0,On-Time
TRIP-13296,9,7,3,20:00,203,10.62,1,0,On-Time
TRIP-13297,9,8,2,19:00,305,17.87,1,0,On-Time
TRIP-13298,9,2,1,18:00,452,18.7,41,1,Delayed
TRIP-13299,10,8,2,17:00,377,18.67,4,0,On-Time
TRIP-13300,2,9,3,14:00,422,7.86,2,0,On-Time
TRIP-13301,6,6,1,08:00,168,17.65,1,0,On-Time
TRIP-13302,15,5,1,16:00,387,24.91,4,0,On-Time
TRIP-13303,3,9,2,15:00,245,13.78,3,0,On-Time
TRIP-13304,11,9,1,06:00,328,26.85,1,0,On-Time
TRIP-13305,6,1,2,22:00,341,15.67,0,0,On-Time
TRIP-13306,3,3,1,18:00,548,19.67,4,0,On-Time
TRIP-13307,11,9,1,19:00,153,24.87,0,0,On-Time
TRIP-13308,15,2,1,06:00,155,29.57,2,0,On-Time
TRIP-13309,13,4,2,07:00,333,14.6,3,0,On-Time
TRIP-13310,20,4,1,07:00,285,25.83,0,0,On-Time
TRIP-13311,10,2,1,12:00,113,31.18,1,0,On-Time
TRIP-13312,6,3,1,14:00,226,18.97,39,1,Delayed
TRIP-13313,15,3,4,09:00,648,0.8,48,1,Delayed
TRIP-13314,18,1,1,07:00,417,25.69,4,0,On-Time
TRIP-13315,18,6,3,10:00,491,13.05,54,1,Delayed
TRIP-13316,7,8,1,14:00,197,21.87,0,0,On-Time
TRIP-13317,15,3,1,18:00,390,31.31,2,0,On-Time
TRIP-13318,18,5,2,17:00,187,17.62,4,0,On-Time
TRIP-13319,18,1,2,14:00,437,15.89,1,0,On-Time
TRIP-13320,20,10,4,15:00,375,-0.23,4,0,On-Time
TRIP-13321,9,7,4,15:00,216,1.26,31,1,Delayed
TRIP-13322,2,10,3,17:00,620,6.84,0,0,On-Time
TRIP-13323,8,1,2,19:00,520,17.2,1,0,On-Time
TRIP-13324,20,9,2,13:00,277,14.38,1,0,On-Time
TRIP-13325,2,8,1,21:00,145,19.51,49,1,Delayed
TRIP-13326,11,7,4,22:00,159,3.25,4,0,On-Time
TRIP-13327,7,10,2,09:00,209,14.13,1,0,On-Time
TRIP-13328,6,7,2,11:00,208,17.79,4,0,On-Time
TRIP-13329,10,5,1,17:00,715,22.36,4,0,On-Time
TRIP-13330,5,5,1,23:00,80,19.69,58,1,Delayed
TRIP-13331,11,5,4,12:00,246,5.57,2,0,On-Time
TRIP-13332,1,1,1,10:00,152,25.11,2,0,On-Time
TRIP-13333,2,8,1,15:00,224,24.33,4,0,On-Time
TRIP-13334,1,1,1,11:00,191,25.16,0,0,On-Time
TRIP-13335,19,4,3,19:00,715,12.39,2,0,On-Time
TRIP-13336,2,9,1,11:00,181,25.73,4,0,On-Time
TRIP-13337,20,9,3,19:00,257,14.69,1,0,On-Time
TRIP-13338,4,5,1,17:00,284,31.11,1,0,On-Time
TRIP-13339,12,4,3,17:00,380,8.06,3,0,On-Time
TRIP-13340,20,3,3,13:00,119,14.37,3,0,On-Time
TRIP-13341,18,3,1,15:00,234,28.27,3,0,On-Time
TRIP-13342,1,5,2,21:00,115,14.48,2,0,On-Time
TRIP-13343,1,10,1,13:00,326,26.41,1,0,On-Time
TRIP-13344,14,1,1,14:00,83,23.35,1,0,On-Time
TRIP-13345,4,5,3,18:00,576,13.03,2,0,On-Time
TRIP-13346,5,6,1,22:00,430,23.98,1,0,On-Time
TRIP-13347,11,7,1,22:00,413,19.6,1,0,On-Time
TRIP-13348,13,9,1,12:00,328,24.7,4,0,On-Time
TRIP-13349,16,3,1,06:00,91,26.4,1,0,On-Time
TRIP-13350,13,2,3,19:00,579,12.36,4,0,On-Time
TRIP-13351,2,3,1,22:00,295,24.69,3,0,On-Time
TRIP-13352,16,9,4,18:00,636,1.74,52,1,Delayed
TRIP-13353,6,7,4,07:00,390,0.36,4,0,On-Time
TRIP-13354,14,9,1,19:00,257,24.27,1,0,On-Time
TRIP-13355,1,2,1,06:00,93,23.06,3,0,On-Time
TRIP-13356,17,5,3,10:00,216,13.22,0,0,On-Time
TRIP-13357,11,4,1,12:00,421,24.48,0,0,On-Time
TRIP-13358,19,2,1,19:00,577,17.59,3,0,On-Time
TRIP-13359,3,9,1,19:00,444,22.95,3,0,On-Time
TRIP-13360,11,9,2,20:00,683,16.79,26,1,Delayed
TRIP-13361,5,6,3,10:00,392,8.2,0,0,On-Time
TRIP-13362,17,6,1,10:00,593,24.12,1,0,On-Time
TRIP-13363,7,8,1,07:00,225,18.15,4,0,On-Time
TRIP-13364,10,6,4,23:00,157,0.2,4,0,On-Time
TRIP-13365,11,1,3,14:00,191,10.29,0,0,On-Time
TRIP-13366,3,4,2,15:00,102,18.52,0,0,On-Time
TRIP-13367,20,7,3,23:00,195,12.02,2,0,On-Time
TRIP-13368,10,2,1,09:00,353,19.19,0,0,On-Time
TRIP-13369,10,9,3,13:00,276,8.42,4,0,On-Time
TRIP-13370,14,8,1,23:00,357,23.85,1,0,On-Time
TRIP-13371,12,8,1,22:00,107,21.21,2,0,On-Time
TRIP-13372,15,7,3,21:00,378,13.81,4,0,On-Time
TRIP-13373,10,4,1,23:00,155,25.92,1,0,On-Time
TRIP-13374,10,2,4,12:00,97,3.79,56,1,Delayed
TRIP-13375,19,3,1,06:00,179,24.98,2,0,On-Time
TRIP-13376,1,6,4,06:00,203,-0.18,2,0,On-Time
TRIP-13377,10,5,4,23:00,444,3.95,2,0,On-Time
TRIP-13378,2,8,1,09:00,593,23.58,2,0,On-Time
TRIP-13379,17,6,3,09:00,326,12.99,2,0,On-Time
TRIP-13380,7,6,1,11:00,86,28.24,3,0,On-Time
TRIP-13381,7,1,4,08:00,163,3.87,1,0,On-Time
TRIP-13382,20,4,2,11:00,241,16.7,36,1,Delayed
TRIP-13383,9,5,3,18:00,313,12.73,0,0,On-Time
TRIP-13384,2,3,2,12:00,449,14.62,62,1,Delayed
TRIP-13385,14,9,1,09:00,689,22.37,3,0,On-Time
TRIP-13386,17,1,1,06:00,100,27.64,3,0,On-Time
TRIP-13387,1,6,1,11:00,331,24.3,2,0,On-Time
TRIP-13388,9,6,3,10:00,648,10.84,3,0,On-Time
TRIP-13389,20,10,2,18:00,620,14.9,4,0,On-Time
TRIP-13390,19,5,2,09:00,260,15.58,3,0,On-Time
TRIP-13391,4,5,1,11:00,441,24.92,38,1,Delayed
TRIP-13392,8,10,2,18:00,192,13.98,31,1,Delayed
TRIP-13393,13,5,1,10:00,451,23.57,2,0,On-Time
TRIP-13394,4,6,3,18:00,331,9.53,53,1,Delayed
TRIP-13395,9,8,4,15:00,221,-1.19,0,0,On-Time
TRIP-13396,9,2,1,08:00,676,21.28,2,0,On-Time
TRIP-13397,18,6,1,18:00,291,28.96,1,0,On-Time
TRIP-13398,12,1,1,17:00,297,25.02,1,0,On-Time
TRIP-13399,10,4,2,09:00,153,13.73,2,0,On-Time
TRIP-13400,11,10,2,15:00,104,15.84,3,0,On-Time
TRIP-13401,7,3,3,08:00,228,9.08,2,0,On-Time
TRIP-13402,9,9,1,22:00,421,29.15,3,0,On-Time
TRIP-13403,6,3,3,14:00,316,10.85,4,0,On-Time
TRIP-13404,19,6,2,06:00,255,19.61,21,1,Delayed
TRIP-13405,16,1,1,23:00,370,28.13,0,0,On-Time
TRIP-13406,15,6,2,14:00,372,15.06,4,0,On-Time
TRIP-13407,7,4,1,14:00,390,25.46,4,0,On-Time
TRIP-13408,16,8,2,07:00,235,16.57,4,0,On-Time
TRIP-13409,5,9,3,21:00,132,8.18,0,0,On-Time
TRIP-13410,16,4,1,08:00,243,16.81,29,1,Delayed
TRIP-13411,1,10,3,21:00,262,12.37,44,1,Delayed
TRIP-13412,19,10,2,18:00,716,17.33,3,0,On-Time
TRIP-13413,5,6,1,08:00,428,24.9,1,0,On-Time
TRIP-13414,7,1,2,15:00,92,15.93,37,1,Delayed
TRIP-13415,19,4,2,23:00,126,17.79,0,0,On-Time
TRIP-13416,5,7,1,11:00,239,26.53,2,0,On-Time
TRIP-13417,17,1,1,11:00,363,24.44,1,0,On-Time
TRIP-13418,8,8,1,23:00,132,25.76,4,0,On-Time
TRIP-13419,1,10,1,11:00,366,20.95,4,0,On-Time
TRIP-13420,2,6,1,11:00,87,22.91,4,0,On-Time
TRIP-13421,15,5,1,18:00,241,23.81,1,0,On-Time
TRIP-13422,20,10,1,19:00,283,27.3,2,0,On-Time
TRIP-13423,18,9,4,12:00,166,1.79,2,0,On-Time
TRIP-13424,11,2,1,18:00,654,23.92,4,0,On-Time
TRIP-13425,10,5,3,20:00,288,12.91,1,0,On-Time
TRIP-13426,4,6,2,17:00,576,16.21,4,0,On-Time
TRIP-13427,5,7,3,06:00,368,7.66,3,0,On-Time
TRIP-13428,4,5,1,08:00,505,24.42,3,0,On-Time
TRIP-13429,13,9,4,23:00,275,2.17,1,0,On-Time
TRIP-13430,13,1,2,13:00,176,16.13,3,0,On-Time
TRIP-13431,18,7,3,07:00,447,7.36,0,0,On-Time
TRIP-13432,2,10,1,09:00,280,27.75,44,1,Delayed
TRIP-13433,16,7,1,23:00,340,20.48,0,0,On-Time
TRIP-13434,1,4,2,18:00,320,16.42,3,0,On-Time
TRIP-13435,19,9,1,20:00,712,28.56,2,0,On-Time
TRIP-13436,9,5,2,07:00,352,15.86,0,0,On-Time
TRIP-13437,3,4,1,15:00,411,24.59,4,0,On-Time
TRIP-13438,7,7,2,07:00,131,15.77,2,0,On-Time
TRIP-13439,10,4,4,17:00,635,-0.93,58,1,Delayed
TRIP-13440,1,3,2,10:00,387,14.37,3,0,On-Time
TRIP-13441,10,9,3,17:00,430,5.66,4,0,On-Time
TRIP-13442,9,8,2,06:00,356,15.76,1,0,On-Time
TRIP-13443,15,1,2,07:00,164,16.81,3,0,On-Time
TRIP-13444,15,7,4,21:00,273,2.34,3,0,On-Time
TRIP-13445,3,9,3,07:00,260,8.65,4,0,On-Time
TRIP-13446,5,8,3,21:00,100,10.92,31,1,Delayed
TRIP-13447,9,8,1,21:00,282,27.78,3,0,On-Time
TRIP-13448,9,6,2,11:00,281,17.84,3,0,On-Time
TRIP-13449,7,4,1,18:00,368,25.33,2,0,On-Time
TRIP-13450,12,8,1,17:00,380,26.15,0,0,On-Time
TRIP-13451,9,3,2,15:00,389,17.67,34,1,Delayed
TRIP-13452,6,9,3,10:00,168,12.22,2,0,On-Time
TRIP-13453,2,2,3,13:00,388,10.49,4,0,On-Time
TRIP-13454,9,2,1,11:00,145,22.3,2,0,On-Time
TRIP-13455,17,7,1,10:00,547,22.93,3,0,On-Time
TRIP-13456,1,10,3,11:00,246,10.41,3,0,On-Time
TRIP-13457,19,4,1,22:00,367,23.68,2,0,On-Time
TRIP-13458,6,10,2,11:00,233,19.1,3,0,On-Time
TRIP-13459,5,8,1,22:00,422,24.04,0,0,On-Time
TRIP-13460,2,9,1,10:00,456,21.14,4,0,On-Time
TRIP-13461,9,7,4,22:00,232,4.43,34,1,Delayed
TRIP-13462,14,5,1,22:00,263,28.62,1,0,On-Time
TRIP-13463,4,8,1,18:00,380,21.55,2,0,On-Time
TRIP-13464,4,4,1,12:00,273,21.47,2,0,On-Time
TRIP-13465,15,2,4,11:00,81,-0.3,3,0,On-Time
TRIP-13466,8,6,3,19:00,470,13.27,20,1,Delayed
TRIP-13467,4,9,1,21:00,254,19.95,1,0,On-Time
TRIP-13468,16,1,1,08:00,246,19.38,2,0,On-Time
TRIP-13469,4,10,2,14:00,364,15.03,61,1,Delayed
TRIP-13470,16,7,1,20:00,329,26.15,2,0,On-Time
TRIP-13471,12,10,2,23:00,128,17.53,2,0,On-Time
TRIP-13472,16,9,1,15:00,111,23.79,1,0,On-Time
TRIP-13473,19,10,1,15:00,237,24.55,4,0,On-Time
TRIP-13474,8,9,2,08:00,150,16.93,0,0,On-Time
TRIP-13475,6,10,1,06:00,397,26.58,1,0,On-Time
TRIP-13476,10,3,3,08:00,660,11.46,0,0,On-Time
TRIP-13477,5,5,1,10:00,515,25.57,2,0,On-Time
TRIP-13478,18,8,1,12:00,96,26.04,4,0,On-Time
TRIP-13479,10,8,4,08:00,161,4.48,1,0,On-Time
TRIP-13480,10,4,1,09:00,516,20.93,4,0,On-Time
TRIP-13481,7,1,3,22:00,160,12.05,1,0,On-Time
TRIP-13482,18,1,1,08:00,356,29.05,3,0,On-Time
TRIP-13483,1,4,2,09:00,139,15.56,1,0,On-Time
TRIP-13484,7,6,3,07:00,246,13.09,0,0,On-Time
TRIP-13485,1,8,1,19:00,585,22.57,3,0,On-Time
TRIP-13486,15,6,3,10:00,555,14.34,2,0,On-Time
TRIP-13487,4,9,2,07:00,368,14.73,1,0,On-Time
TRIP-13488,20,9,1,20:00,424,19.52,0,0,On-Time
TRIP-13489,10,2,2,16:00,91,16.26,64,1,Delayed
TRIP-13490,9,10,2,15:00,360,17.57,0,0,On-Time
TRIP-13491,2,1,1,06:00,383,21.45,2,0,On-Time
TRIP-13492,14,2,1,19:00,259,22.7,1,0,On-Time
TRIP-13493,16,5,1,19:00,214,30.43,4,0,On-Time
TRIP-13494,1,4,1,06:00,210,23.7,33,1,Delayed
TRIP-13495,2,4,3,14:00,204,7.45,4,0,On-Time
TRIP-13496,7,9,2,22:00,404,19.56,2,0,On-Time
TRIP-13497,10,8,4,19:00,208,1.98,53,1,Delayed
TRIP-13498,20,6,1,18:00,169,32.86,1,0,On-Time
TRIP-13499,1,1,1,18:00,390,25.47,0,0,On-Time
TRIP-13500,13,2,3,11:00,360,9.66,1,0,On-Time
TRIP-13501,1,6,2,12:00,112,19.65,2,0,On-Time
TRIP-13502,5,2,2,07:00,141,16.04,3,0,On-Time
TRIP-13503,16,10,1,13:00,224,21.04,0,0,On-Time
TRIP-13504,15,5,1,11:00,250,21.73,4,0,On-Time
TRIP-13505,17,5,1,08:00,584,26.8,0,0,On-Time
TRIP-13506,16,6,4,23:00,376,3.58,0,0,On-Time
TRIP-13507,13,6,1,23:00,196,23.72,1,0,On-Time
TRIP-13508,11,6,3,11:00,83,7.7,2,0,On-Time
TRIP-13509,17,2,2,16:00,145,17.94,1,0,On-Time
TRIP-13510,17,10,1,08:00,222,20.13,2,0,On-Time
TRIP-13511,2,3,2,21:00,366,12.9,3,0,On-Time
TRIP-13512,13,6,3,10:00,678,12.47,1,0,On-Time
TRIP-13513,14,8,3,07:00,308,10.66,3,0,On-Time
TRIP-13514,11,1,1,20:00,286,22.12,2,0,On-Time
TRIP-13515,10,1,1,21:00,198,20.7,0,0,On-Time
TRIP-13516,3,2,1,12:00,148,26.14,3,0,On-Time
TRIP-13517,17,6,1,21:00,231,29.76,3,0,On-Time
TRIP-13518,15,9,2,09:00,574,15.56,38,1,Delayed
TRIP-13519,9,4,3,21:00,300,10.59,2,0,On-Time
TRIP-13520,10,3,1,22:00,302,26.15,1,0,On-Time
TRIP-13521,8,8,3,07:00,244,12.9,1,0,On-Time
TRIP-13522,13,10,2,21:00,290,19.01,2,0,On-Time
TRIP-13523,18,9,1,09:00,572,20.74,3,0,On-Time
TRIP-13524,5,5,1,12:00,142,23.63,4,0,On-Time
TRIP-13525,6,9,3,23:00,449,10.38,1,0,On-Time
TRIP-13526,17,2,3,11:00,341,10.59,2,0,On-Time
TRIP-13527,11,3,2,23:00,85,15.04,4,0,On-Time
TRIP-13528,20,7,1,12:00,327,25.25,55,1,Delayed
TRIP-13529,16,7,1,07:00,308,21.79,4,0,On-Time
TRIP-13530,9,6,1,14:00,365,24.43,4,0,On-Time
TRIP-13531,2,6,2,09:00,537,12.94,25,1,Delayed
TRIP-13532,5,2,3,19:00,227,9.19,1,0,On-Time
TRIP-13533,1,10,1,10:00,171,23.39,4,0,On-Time
TRIP-13534,4,6,3,12:00,424,13.11,4,0,On-Time
TRIP-13535,4,4,2,13:00,132,16.45,2,0,On-Time
TRIP-13536,3,3,2,20:00,529,13.82,2,0,On-Time
TRIP-13537,9,2,4,16:00,117,0.82,55,1,Delayed
TRIP-13538,12,1,1,09:00,619,23.04,4,0,On-Time
TRIP-13539,10,5,4,23:00,413,1.83,0,0,On-Time
TRIP-13540,2,2,1,19:00,348,31.8,2,0,On-Time
TRIP-13541,11,2,1,11:00,132,20.89,1,0,On-Time
TRIP-13542,10,7,3,21:00,173,8.13,3,0,On-Time
TRIP-13543,6,8,4,23:00,173,1.66,3,0,On-Time
TRIP-13544,18,10,2,06:00,342,13.73,0,0,On-Time
TRIP-13545,2,8,2,13:00,402,13.59,2,0,On-Time
TRIP-13546,2,4,3,06:00,216,9.92,3,0,On-Time
TRIP-13547,10,1,3,06:00,335,11.21,4,0,On-Time
TRIP-13548,16,7,1,15:00,116,23.93,1,0,On-Time
TRIP-13549,12,1,3,23:00,221,9.22,2,0,On-Time
TRIP-13550,1,4,2,17:00,361,17.57,0,0,On-Time
TRIP-13551,8,8,2,22:00,87,16.7,15,1,Delayed
TRIP-13552,16,2,1,06:00,330,26.32,64,1,Delayed
TRIP-13553,18,6,2,13:00,214,13.9,2,0,On-Time
TRIP-13554,13,6,4,15:00,138,3.74,39,1,Delayed
TRIP-13555,15,9,2,15:00,202,18.74,4,0,On-Time
TRIP-13556,12,5,4,23:00,342,2.9,54,1,Delayed
TRIP-13557,8,10,1,14:00,199,27.59,0,0,On-Time
TRIP-13558,10,4,3,07:00,338,13.33,4,0,On-Time
TRIP-13559,14,5,3,08:00,643,9.72,28,1,Delayed
TRIP-13560,5,10,2,07:00,97,13.48,47,1,Delayed
TRIP-13561,18,5,2,11:00,380,15.42,4,0,On-Time
TRIP-13562,19,8,2,17:00,691,16.87,3,0,On-Time
TRIP-13563,15,10,3,20:00,273,12.53,2,0,On-Time
TRIP-13564,6,8,3,17:00,388,9.7,2,0,On-Time
TRIP-13565,11,2,1,23:00,223,20.47,1,0,On-Time
TRIP-13566,11,7,3,21:00,414,6.2,2,0,On-Time
TRIP-13567,20,8,1,07:00,394,26.18,2,0,On-Time
TRIP-13568,20,6,1,16:00,317,24.51,4,0,On-Time
TRIP-13569,18,5,3,17:00,404,14.45,27,1,Delayed
TRIP-13570,18,9,1,10:00,259,18.23,1,0,On-Time
TRIP-13571,10,3,3,11:00,236,9.11,2,0,On-Time
TRIP-13572,2,10,1,16:00,188,23.45,4,0,On-Time
TRIP-13573,9,4,1,15:00,257,19.48,4,0,On-Time
TRIP-13574,14,9,2,09:00,526,17.57,0,0,On-Time
TRIP-13575,19,6,1,14:00,332,28.7,3,0,On-Time
TRIP-13576,10,8,3,17:00,214,11.61,2,0,On-Time
TRIP-13577,4,7,1,15:00,234,26.41,3,0,On-Time
TRIP-13578,6,2,1,19:00,272,26.88,0,0,On-Time
TRIP-13579,14,3,1,10:00,668,19.93,4,0,On-Time
TRIP-13580,4,1,1,06:00,205,24.74,3,0,On-Time
TRIP-13581,15,9,3,10:00,665,10.61,62,1,Delayed
TRIP-13582,16,7,1,21:00,248,22.79,3,0,On-Time
TRIP-13583,7,1,2,10:00,348,14.34,4,0,On-Time
TRIP-13584,17,3,4,10:00,134,1.18,56,1,Delayed
TRIP-13585,19,4,2,23:00,145,16.55,1,0,On-Time
TRIP-13586,19,4,3,11:00,190,10.71,54,1,Delayed
TRIP-13587,17,5,1,23:00,263,26.26,3,0,On-Time
TRIP-13588,6,3,1,15:00,347,23.14,2,0,On-Time
TRIP-13589,11,3,3,20:00,398,9.96,1,0,On-Time
TRIP-13590,16,1,3,16:00,441,10.65,0,0,On-Time
TRIP-13591,8,7,2,18:00,516,14.09,2,0,On-Time
TRIP-13592,11,10,2,08:00,656,11.48,4,0,On-Time
TRIP-13593,7,1,1,21:00,217,21.13,3,0,On-Time
TRIP-13594,19,2,1,12:00,107,29.76,1,0,On-Time
TRIP-13595,10,4,3,17:00,137,10.29,2,0,On-Time
TRIP-13596,9,4,2,20:00,659,14.53,1,0,On-Time
TRIP-13597,4,5,2,13:00,396,17.64,1,0,On-Time
TRIP-13598,15,2,3,22:00,130,8.29,2,0,On-Time
TRIP-13599,13,4,1,06:00,215,18.34,3,0,On-Time
TRIP-13600,2,1,1,13:00,257,23.67,0,0,On-Time
TRIP-13601,2,2,3,19:00,332,9.55,2,0,On-Time
TRIP-13602,16,1,3,15:00,276,11.07,0,0,On-Time
TRIP-13603,9,10,2,13:00,346,14.68,50,1,Delayed
TRIP-13604,13,10,1,09:00,297,25.74,1,0,On-Time
TRIP-13605,3,4,1,15:00,127,23.69,3,0,On-Time
TRIP-13606,9,4,2,08:00,347,14.26,56,1,Delayed
TRIP-13607,13,7,1,09:00,291,26.92,2,0,On-Time
TRIP-13608,2,10,3,21:00,126,12.17,16,1,Delayed
TRIP-13609,8,9,4,09:00,371,2.06,47,1,Delayed
TRIP-13610,9,9,3,18:00,715,10.12,2,0,On-Time
TRIP-13611,16,5,1,22:00,85,27.09,1,0,On-Time
TRIP-13612,2,10,3,21:00,90,11.79,3,0,On-Time
TRIP-13613,6,1,1,22:00,96,22.16,4,0,On-Time
TRIP-13614,8,1,1,11:00,222,23.57,4,0,On-Time
TRIP-13615,5,6,1,08:00,561,26.44,1,0,On-Time
TRIP-13616,9,2,1,09:00,625,23.25,2,0,On-Time
TRIP-13617,1,8,4,13:00,145,0.82,1,0,On-Time
TRIP-13618,9,9,1,14:00,418,27.75,4,0,On-Time
TRIP-13619,10,4,1,06:00,410,22.98,3,0,On-Time
TRIP-13620,4,5,4,18:00,536,-0.81,2,0,On-Time
TRIP-13621,3,8,1,07:00,206,19.18,1,0,On-Time
TRIP-13622,10,3,3,15:00,210,9.21,2,0,On-Time
TRIP-13623,15,5,1,22:00,97,19.9,3,0,On-Time
TRIP-13624,11,3,1,18:00,457,24.35,4,0,On-Time
TRIP-13625,14,10,4,19:00,268,-0.48,1,0,On-Time
TRIP-13626,6,3,1,16:00,322,23.52,4,0,On-Time
TRIP-13627,12,3,2,15:00,429,14.11,1,0,On-Time
TRIP-13628,13,7,1,12:00,96,19.92,2,0,On-Time
TRIP-13629,17,7,1,15:00,302,29.04,0,0,On-Time
TRIP-13630,16,7,1,06:00,449,23.93,1,0,On-Time
TRIP-13631,3,10,1,19:00,707,22.64,1,0,On-Time
TRIP-13632,2,8,1,08:00,462,28.69,4,0,On-Time
TRIP-13633,11,5,3,18:00,284,15.05,22,1,Delayed
TRIP-13634,9,5,2,07:00,92,16.87,0,0,On-Time
TRIP-13635,3,4,1,22:00,398,21.87,0,0,On-Time
TRIP-13636,18,7,1,08:00,558,21.43,0,0,On-Time
TRIP-13637,20,10,4,20:00,425,1.41,3,0,On-Time
TRIP-13638,15,4,4,13:00,353,2.42,2,0,On-Time
TRIP-13639,14,2,3,11:00,212,11.26,1,0,On-Time
TRIP-13640,2,4,3,14:00,93,10.16,2,0,On-Time
TRIP-13641,17,8,1,16:00,360,19.52,2,0,On-Time
TRIP-13642,8,9,1,07:00,123,24.83,2,0,On-Time
TRIP-13643,10,3,2,14:00,374,13.45,21,1,Delayed
TRIP-13644,18,7,2,23:00,183,16.35,3,0,On-Time
TRIP-13645,19,9,2,23:00,141,13.41,4,0,On-Time
TRIP-13646,8,4,1,10:00,211,21.39,3,0,On-Time
TRIP-13647,8,10,4,23:00,388,1.47,51,1,Delayed
TRIP-13648,3,3,3,17:00,315,11.53,0,0,On-Time
TRIP-13649,3,5,1,09:00,640,25.08,4,0,On-Time
TRIP-13650,12,1,3,20:00,336,13.9,1,0,On-Time
TRIP-13651,17,3,1,16:00,378,26.47,0,0,On-Time
TRIP-13652,4,8,1,10:00,616,23.09,3,0,On-Time
TRIP-13653,17,8,1,11:00,278,20.26,2,0,On-Time
TRIP-13654,14,4,1,18:00,184,28.5,27,1,Delayed
TRIP-13655,19,2,1,15:00,358,22.66,2,0,On-Time
TRIP-13656,9,8,3,19:00,472,8.64,2,0,On-Time
TRIP-13657,12,8,1,09:00,244,25.1,2,0,On-Time
TRIP-13658,5,10,2,17:00,616,11.91,4,0,On-Time
TRIP-13659,11,4,1,20:00,214,25.18,0,0,On-Time
TRIP-13660,20,3,1,15:00,91,27.45,2,0,On-Time
TRIP-13661,3,2,3,16:00,162,13.59,1,0,On-Time
TRIP-13662,15,9,2,14:00,111,14.49,54,1,Delayed
TRIP-13663,14,1,4,16:00,165,-0.04,0,0,On-Time
TRIP-13664,11,7,4,07:00,311,4.82,1,0,On-Time
TRIP-13665,20,5,1,18:00,566,26.42,4,0,On-Time
TRIP-13666,8,8,1,13:00,280,20.97,4,0,On-Time
TRIP-13667,4,4,3,13:00,130,10.5,0,0,On-Time
TRIP-13668,12,7,4,06:00,399,0.35,50,1,Delayed
TRIP-13669,8,5,2,11:00,335,16.52,1,0,On-Time
TRIP-13670,6,5,3,18:00,512,7.65,3,0,On-Time
TRIP-13671,15,9,3,14:00,284,10.3,2,0,On-Time
TRIP-13672,12,9,1,11:00,275,22.61,3,0,On-Time
TRIP-13673,16,9,2,20:00,516,13.7,1,0,On-Time
TRIP-13674,16,6,3,21:00,399,13.23,3,0,On-Time
TRIP-13675,20,6,2,09:00,128,16.98,3,0,On-Time
TRIP-13676,20,5,1,22:00,168,30.45,0,0,On-Time
TRIP-13677,4,9,1,14:00,361,25.29,34,1,Delayed
TRIP-13678,11,10,1,17:00,348,26.58,0,0,On-Time
TRIP-13679,13,8,1,17:00,265,22.07,49,1,Delayed
TRIP-13680,9,7,4,11:00,81,2.68,3,0,On-Time
TRIP-13681,4,7,1,17:00,684,27.99,4,0,On-Time
TRIP-13682,12,6,1,14:00,247,25.5,4,0,On-Time
TRIP-13683,9,5,1,10:00,316,23.74,0,0,On-Time
TRIP-13684,13,4,2,08:00,254,16.35,4,0,On-Time
TRIP-13685,16,3,2,07:00,190,12.01,2,0,On-Time
TRIP-13686,6,3,1,13:00,244,27.27,4,0,On-Time
TRIP-13687,10,6,1,15:00,298,21.45,4,0,On-Time
TRIP-13688,13,4,1,20:00,134,23.16,2,0,On-Time
TRIP-13689,7,6,2,14:00,294,13.41,2,0,On-Time
TRIP-13690,19,3,1,15:00,274,27.29,1,0,On-Time
TRIP-13691,19,4,4,16:00,361,1.18,3,0,On-Time
TRIP-13692,17,9,2,14:00,85,15.82,56,1,Delayed
TRIP-13693,13,5,1,19:00,606,25.92,0,0,On-Time
TRIP-13694,13,7,3,10:00,219,10.26,1,0,On-Time
TRIP-13695,2,10,1,14:00,416,28.26,1,0,On-Time
TRIP-13696,10,2,2,09:00,609,14.18,1,0,On-Time
TRIP-13697,13,5,1,07:00,181,28.24,1,0,On-Time
TRIP-13698,9,9,2,06:00,127,17.44,39,1,Delayed
TRIP-13699,1,3,3,06:00,449,9.91,1,0,On-Time
TRIP-13700,14,9,4,17:00,568,3.57,38,1,Delayed
TRIP-13701,16,6,1,16:00,242,23.11,3,0,On-Time
TRIP-13702,20,4,1,06:00,411,20.28,1,0,On-Time
TRIP-13703,15,7,2,19:00,440,14.77,3,0,On-Time
TRIP-13704,1,8,4,16:00,444,1.79,63,1,Delayed
TRIP-13705,17,6,4,12:00,403,4.02,0,0,On-Time
TRIP-13706,13,5,1,07:00,211,24.55,2,0,On-Time
TRIP-13707,15,6,1,20:00,232,21.33,1,0,On-Time
TRIP-13708,16,5,2,13:00,162,16.39,4,0,On-Time
TRIP-13709,16,8,1,20:00,550,27.49,4,0,On-Time
TRIP-13710,2,1,1,13:00,308,24.01,0,0,On-Time
TRIP-13711,17,7,1,15:00,352,30.83,1,0,On-Time
TRIP-13712,11,10,2,08:00,476,16.09,1,0,On-Time
TRIP-13713,8,10,4,19:00,486,2.66,50,1,Delayed
TRIP-13714,20,2,4,14:00,192,0.54,1,0,On-Time
TRIP-13715,3,9,1,14:00,219,27.93,0,0,On-Time
TRIP-13716,12,1,2,11:00,264,13.61,29,1,Delayed
TRIP-13717,20,10,3,13:00,252,11.68,0,0,On-Time
TRIP-13718,16,6,1,16:00,90,21.95,4,0,On-Time
TRIP-13719,14,9,2,13:00,238,21.78,1,0,On-Time
TRIP-13720,16,1,1,17:00,454,24.36,2,0,On-Time
TRIP-13721,17,4,1,15:00,309,24.59,3,0,On-Time
TRIP-13722,11,4,1,09:00,168,19.16,0,0,On-Time
TRIP-13723,17,9,1,21:00,398,25.03,0,0,On-Time
TRIP-13724,19,5,2,11:00,238,16.86,4,0,On-Time
TRIP-13725,1,5,1,14:00,357,28.19,4,0,On-Time
TRIP-13726,12,6,1,10:00,363,27.49,3,0,On-Time
TRIP-13727,15,1,1,11:00,345,21.43,4,0,On-Time
TRIP-13728,18,1,3,22:00,162,11.98,0,0,On-Time
TRIP-13729,14,9,2,22:00,105,14.75,1,0,On-Time
TRIP-13730,1,3,2,18:00,240,14.17,1,0,On-Time
TRIP-13731,13,4,2,22:00,116,16.12,4,0,On-Time
TRIP-13732,15,1,1,19:00,339,20.56,3,0,On-Time
TRIP-13733,7,9,1,07:00,205,20.35,1,0,On-Time
TRIP-13734,15,8,3,08:00,310,13.82,0,0,On-Time
TRIP-13735,20,2,1,07:00,171,24.06,1,0,On-Time
TRIP-13736,10,8,1,07:00,321,17.82,3,0,On-Time
TRIP-13737,14,7,3,12:00,279,11.12,4,0,On-Time
TRIP-13738,6,6,1,09:00,457,25.97,2,0,On-Time
TRIP-13739,14,1,1,22:00,196,28.48,17,1,Delayed
TRIP-13740,12,7,2,11:00,298,19.9,0,0,On-Time
TRIP-13741,11,10,1,12:00,384,25.83,3,0,On-Time
TRIP-13742,20,7,3,11:00,322,15.62,1,0,On-Time
TRIP-13743,19,9,2,14:00,371,15.03,2,0,On-Time
TRIP-13744,2,1,2,09:00,577,16.59,4,0,On-Time
TRIP-13745,20,2,3,10:00,608,10.22,1,0,On-Time
TRIP-13746,1,9,1,15:00,396,23.75,3,0,On-Time
TRIP-13747,8,9,1,23:00,251,24.21,1,0,On-Time
TRIP-13748,14,6,1,20:00,248,27.48,52,1,Delayed
TRIP-13749,9,6,1,06:00,288,28.13,3,0,On-Time
TRIP-13750,2,4,4,10:00,628,3.12,16,1,Delayed
TRIP-13751,5,4,3,10:00,294,10.07,0,0,On-Time
TRIP-13752,8,5,1,13:00,105,26.41,4,0,On-Time
TRIP-13753,16,3,1,20:00,688,23.46,1,0,On-Time
TRIP-13754,16,1,1,22:00,158,26.14,2,0,On-Time
TRIP-13755,13,1,1,18:00,331,26.71,3,0,On-Time
TRIP-13756,20,7,1,15:00,216,27.06,3,0,On-Time
TRIP-13757,15,1,2,22:00,413,15.05,3,0,On-Time
TRIP-13758,1,1,3,10:00,184,13.12,1,0,On-Time
TRIP-13759,3,3,3,23:00,138,10.48,4,0,On-Time
TRIP-13760,6,10,1,22:00,309,22.48,2,0,On-Time
TRIP-13761,14,4,1,09:00,324,26.33,3,0,On-Time
TRIP-13762,4,4,2,12:00,167,13.72,64,1,Delayed
TRIP-13763,18,2,3,10:00,665,8.19,4,0,On-Time
TRIP-13764,15,1,3,13:00,220,6.61,2,0,On-Time
TRIP-13765,9,3,4,13:00,352,-0.29,50,1,Delayed
TRIP-13766,18,4,2,16:00,130,19.03,3,0,On-Time
TRIP-13767,3,3,2,14:00,134,16.52,0,0,On-Time
TRIP-13768,10,8,1,14:00,416,21.53,3,0,On-Time
TRIP-13769,17,10,2,22:00,229,16.47,4,0,On-Time
TRIP-13770,7,1,1,21:00,232,23.34,27,1,Delayed
TRIP-13771,15,2,1,12:00,298,18.15,4,0,On-Time
TRIP-13772,1,7,2,08:00,476,16.81,0,0,On-Time
TRIP-13773,11,4,1,13:00,445,23.8,1,0,On-Time
TRIP-13774,17,8,1,10:00,673,23.69,2,0,On-Time
TRIP-13775,5,3,1,11:00,337,20.81,3,0,On-Time
TRIP-13776,7,6,1,07:00,124,26.25,28,1,Delayed
TRIP-13777,19,9,1,18:00,556,25.56,3,0,On-Time
TRIP-13778,15,1,1,11:00,390,19.69,4,0,On-Time
TRIP-13779,3,1,1,11:00,239,31.9,3,0,On-Time
TRIP-13780,15,8,1,07:00,357,20.36,1,0,On-Time
TRIP-13781,5,3,4,10:00,678,2.24,26,1,Delayed
TRIP-13782,12,5,1,16:00,134,25.13,0,0,On-Time
TRIP-13783,20,1,1,16:00,224,22.64,0,0,On-Time
TRIP-13784,5,5,2,19:00,502,18.06,3,0,On-Time
TRIP-13785,3,6,3,18:00,412,10.69,2,0,On-Time
TRIP-13786,9,8,2,13:00,287,19.25,0,0,On-Time
TRIP-13787,9,3,1,20:00,344,25.84,4,0,On-Time
TRIP-13788,7,3,2,17:00,691,15.67,3,0,On-Time
TRIP-13789,2,10,3,08:00,566,12.8,3,0,On-Time
TRIP-13790,16,9,3,10:00,643,8.26,0,0,On-Time
TRIP-13791,9,4,2,11:00,262,17.95,2,0,On-Time
TRIP-13792,13,4,3,07:00,140,7.7,4,0,On-Time
TRIP-13793,19,7,3,13:00,142,11.75,0,0,On-Time
TRIP-13794,20,2,2,10:00,704,16.77,0,0,On-Time
TRIP-13795,17,8,1,22:00,294,30.73,1,0,On-Time
TRIP-13796,6,6,2,07:00,439,17.03,0,0,On-Time
TRIP-13797,4,3,3,16:00,218,14.58,4,0,On-Time
TRIP-13798,1,9,1,09:00,340,15.53,1,0,On-Time
TRIP-13799,18,5,4,16:00,113,2.97,62,1,Delayed
TRIP-13800,19,8,1,14:00,272,23.6,2,0,On-Time
TRIP-13801,9,7,2,11:00,434,15.69,0,0,On-Time
TRIP-13802,13,8,3,07:00,399,8.82,4,0,On-Time
TRIP-13803,8,7,1,20:00,265,26.3,2,0,On-Time
TRIP-13804,13,3,2,10:00,462,20.08,4,0,On-Time
TRIP-13805,15,2,1,17:00,256,24.12,4,0,On-Time
TRIP-13806,11,7,1,18:00,641,22.51,1,0,On-Time
TRIP-13807,12,3,1,22:00,418,21.18,0,0,On-Time
TRIP-13808,14,3,1,09:00,430,21.38,4,0,On-Time
TRIP-13809,4,2,1,15:00,427,25.62,20,1,Delayed
TRIP-13810,1,4,4,06:00,312,6.03,4,0,On-Time
TRIP-13811,4,8,4,16:00,248,1.45,58,1,Delayed
TRIP-13812,19,1,1,21:00,330,33.5,1,0,On-Time
TRIP-13813,9,1,3,16:00,247,9.63,4,0,On-Time
TRIP-13814,10,5,1,14:00,310,28.41,3,0,On-Time
TRIP-13815,4,5,1,07:00,229,23.81,1,0,On-Time
TRIP-13816,20,1,1,12:00,231,22.32,0,0,On-Time
TRIP-13817,9,6,4,23:00,117,0.74,38,1,Delayed
TRIP-13818,13,1,4,12:00,376,-0.31,4,0,On-Time
TRIP-13819,12,5,1,14:00,354,23.46,3,0,On-Time
TRIP-13820,11,9,1,17:00,294,23.87,2,0,On-Time
TRIP-13821,12,5,1,08:00,683,25.18,2,0,On-Time
TRIP-13822,18,6,2,21:00,431,18.41,4,0,On-Time
TRIP-13823,12,8,2,12:00,141,16.41,4,0,On-Time
TRIP-13824,16,1,1,10:00,152,21.07,2,0,On-Time
TRIP-13825,5,2,3,12:00,429,8.27,3,0,On-Time
TRIP-13826,20,9,1,22:00,229,29.55,1,0,On-Time
TRIP-13827,12,3,4,21:00,221,4.12,4,0,On-Time
TRIP-13828,11,6,2,23:00,195,16.25,4,0,On-Time
TRIP-13829,9,5,1,09:00,625,22.93,0,0,On-Time
TRIP-13830,18,2,3,06:00,144,10.32,4,0,On-Time
TRIP-13831,3,7,3,09:00,622,11.99,0,0,On-Time
TRIP-13832,20,4,1,09:00,436,18.63,2,0,On-Time
TRIP-13833,17,1,1,14:00,421,24.09,3,0,On-Time
TRIP-13834,14,4,4,13:00,240,2.84,0,0,On-Time
TRIP-13835,1,6,1,07:00,385,21.14,0,0,On-Time
TRIP-13836,17,7,1,11:00,440,30.97,1,0,On-Time
TRIP-13837,8,7,2,16:00,357,17.15,2,0,On-Time
TRIP-13838,5,7,3,09:00,600,11.1,0,0,On-Time
TRIP-13839,5,3,3,19:00,188,11.41,0,0,On-Time
TRIP-13840,9,6,4,14:00,440,1.69,30,1,Delayed
TRIP-13841,3,8,2,07:00,248,15.27,4,0,On-Time
TRIP-13842,19,4,1,06:00,147,30.83,3,0,On-Time
TRIP-13843,9,8,2,09:00,137,14.19,2,0,On-Time
TRIP-13844,18,2,3,17:00,262,12.84,1,0,On-Time
TRIP-13845,16,10,1,10:00,444,20.65,1,0,On-Time
TRIP-13846,1,9,1,14:00,211,20.36,3,0,On-Time
TRIP-13847,2,9,1,09:00,248,20.0,1,0,On-Time
TRIP-13848,14,8,2,21:00,329,17.78,33,1,Delayed
TRIP-13849,14,10,3,07:00,426,8.52,4,0,On-Time
TRIP-13850,1,10,2,21:00,288,19.26,1,0,On-Time
TRIP-13851,16,1,4,21:00,163,-1.13,2,0,On-Time
TRIP-13852,15,2,1,16:00,302,18.84,1,0,On-Time
TRIP-13853,15,6,4,06:00,332,0.69,53,1,Delayed
TRIP-13854,12,10,3,20:00,176,12.9,0,0,On-Time
TRIP-13855,16,5,1,09:00,694,22.18,4,0,On-Time
TRIP-13856,14,9,4,23:00,280,0.65,0,0,On-Time
TRIP-13857,15,5,1,22:00,131,24.37,0,0,On-Time
TRIP-13858,15,2,3,12:00,447,7.9,1,0,On-Time
TRIP-13859,19,10,3,23:00,151,10.49,1,0,On-Time
TRIP-13860,8,4,3,18:00,160,14.28,3,0,On-Time
TRIP-13861,2,9,2,15:00,95,15.03,23,1,Delayed
TRIP-13862,2,1,1,06:00,95,19.63,0,0,On-Time
TRIP-13863,10,1,2,07:00,254,16.16,51,1,Delayed
TRIP-13864,3,7,1,22:00,391,19.1,1,0,On-Time
TRIP-13865,17,3,3,08:00,667,10.51,63,1,Delayed
TRIP-13866,8,10,3,22:00,157,9.96,15,1,Delayed
TRIP-13867,4,2,4,17:00,510,2.97,3,0,On-Time
TRIP-13868,14,9,1,17:00,185,25.05,51,1,Delayed
TRIP-13869,10,3,3,15:00,311,10.78,4,0,On-Time
TRIP-13870,1,2,4,12:00,292,1.47,0,0,On-Time
TRIP-13871,4,8,3,15:00,272,12.03,52,1,Delayed
TRIP-13872,1,10,1,23:00,139,21.32,3,0,On-Time
TRIP-13873,17,6,1,11:00,268,24.39,0,0,On-Time
TRIP-13874,17,6,1,12:00,346,26.13,3,0,On-Time
TRIP-13875,7,10,2,22:00,205,12.45,4,0,On-Time
TRIP-13876,20,7,2,17:00,451,18.31,4,0,On-Time
TRIP-13877,15,7,4,22:00,401,2.32,20,1,Delayed
TRIP-13878,13,6,1,23:00,111,20.73,17,1,Delayed
TRIP-13879,2,4,1,19:00,625,28.39,4,0,On-Time
TRIP-13880,19,9,2,16:00,340,19.27,2,0,On-Time
TRIP-13881,13,6,3,07:00,425,11.86,3,0,On-Time
TRIP-13882,11,4,4,06:00,173,3.23,2,0,On-Time
TRIP-13883,15,3,3,16:00,407,14.98,34,1,Delayed
TRIP-13884,10,4,1,07:00,179,27.79,1,0,On-Time
TRIP-13885,9,3,2,21:00,364,16.27,50,1,Delayed
TRIP-13886,9,2,3,08:00,630,14.04,2,0,On-Time
TRIP-13887,20,5,2,06:00,104,13.87,18,1,Delayed
TRIP-13888,1,2,1,13:00,432,23.37,0,0,On-Time
TRIP-13889,17,6,1,06:00,436,26.31,4,0,On-Time
TRIP-13890,12,3,1,10:00,313,20.59,2,0,On-Time
TRIP-13891,10,6,3,06:00,278,8.91,3,0,On-Time
TRIP-13892,5,10,1,16:00,358,23.45,4,0,On-Time
TRIP-13893,18,9,1,14:00,149,24.78,4,0,On-Time
TRIP-13894,15,1,1,10:00,662,26.6,0,0,On-Time
TRIP-13895,6,6,2,07:00,158,18.52,4,0,On-Time
TRIP-13896,7,9,1,18:00,692,29.26,4,0,On-Time
TRIP-13897,17,4,2,23:00,93,17.38,1,0,On-Time
TRIP-13898,6,2,1,17:00,172,28.38,26,1,Delayed
TRIP-13899,8,4,1,19:00,356,21.14,0,0,On-Time
TRIP-13900,12,1,2,10:00,675,18.14,4,0,On-Time
TRIP-13901,14,3,1,15:00,89,25.16,35,1,Delayed
TRIP-13902,12,10,1,07:00,126,27.53,0,0,On-Time
TRIP-13903,10,9,1,09:00,542,22.82,4,0,On-Time
TRIP-13904,20,10,3,17:00,145,9.43,3,0,On-Time
TRIP-13905,15,5,2,16:00,377,11.01,1,0,On-Time
TRIP-13906,7,6,1,09:00,488,17.11,0,0,On-Time
TRIP-13907,9,3,1,16:00,339,23.88,3,0,On-Time
TRIP-13908,10,5,4,14:00,163,-0.0,51,1,Delayed
TRIP-13909,10,8,2,15:00,427,14.34,0,0,On-Time
TRIP-13910,16,6,1,11:00,427,27.84,1,0,On-Time
TRIP-13911,7,4,3,20:00,136,8.29,3,0,On-Time
TRIP-13912,5,2,3,15:00,326,13.58,4,0,On-Time
TRIP-13913,3,9,3,11:00,114,10.35,2,0,On-Time
TRIP-13914,18,1,2,06:00,254,16.26,3,0,On-Time
TRIP-13915,11,1,1,09:00,230,25.61,0,0,On-Time
TRIP-13916,15,4,1,19:00,361,34.22,3,0,On-Time
TRIP-13917,20,7,4,13:00,136,0.23,2,0,On-Time
TRIP-13918,5,1,2,16:00,272,14.79,3,0,On-Time
TRIP-13919,12,9,1,20:00,147,29.8,2,0,On-Time
TRIP-13920,4,4,4,13:00,97,3.18,1,0,On-Time
TRIP-13921,15,3,4,18:00,520,0.94,18,1,Delayed
TRIP-13922,9,1,4,23:00,242,2.73,4,0,On-Time
TRIP-13923,7,10,3,22:00,422,13.81,3,0,On-Time
TRIP-13924,10,4,4,11:00,193,0.19,1,0,On-Time
TRIP-13925,13,9,1,20:00,577,26.39,3,0,On-Time
TRIP-13926,8,10,3,18:00,499,13.3,1,0,On-Time
TRIP-13927,12,6,3,23:00,245,11.74,43,1,Delayed
TRIP-13928,19,6,1,16:00,401,28.66,1,0,On-Time
TRIP-13929,1,1,1,18:00,168,21.65,2,0,On-Time
TRIP-13930,16,10,4,06:00,205,1.29,1,0,On-Time
TRIP-13931,17,2,1,23:00,392,22.19,3,0,On-Time
TRIP-13932,18,6,3,10:00,576,10.19,4,0,On-Time
TRIP-13933,11,2,1,11:00,365,25.08,0,0,On-Time
TRIP-13934,18,3,1,06:00,362,29.79,4,0,On-Time
TRIP-13935,7,4,2,12:00,218,19.1,1,0,On-Time
TRIP-13936,18,5,1,09:00,288,19.52,2,0,On-Time
TRIP-13937,8,9,2,14:00,90,16.07,3,0,On-Time
TRIP-13938,6,4,2,20:00,472,12.64,55,1,Delayed
TRIP-13939,7,9,1,11:00,109,27.16,0,0,On-Time
TRIP-13940,10,10,1,22:00,173,23.31,3,0,On-Time
TRIP-13941,11,3,1,23:00,195,18.68,1,0,On-Time
TRIP-13942,13,8,1,09:00,560,25.53,0,0,On-Time
TRIP-13943,9,1,3,14:00,370,11.85,3,0,On-Time
TRIP-13944,7,9,1,19:00,188,23.1,1,0,On-Time
TRIP-13945,9,9,1,08:00,164,20.88,3,0,On-Time
TRIP-13946,13,10,2,06:00,343,17.92,0,0,On-Time
TRIP-13947,3,2,1,16:00,122,22.64,4,0,On-Time
TRIP-13948,3,4,1,06:00,249,26.69,0,0,On-Time
TRIP-13949,1,8,1,17:00,670,22.61,0,0,On-Time
TRIP-13950,20,7,3,14:00,248,12.77,4,0,On-Time
TRIP-13951,2,1,4,10:00,611,1.76,1,0,On-Time
TRIP-13952,3,5,3,20:00,168,12.59,3,0,On-Time
TRIP-13953,15,7,1,23:00,259,21.52,1,0,On-Time
TRIP-13954,6,4,1,14:00,229,25.58,1,0,On-Time
TRIP-13955,13,1,2,18:00,339,14.08,3,0,On-Time
TRIP-13956,1,9,3,18:00,355,12.12,37,1,Delayed
TRIP-13957,20,5,4,18:00,388,1.92,2,0,On-Time
TRIP-13958,19,2,1,15:00,180,32.83,0,0,On-Time
TRIP-13959,1,8,1,15:00,142,21.0,2,0,On-Time
TRIP-13960,2,2,2,12:00,172,12.84,3,0,On-Time
TRIP-13961,15,3,3,10:00,457,8.45,4,0,On-Time
TRIP-13962,14,10,3,12:00,390,8.81,4,0,On-Time
TRIP-13963,19,1,2,15:00,151,14.21,47,1,Delayed
TRIP-13964,11,2,4,15:00,139,0.29,21,1,Delayed
TRIP-13965,15,7,2,18:00,172,19.32,1,0,On-Time
TRIP-13966,6,10,4,20:00,156,3.47,63,1,Delayed
TRIP-13967,20,2,4,11:00,152,0.85,2,0,On-Time
TRIP-13968,9,6,3,17:00,697,11.21,29,1,Delayed
TRIP-13969,5,3,1,16:00,325,22.46,4,0,On-Time
TRIP-13970,20,4,1,11:00,392,23.04,0,0,On-Time
TRIP-13971,2,8,2,06:00,403,14.69,0,0,On-Time
TRIP-13972,6,3,2,07:00,166,15.54,1,0,On-Time
TRIP-13973,18,10,3,20:00,700,11.23,4,0,On-Time
TRIP-13974,19,6,1,09:00,419,25.28,0,0,On-Time
TRIP-13975,9,1,1,10:00,441,23.96,4,0,On-Time
TRIP-13976,6,7,3,20:00,516,11.34,2,0,On-Time
TRIP-13977,14,8,1,16:00,407,26.34,4,0,On-Time
TRIP-13978,13,8,1,15:00,197,25.73,0,0,On-Time
TRIP-13979,11,3,1,22:00,161,22.0,4,0,On-Time
TRIP-13980,12,10,2,07:00,326,17.06,4,0,On-Time
TRIP-13981,19,1,1,15:00,313,17.64,4,0,On-Time
TRIP-13982,19,9,3,08:00,710,9.93,0,0,On-Time
TRIP-13983,19,6,1,10:00,371,28.59,2,0,On-Time
TRIP-13984,13,9,4,08:00,561,2.43,25,1,Delayed
TRIP-13985,14,7,2,13:00,114,16.58,57,1,Delayed
TRIP-13986,18,1,1,10:00,467,23.78,0,0,On-Time
TRIP-13987,12,1,1,17:00,464,21.75,3,0,On-Time
TRIP-13988,4,6,1,19:00,348,20.24,4,0,On-Time
TRIP-13989,10,5,2,12:00,268,13.06,2,0,On-Time
TRIP-13990,17,9,1,16:00,379,21.75,4,0,On-Time
TRIP-13991,4,2,1,13:00,331,22.88,1,0,On-Time
TRIP-13992,12,8,2,10:00,366,15.62,1,0,On-Time
TRIP-13993,13,5,1,13:00,420,23.89,0,0,On-Time
TRIP-13994,4,2,1,17:00,476,24.79,2,0,On-Time
TRIP-13995,10,10,3,20:00,257,10.94,2,0,On-Time
TRIP-13996,3,6,4,21:00,269,1.32,4,0,On-Time
TRIP-13997,15,10,1,19:00,500,26.47,1,0,On-Time
TRIP-13998,2,8,1,12:00,255,22.7,4,0,On-Time
TRIP-13999,17,4,4,13:00,311,0.31,4,0,On-Time
TRIP-14000,6,2,1,12:00,437,26.86,0,0,On-Time
TRIP-14001,8,5,4,23:00,142,0.37,3,0,On-Time
TRIP-14002,3,2,1,11:00,316,24.55,0,0,On-Time
TRIP-14003,18,2,3,09:00,179,8.77,0,0,On-Time
TRIP-14004,1,6,1,08:00,467,24.0,0,0,On-Time
TRIP-14005,16,10,4,22:00,139,0.97,16,1,Delayed
TRIP-14006,7,9,1,20:00,129,25.72,4,0,On-Time
TRIP-14007,3,4,2,11:00,136,17.53,4,0,On-Time
TRIP-14008,4,6,1,17:00,608,22.88,4,0,On-Time
TRIP-14009,9,7,1,11:00,366,22.76,1,0,On-Time
TRIP-14010,5,6,3,16:00,217,8.44,2,0,On-Time
TRIP-14011,19,8,2,15:00,358,20.53,1,0,On-Time
TRIP-14012,15,4,4,21:00,293,0.86,59,1,Delayed
TRIP-14013,8,1,1,23:00,318,24.01,4,0,On-Time
TRIP-14014,6,7,3,19:00,582,10.16,1,0,On-Time
TRIP-14015,18,3,1,09:00,176,27.97,2,0,On-Time
TRIP-14016,19,6,4,17:00,456,2.4,19,1,Delayed
TRIP-14017,15,2,4,13:00,353,1.16,0,0,On-Time
TRIP-14018,7,9,1,12:00,90,24.77,2,0,On-Time
TRIP-14019,10,1,3,14:00,438,14.89,51,1,Delayed
TRIP-14020,6,6,3,22:00,126,14.02,1,0,On-Time
TRIP-14021,14,6,1,15:00,82,21.67,3,0,On-Time
TRIP-14022,17,5,2,08:00,334,14.63,2,0,On-Time
TRIP-14023,9,5,1,13:00,151,17.33,0,0,On-Time
TRIP-14024,19,1,3,19:00,380,9.18,1,0,On-Time
TRIP-14025,5,10,1,12:00,209,23.03,4,0,On-Time
TRIP-14026,7,5,1,21:00,101,28.49,4,0,On-Time
TRIP-14027,19,2,1,23:00,214,26.12,2,0,On-Time
TRIP-14028,20,7,2,16:00,99,13.79,42,1,Delayed
TRIP-14029,7,3,3,11:00,299,12.3,0,0,On-Time
TRIP-14030,2,4,4,19:00,659,-0.71,2,0,On-Time
TRIP-14031,16,3,1,18:00,334,30.68,2,0,On-Time
TRIP-14032,13,3,1,09:00,177,22.98,0,0,On-Time
TRIP-14033,8,4,3,16:00,169,12.68,1,0,On-Time
TRIP-14034,6,5,2,23:00,338,18.81,30,1,Delayed
TRIP-14035,6,1,1,06:00,377,23.87,1,0,On-Time
TRIP-14036,9,4,1,17:00,659,25.39,3,0,On-Time
TRIP-14037,4,8,2,23:00,328,17.62,15,1,Delayed
TRIP-14038,11,10,1,12:00,252,24.96,1,0,On-Time
TRIP-14039,5,7,3,17:00,697,7.17,2,0,On-Time
TRIP-14040,17,9,2,06:00,126,13.4,38,1,Delayed
TRIP-14041,20,5,3,09:00,441,9.62,3,0,On-Time
TRIP-14042,7,10,2,23:00,113,14.53,3,0,On-Time
TRIP-14043,15,4,1,20:00,532,24.94,0,0,On-Time
TRIP-14044,15,8,3,08:00,523,7.65,1,0,On-Time
TRIP-14045,14,9,2,12:00,121,18.23,23,1,Delayed
TRIP-14046,13,7,1,11:00,368,21.53,0,0,On-Time
TRIP-14047,11,7,2,20:00,323,17.36,0,0,On-Time
TRIP-14048,13,5,1,20:00,169,27.51,2,0,On-Time
TRIP-14049,9,4,3,11:00,138,10.31,24,1,Delayed
TRIP-14050,10,10,2,13:00,226,14.19,52,1,Delayed
TRIP-14051,4,1,3,13:00,194,14.08,3,0,On-Time
TRIP-14052,17,10,1,06:00,278,23.37,1,0,On-Time
TRIP-14053,14,10,1,18:00,331,26.88,4,0,On-Time
TRIP-14054,18,7,4,18:00,371,1.76,31,1,Delayed
TRIP-14055,11,1,3,16:00,448,10.98,37,1,Delayed
TRIP-14056,16,1,1,09:00,560,21.88,4,0,On-Time
TRIP-14057,1,5,1,12:00,418,28.2,23,1,Delayed
TRIP-14058,7,9,1,17:00,259,23.68,0,0,On-Time
TRIP-14059,10,6,2,18:00,163,15.1,1,0,On-Time
TRIP-14060,9,3,3,17:00,144,10.77,3,0,On-Time
TRIP-14061,3,3,3,21:00,266,10.28,4,0,On-Time
TRIP-14062,14,7,2,11:00,195,18.78,0,0,On-Time
TRIP-14063,15,6,3,19:00,385,12.58,0,0,On-Time
TRIP-14064,2,9,1,21:00,182,24.01,4,0,On-Time
TRIP-14065,14,6,1,09:00,515,24.35,3,0,On-Time
TRIP-14066,16,5,2,10:00,137,16.27,4,0,On-Time
TRIP-14067,7,10,4,14:00,441,2.64,45,1,Delayed
TRIP-14068,4,7,3,08:00,401,12.58,19,1,Delayed
TRIP-14069,18,1,2,15:00,335,18.64,2,0,On-Time
TRIP-14070,5,7,2,22:00,326,14.07,17,1,Delayed
TRIP-14071,6,3,4,15:00,271,-0.01,4,0,On-Time
TRIP-14072,7,9,1,17:00,308,20.91,4,0,On-Time
TRIP-14073,15,6,1,12:00,102,18.5,61,1,Delayed
TRIP-14074,1,9,4,23:00,437,1.14,2,0,On-Time
TRIP-14075,4,5,3,20:00,628,12.05,0,0,On-Time
TRIP-14076,1,7,1,12:00,355,27.12,4,0,On-Time
TRIP-14077,11,4,2,17:00,344,14.76,0,0,On-Time
TRIP-14078,18,7,1,12:00,436,23.87,3,0,On-Time
TRIP-14079,14,1,1,15:00,274,19.67,4,0,On-Time
TRIP-14080,11,7,4,15:00,337,1.0,0,0,On-Time
TRIP-14081,10,8,1,10:00,571,18.68,4,0,On-Time
TRIP-14082,17,5,3,23:00,149,12.18,25,1,Delayed
TRIP-14083,4,2,1,14:00,438,22.02,1,0,On-Time
TRIP-14084,15,5,2,21:00,439,15.26,26,1,Delayed
TRIP-14085,16,6,1,12:00,115,24.52,4,0,On-Time
TRIP-14086,13,2,3,15:00,187,8.96,2,0,On-Time
TRIP-14087,9,6,2,10:00,164,15.82,2,0,On-Time
TRIP-14088,11,6,2,12:00,219,14.31,1,0,On-Time
TRIP-14089,11,1,1,10:00,161,19.31,4,0,On-Time
TRIP-14090,6,1,1,20:00,668,24.08,0,0,On-Time
TRIP-14091,1,10,1,15:00,408,26.65,0,0,On-Time
TRIP-14092,6,3,1,13:00,283,25.17,2,0,On-Time
TRIP-14093,13,10,2,14:00,303,16.44,44,1,Delayed
TRIP-14094,5,10,2,16:00,302,16.53,4,0,On-Time
TRIP-14095,15,3,2,07:00,160,17.73,1,0,On-Time
TRIP-14096,18,4,2,08:00,654,16.31,39,1,Delayed
TRIP-14097,20,2,1,18:00,432,22.15,4,0,On-Time
TRIP-14098,14,9,1,16:00,365,17.56,4,0,On-Time
TRIP-14099,15,10,1,15:00,226,21.7,1,0,On-Time
TRIP-14100,5,7,3,20:00,577,9.57,44,1,Delayed
TRIP-14101,4,7,2,11:00,90,14.4,0,0,On-Time
TRIP-14102,2,6,1,06:00,355,24.23,1,0,On-Time
TRIP-14103,7,3,1,19:00,216,27.18,2,0,On-Time
TRIP-14104,10,6,3,23:00,252,13.63,1,0,On-Time
TRIP-14105,16,8,3,16:00,382,11.68,1,0,On-Time
TRIP-14106,10,8,2,13:00,283,19.8,2,0,On-Time
TRIP-14107,18,9,1,08:00,678,25.5,2,0,On-Time
TRIP-14108,17,1,1,19:00,523,23.2,4,0,On-Time
TRIP-14109,13,1,4,07:00,393,3.49,1,0,On-Time
TRIP-14110,1,3,3,21:00,345,10.21,2,0,On-Time
TRIP-14111,1,3,1,11:00,101,21.32,0,0,On-Time
TRIP-14112,15,10,3,06:00,406,13.49,3,0,On-Time
TRIP-14113,1,8,3,19:00,164,13.78,2,0,On-Time
TRIP-14114,6,10,1,15:00,273,21.08,48,1,Delayed
TRIP-14115,13,1,1,11:00,175,28.67,1,0,On-Time
TRIP-14116,1,2,1,14:00,342,25.8,0,0,On-Time
TRIP-14117,5,2,1,12:00,151,30.58,0,0,On-Time
TRIP-14118,9,3,3,07:00,322,11.14,4,0,On-Time
TRIP-14119,17,6,1,16:00,117,24.94,4,0,On-Time
TRIP-14120,16,1,3,19:00,268,14.07,1,0,On-Time
TRIP-14121,8,2,4,10:00,171,1.91,2,0,On-Time
TRIP-14122,17,1,1,14:00,171,29.55,0,0,On-Time
TRIP-14123,15,5,2,12:00,133,16.42,60,1,Delayed
TRIP-14124,1,7,3,19:00,380,8.85,1,0,On-Time
TRIP-14125,12,8,3,21:00,307,6.63,2,0,On-Time
TRIP-14126,5,10,3,21:00,120,11.12,0,0,On-Time
TRIP-14127,6,1,1,12:00,116,17.67,0,0,On-Time
TRIP-14128,1,7,2,15:00,204,16.43,0,0,On-Time
TRIP-14129,1,5,2,11:00,258,13.94,4,0,On-Time
TRIP-14130,10,10,4,22:00,411,2.4,19,1,Delayed
TRIP-14131,10,1,1,06:00,116,19.98,3,0,On-Time
TRIP-14132,3,3,4,07:00,180,1.7,24,1,Delayed
TRIP-14133,17,7,1,19:00,176,26.6,0,0,On-Time
TRIP-14134,19,10,4,09:00,430,2.14,2,0,On-Time
TRIP-14135,11,1,2,14:00,225,13.41,2,0,On-Time
TRIP-14136,18,7,2,11:00,169,16.47,3,0,On-Time
TRIP-14137,2,5,2,22:00,85,16.56,0,0,On-Time
TRIP-14138,9,1,1,16:00,218,23.49,32,1,Delayed
TRIP-14139,17,1,1,09:00,278,25.88,0,0,On-Time
TRIP-14140,14,1,1,14:00,198,24.95,3,0,On-Time
TRIP-14141,4,9,1,21:00,445,25.68,4,0,On-Time
TRIP-14142,17,3,1,08:00,318,25.6,4,0,On-Time
TRIP-14143,17,5,3,09:00,323,15.2,4,0,On-Time
TRIP-14144,12,10,2,08:00,582,14.94,4,0,On-Time
TRIP-14145,20,9,1,18:00,712,21.91,1,0,On-Time
TRIP-14146,18,6,3,06:00,258,12.61,2,0,On-Time
TRIP-14147,3,9,2,11:00,404,12.88,1,0,On-Time
TRIP-14148,11,8,4,08:00,137,2.75,0,0,On-Time
TRIP-14149,18,8,2,08:00,625,13.94,34,1,Delayed
TRIP-14150,4,1,1,21:00,206,24.34,0,0,On-Time
TRIP-14151,17,9,2,15:00,156,15.11,3,0,On-Time
TRIP-14152,18,6,2,22:00,313,14.43,30,1,Delayed
TRIP-14153,5,9,1,12:00,397,25.81,3,0,On-Time
TRIP-14154,14,3,1,18:00,244,21.84,2,0,On-Time
TRIP-14155,10,3,1,16:00,350,20.64,3,0,On-Time
TRIP-14156,15,6,1,15:00,388,23.98,3,0,On-Time
TRIP-14157,1,9,1,12:00,199,27.54,2,0,On-Time
TRIP-14158,16,7,2,11:00,114,16.8,0,0,On-Time
TRIP-14159,11,3,1,06:00,286,17.74,3,0,On-Time
TRIP-14160,20,3,2,22:00,349,14.32,2,0,On-Time
TRIP-14161,6,2,2,17:00,275,14.5,2,0,On-Time
TRIP-14162,16,9,1,09:00,409,26.52,3,0,On-Time
TRIP-14163,2,3,1,08:00,564,25.63,0,0,On-Time
TRIP-14164,1,5,1,11:00,258,23.55,4,0,On-Time
TRIP-14165,9,9,1,21:00,208,26.18,1,0,On-Time
TRIP-14166,12,8,1,18:00,326,23.21,4,0,On-Time
TRIP-14167,17,2,1,14:00,106,24.45,3,0,On-Time
TRIP-14168,15,3,2,16:00,143,17.12,3,0,On-Time
TRIP-14169,19,2,2,18:00,222,17.96,2,0,On-Time
TRIP-14170,10,8,1,08:00,476,26.77,0,0,On-Time
TRIP-14171,12,6,1,17:00,473,20.01,0,0,On-Time
TRIP-14172,14,6,2,13:00,248,14.68,3,0,On-Time
TRIP-14173,9,9,3,19:00,364,12.65,0,0,On-Time
TRIP-14174,13,8,3,14:00,349,14.75,1,0,On-Time
TRIP-14175,3,4,2,22:00,195,14.13,0,0,On-Time
TRIP-14176,14,4,1,11:00,324,24.46,0,0,On-Time
TRIP-14177,10,9,1,09:00,363,22.28,2,0,On-Time
TRIP-14178,16,1,3,09:00,273,13.71,3,0,On-Time
TRIP-14179,7,2,1,17:00,262,27.32,0,0,On-Time
TRIP-14180,4,2,4,07:00,166,-0.53,52,1,Delayed
TRIP-14181,20,6,2,22:00,199,14.63,0,0,On-Time
TRIP-14182,11,4,2,20:00,670,15.53,0,0,On-Time
TRIP-14183,16,10,1,15:00,103,23.14,0,0,On-Time
TRIP-14184,20,3,2,08:00,268,16.39,2,0,On-Time
TRIP-14185,4,3,2,09:00,185,19.08,0,0,On-Time
TRIP-14186,17,3,1,06:00,421,28.71,37,1,Delayed
TRIP-14187,13,6,1,06:00,350,26.2,1,0,On-Time
TRIP-14188,11,8,3,23:00,91,12.77,0,0,On-Time
TRIP-14189,3,7,2,09:00,278,14.57,41,1,Delayed
TRIP-14190,9,4,1,20:00,176,26.34,3,0,On-Time
TRIP-14191,6,4,1,15:00,429,21.64,2,0,On-Time
TRIP-14192,11,10,3,22:00,312,13.29,3,0,On-Time
TRIP-14193,16,2,3,17:00,670,8.26,2,0,On-Time
TRIP-14194,19,1,2,17:00,651,13.7,3,0,On-Time
TRIP-14195,5,9,2,21:00,379,17.89,3,0,On-Time
TRIP-14196,14,2,1,10:00,584,23.08,1,0,On-Time
TRIP-14197,17,8,2,21:00,114,15.15,1,0,On-Time
TRIP-14198,3,9,1,22:00,100,25.35,1,0,On-Time
TRIP-14199,4,4,4,20:00,304,1.66,59,1,Delayed
TRIP-14200,16,8,2,18:00,636,16.67,2,0,On-Time
TRIP-14201,16,9,1,13:00,427,22.54,1,0,On-Time
TRIP-14202,4,10,1,07:00,224,22.9,2,0,On-Time
TRIP-14203,19,10,3,13:00,91,13.72,2,0,On-Time
TRIP-14204,17,5,1,15:00,323,25.8,0,0,On-Time
TRIP-14205,13,7,1,12:00,225,21.89,4,0,On-Time
TRIP-14206,1,10,2,15:00,318,14.39,3,0,On-Time
TRIP-14207,12,4,1,09:00,273,28.16,4,0,On-Time
TRIP-14208,4,1,3,16:00,395,16.05,3,0,On-Time
TRIP-14209,11,3,1,14:00,402,20.9,2,0,On-Time
TRIP-14210,5,5,3,09:00,310,15.0,4,0,On-Time
TRIP-14211,2,3,1,08:00,150,22.98,0,0,On-Time
TRIP-14212,17,7,1,16:00,351,24.88,4,0,On-Time
TRIP-14213,8,9,3,08:00,161,11.08,4,0,On-Time
TRIP-14214,6,6,2,23:00,197,12.34,0,0,On-Time
TRIP-14215,9,10,1,19:00,716,18.78,0,0,On-Time
TRIP-14216,13,1,1,16:00,174,21.98,1,0,On-Time
TRIP-14217,11,7,2,07:00,336,15.23,3,0,On-Time
TRIP-14218,16,3,2,07:00,410,14.43,2,0,On-Time
TRIP-14219,16,5,4,07:00,341,3.15,4,0,On-Time
TRIP-14220,2,10,4,15:00,166,5.03,4,0,On-Time
TRIP-14221,10,4,2,20:00,635,18.1,2,0,On-Time
TRIP-14222,12,10,1,17:00,219,26.13,0,0,On-Time
TRIP-14223,8,5,2,16:00,309,15.97,26,1,Delayed
TRIP-14224,11,5,2,22:00,187,19.08,4,0,On-Time
TRIP-14225,10,6,1,23:00,98,19.99,4,0,On-Time
TRIP-14226,13,10,1,19:00,710,26.22,2,0,On-Time
TRIP-14227,17,10,1,22:00,220,28.04,2,0,On-Time
TRIP-14228,7,6,1,20:00,382,28.48,21,1,Delayed
TRIP-14229,3,8,1,17:00,286,25.87,0,0,On-Time
TRIP-14230,20,8,2,21:00,344,16.42,1,0,On-Time
TRIP-14231,13,9,3,11:00,317,10.01,56,1,Delayed
TRIP-14232,19,8,2,07:00,317,15.79,2,0,On-Time
TRIP-14233,7,2,1,07:00,128,19.08,3,0,On-Time
TRIP-14234,9,10,1,21:00,244,25.92,4,0,On-Time
TRIP-14235,19,1,2,07:00,366,13.3,2,0,On-Time
TRIP-14236,13,10,1,13:00,138,30.63,2,0,On-Time
TRIP-14237,8,2,2,12:00,262,14.03,36,1,Delayed
TRIP-14238,18,2,4,06:00,226,2.6,61,1,Delayed
TRIP-14239,2,3,1,09:00,608,24.43,2,0,On-Time
TRIP-14240,18,10,1,16:00,175,21.92,3,0,On-Time
TRIP-14241,18,7,2,12:00,122,17.2,1,0,On-Time
TRIP-14242,11,2,4,23:00,433,3.9,3,0,On-Time
TRIP-14243,1,1,3,09:00,537,9.14,1,0,On-Time
TRIP-14244,14,6,3,22:00,292,11.21,3,0,On-Time
TRIP-14245,16,9,1,16:00,268,24.56,0,0,On-Time
TRIP-14246,11,3,4,16:00,210,1.66,17,1,Delayed
TRIP-14247,1,6,1,16:00,426,21.63,1,0,On-Time
TRIP-14248,7,3,1,20:00,606,28.97,0,0,On-Time
TRIP-14249,16,1,3,19:00,588,8.23,4,0,On-Time
TRIP-14250,14,5,4,22:00,216,0.4,15,1,Delayed
TRIP-14251,15,10,1,07:00,109,21.55,1,0,On-Time
TRIP-14252,14,4,1,23:00,225,30.58,0,0,On-Time
TRIP-14253,11,7,1,21:00,391,21.17,1,0,On-Time
TRIP-14254,16,6,1,17:00,294,22.68,4,0,On-Time
TRIP-14255,19,10,1,15:00,366,25.33,1,0,On-Time
TRIP-14256,17,7,4,21:00,270,2.45,1,0,On-Time
TRIP-14257,6,5,2,08:00,411,15.1,2,0,On-Time
TRIP-14258,11,4,3,13:00,424,11.62,2,0,On-Time
TRIP-14259,17,7,3,07:00,318,11.79,2,0,On-Time
TRIP-14260,9,7,2,06:00,80,13.85,2,0,On-Time
TRIP-14261,18,6,3,19:00,302,11.02,3,0,On-Time
TRIP-14262,17,8,2,09:00,667,14.81,21,1,Delayed
TRIP-14263,12,4,1,09:00,566,17.67,1,0,On-Time
TRIP-14264,5,10,2,14:00,313,17.94,44,1,Delayed
TRIP-14265,11,5,2,08:00,228,14.44,53,1,Delayed
TRIP-14266,4,4,3,10:00,516,9.31,2,0,On-Time
TRIP-14267,4,1,4,06:00,132,1.66,41,1,Delayed
TRIP-14268,3,8,1,06:00,341,21.1,1,0,On-Time
TRIP-14269,17,1,3,15:00,96,9.73,1,0,On-Time
TRIP-14270,7,5,1,17:00,609,27.38,0,0,On-Time
TRIP-14271,4,6,3,15:00,313,10.84,3,0,On-Time
TRIP-14272,13,6,1,07:00,152,27.46,3,0,On-Time
TRIP-14273,12,5,1,21:00,436,24.66,3,0,On-Time
TRIP-14274,1,3,1,13:00,170,22.62,4,0,On-Time
TRIP-14275,19,5,2,19:00,136,16.42,2,0,On-Time
TRIP-14276,20,8,1,20:00,443,22.67,0,0,On-Time
TRIP-14277,18,2,4,21:00,444,2.66,4,0,On-Time
TRIP-14278,11,6,1,16:00,275,22.85,2,0,On-Time
TRIP-14279,20,9,4,17:00,600,1.11,1,0,On-Time
TRIP-14280,3,8,3,07:00,426,13.25,0,0,On-Time
TRIP-14281,17,8,1,09:00,641,22.95,4,0,On-Time
TRIP-14282,12,8,1,08:00,345,22.5,0,0,On-Time
TRIP-14283,10,7,3,14:00,346,11.24,35,1,Delayed
TRIP-14284,8,8,2,23:00,195,16.57,4,0,On-Time
TRIP-14285,15,6,2,12:00,122,15.24,4,0,On-Time
TRIP-14286,5,2,1,09:00,496,24.35,0,0,On-Time
TRIP-14287,4,2,2,11:00,137,17.85,1,0,On-Time
TRIP-14288,20,8,4,06:00,285,3.43,16,1,Delayed
TRIP-14289,19,1,1,21:00,373,19.58,1,0,On-Time
TRIP-14290,4,6,1,16:00,173,28.2,2,0,On-Time
TRIP-14291,15,6,1,09:00,184,22.44,0,0,On-Time
TRIP-14292,17,4,3,23:00,309,9.99,2,0,On-Time
TRIP-14293,12,10,3,10:00,489,9.01,2,0,On-Time
TRIP-14294,3,3,1,11:00,262,25.83,1,0,On-Time
TRIP-14295,10,3,1,07:00,341,30.0,1,0,On-Time
TRIP-14296,15,1,1,17:00,336,21.1,1,0,On-Time
TRIP-14297,10,3,1,14:00,144,21.19,0,0,On-Time
TRIP-14298,18,4,1,17:00,424,20.41,0,0,On-Time
TRIP-14299,1,5,4,18:00,313,3.51,55,1,Delayed
TRIP-14300,3,3,2,22:00,265,17.32,31,1,Delayed
TRIP-14301,12,6,1,10:00,564,21.91,0,0,On-Time
TRIP-14302,1,5,3,18:00,368,12.04,4,0,On-Time
TRIP-14303,3,3,2,18:00,689,18.68,31,1,Delayed
TRIP-14304,3,6,2,15:00,230,15.81,21,1,Delayed
TRIP-14305,5,6,1,20:00,184,21.9,3,0,On-Time
TRIP-14306,19,8,1,20:00,648,22.29,0,0,On-Time
TRIP-14307,1,2,4,23:00,174,3.86,4,0,On-Time
TRIP-14308,4,1,2,23:00,213,13.79,0,0,On-Time
TRIP-14309,4,4,1,07:00,241,22.24,2,0,On-Time
TRIP-14310,17,7,2,16:00,123,16.86,0,0,On-Time
TRIP-14311,14,10,4,18:00,606,3.38,41,1,Delayed
TRIP-14312,18,3,1,16:00,362,19.51,4,0,On-Time
TRIP-14313,1,3,2,09:00,696,12.8,2,0,On-Time
TRIP-14314,16,5,4,20:00,510,0.65,1,0,On-Time
TRIP-14315,3,5,1,16:00,131,26.03,2,0,On-Time
TRIP-14316,9,10,3,23:00,360,8.72,1,0,On-Time
TRIP-14317,4,3,2,21:00,153,16.16,4,0,On-Time
TRIP-14318,5,9,2,15:00,374,13.38,31,1,Delayed
TRIP-14319,11,4,1,17:00,507,29.3,2,0,On-Time
TRIP-14320,9,3,1,18:00,393,28.2,1,0,On-Time
TRIP-14321,3,2,2,14:00,219,14.85,2,0,On-Time
TRIP-14322,6,10,1,18:00,348,24.72,4,0,On-Time
TRIP-14323,11,9,1,11:00,448,22.22,1,0,On-Time
TRIP-14324,9,4,1,11:00,314,16.41,3,0,On-Time
TRIP-14325,15,3,1,16:00,82,20.27,46,1,Delayed
TRIP-14326,3,7,4,16:00,335,3.04,39,1,Delayed
TRIP-14327,1,8,1,15:00,357,22.96,1,0,On-Time
TRIP-14328,20,2,4,20:00,132,3.35,53,1,Delayed
TRIP-14329,19,7,1,18:00,558,25.02,4,0,On-Time
TRIP-14330,14,5,2,13:00,291,14.44,4,0,On-Time
TRIP-14331,17,5,1,10:00,472,24.12,0,0,On-Time
TRIP-14332,14,3,3,07:00,349,10.23,2,0,On-Time
TRIP-14333,17,5,3,21:00,95,8.68,2,0,On-Time
TRIP-14334,14,2,1,18:00,228,27.29,3,0,On-Time
TRIP-14335,12,4,4,14:00,318,2.67,0,0,On-Time
TRIP-14336,16,6,1,20:00,152,23.09,2,0,On-Time
TRIP-14337,1,1,2,11:00,131,16.55,2,0,On-Time
TRIP-14338,13,10,4,13:00,98,3.99,3,0,On-Time
TRIP-14339,6,4,3,19:00,646,8.14,0,0,On-Time
TRIP-14340,17,6,4,10:00,275,2.08,55,1,Delayed
TRIP-14341,12,9,1,22:00,340,22.72,59,1,Delayed
TRIP-14342,19,2,1,12:00,377,18.53,57,1,Delayed
TRIP-14343,6,7,1,14:00,96,21.34,1,0,On-Time
TRIP-14344,7,6,2,21:00,190,17.4,18,1,Delayed
TRIP-14345,1,2,3,23:00,407,12.72,3,0,On-Time
TRIP-14346,1,8,1,18:00,702,24.35,1,0,On-Time
TRIP-14347,5,7,2,23:00,173,12.72,3,0,On-Time
TRIP-14348,6,5,1,15:00,89,19.09,0,0,On-Time
TRIP-14349,16,5,1,06:00,291,21.83,3,0,On-Time
TRIP-14350,16,7,2,23:00,316,17.33,1,0,On-Time
TRIP-14351,14,9,2,07:00,333,18.25,15,1,Delayed
TRIP-14352,1,9,3,09:00,152,9.3,0,0,On-Time
TRIP-14353,13,9,1,16:00,223,24.95,1,0,On-Time
TRIP-14354,20,6,3,08:00,193,5.67,4,0,On-Time
TRIP-14355,10,10,1,14:00,82,19.76,1,0,On-Time
TRIP-14356,10,6,1,15:00,235,23.17,1,0,On-Time
TRIP-14357,9,3,2,07:00,252,13.87,2,0,On-Time
TRIP-14358,13,1,3,12:00,103,9.81,0,0,On-Time
TRIP-14359,3,7,1,20:00,566,21.56,29,1,Delayed
TRIP-14360,18,4,1,15:00,154,22.54,2,0,On-Time
TRIP-14361,20,1,2,19:00,190,15.37,2,0,On-Time
TRIP-14362,2,8,1,09:00,609,24.36,3,0,On-Time
TRIP-14363,17,6,3,16:00,119,11.44,1,0,On-Time
TRIP-14364,19,6,3,08:00,225,9.1,2,0,On-Time
TRIP-14365,13,2,1,22:00,317,27.56,39,1,Delayed
TRIP-14366,13,1,2,12:00,324,17.37,36,1,Delayed
TRIP-14367,1,2,3,16:00,97,13.4,0,0,On-Time
TRIP-14368,2,4,1,23:00,219,23.72,1,0,On-Time
TRIP-14369,1,2,2,19:00,257,14.91,4,0,On-Time
TRIP-14370,5,1,1,19:00,428,21.6,1,0,On-Time
TRIP-14371,3,7,2,11:00,187,12.79,24,1,Delayed
TRIP-14372,7,8,1,14:00,313,28.88,1,0,On-Time
TRIP-14373,13,6,3,08:00,555,12.56,0,0,On-Time
TRIP-14374,18,4,1,22:00,183,19.17,1,0,On-Time
TRIP-14375,7,6,1,17:00,340,20.92,3,0,On-Time
TRIP-14376,1,3,3,09:00,676,11.28,3,0,On-Time
TRIP-14377,5,8,1,21:00,112,24.85,2,0,On-Time
TRIP-14378,17,10,1,15:00,316,21.76,3,0,On-Time
TRIP-14379,8,2,1,12:00,415,20.77,0,0,On-Time
TRIP-14380,15,5,1,15:00,257,22.28,3,0,On-Time
TRIP-14381,20,1,4,12:00,91,1.27,1,0,On-Time
TRIP-14382,4,6,3,23:00,430,11.95,4,0,On-Time
TRIP-14383,2,2,1,14:00,308,22.6,3,0,On-Time
TRIP-14384,5,4,3,23:00,388,9.47,0,0,On-Time
TRIP-14385,1,6,2,22:00,348,16.07,0,0,On-Time
TRIP-14386,5,10,4,16:00,437,3.68,52,1,Delayed
TRIP-14387,6,8,1,06:00,210,28.79,0,0,On-Time
TRIP-14388,2,8,2,22:00,328,17.54,1,0,On-Time
TRIP-14389,1,6,2,09:00,219,19.58,2,0,On-Time
TRIP-14390,4,4,2,09:00,132,17.61,4,0,On-Time
TRIP-14391,7,8,2,19:00,504,17.73,2,0,On-Time
TRIP-14392,1,8,1,14:00,252,23.22,2,0,On-Time
TRIP-14393,1,10,3,18:00,641,11.81,2,0,On-Time
TRIP-14394,8,1,2,21:00,115,18.03,1,0,On-Time
TRIP-14395,20,4,4,06:00,358,3.92,4,0,On-Time
TRIP-14396,16,4,1,08:00,505,22.1,3,0,On-Time
TRIP-14397,13,7,2,13:00,354,12.85,3,0,On-Time
TRIP-14398,18,7,4,23:00,375,1.11,58,1,Delayed
TRIP-14399,20,8,2,11:00,407,15.13,56,1,Delayed
TRIP-14400,10,5,3,11:00,137,10.82,0,0,On-Time
TRIP-14401,12,7,3,10:00,707,9.61,2,0,On-Time
TRIP-14402,1,8,1,17:00,155,23.73,0,0,On-Time
TRIP-14403,10,9,2,14:00,115,17.07,1,0,On-Time
TRIP-14404,9,3,1,14:00,208,28.36,1,0,On-Time
TRIP-14405,3,3,2,22:00,80,18.6,4,0,On-Time
TRIP-14406,19,4,1,22:00,143,24.87,1,0,On-Time
TRIP-14407,9,5,3,21:00,141,11.45,4,0,On-Time
TRIP-14408,10,10,2,17:00,712,17.89,3,0,On-Time
TRIP-14409,19,1,1,08:00,656,28.67,2,0,On-Time
TRIP-14410,16,7,1,19:00,360,27.05,1,0,On-Time
TRIP-14411,18,9,4,22:00,351,0.06,20,1,Delayed
TRIP-14412,14,8,1,21:00,96,23.72,1,0,On-Time
TRIP-14413,3,5,1,17:00,574,22.76,2,0,On-Time
TRIP-14414,2,4,1,07:00,177,22.96,43,1,Delayed
TRIP-14415,1,7,4,13:00,306,1.87,4,0,On-Time
TRIP-14416,18,5,4,17:00,515,6.67,32,1,Delayed
TRIP-14417,9,7,2,21:00,280,18.01,3,0,On-Time
TRIP-14418,13,1,3,13:00,258,11.37,3,0,On-Time
TRIP-14419,2,1,1,21:00,349,21.47,18,1,Delayed
TRIP-14420,7,10,4,15:00,313,2.62,28,1,Delayed
TRIP-14421,16,3,1,20:00,305,25.31,1,0,On-Time
TRIP-14422,19,2,1,09:00,232,17.52,4,0,On-Time
TRIP-14423,15,2,1,20:00,667,21.44,4,0,On-Time
TRIP-14424,11,7,2,09:00,684,15.92,4,0,On-Time
TRIP-14425,1,10,3,16:00,324,9.48,0,0,On-Time
TRIP-14426,7,2,1,11:00,324,23.18,3,0,On-Time
TRIP-14427,20,4,4,09:00,241,0.05,28,1,Delayed
TRIP-14428,8,2,1,14:00,436,27.62,4,0,On-Time
TRIP-14429,10,6,1,14:00,128,25.24,1,0,On-Time
TRIP-14430,5,8,2,08:00,680,16.55,59,1,Delayed
TRIP-14431,9,10,2,10:00,430,20.67,4,0,On-Time
TRIP-14432,1,4,3,20:00,595,12.73,4,0,On-Time
TRIP-14433,2,5,2,14:00,256,13.27,22,1,Delayed
TRIP-14434,19,4,2,07:00,240,16.45,1,0,On-Time
TRIP-14435,14,3,1,08:00,366,22.05,2,0,On-Time
TRIP-14436,20,5,2,17:00,238,16.21,1,0,On-Time
TRIP-14437,10,9,4,21:00,112,4.24,49,1,Delayed
TRIP-14438,9,8,1,10:00,580,23.72,2,0,On-Time
TRIP-14439,10,8,3,15:00,423,9.7,4,0,On-Time
TRIP-14440,6,8,2,20:00,542,15.24,1,0,On-Time
TRIP-14441,17,8,1,19:00,641,22.45,0,0,On-Time
TRIP-14442,6,7,4,19:00,249,3.14,34,1,Delayed
TRIP-14443,4,8,2,18:00,302,15.38,21,1,Delayed
TRIP-14444,20,8,1,21:00,384,21.22,4,0,On-Time
TRIP-14445,3,8,1,13:00,218,22.72,1,0,On-Time
TRIP-14446,19,10,1,13:00,114,22.41,0,0,On-Time
TRIP-14447,18,7,3,22:00,314,12.52,4,0,On-Time
TRIP-14448,4,1,2,22:00,409,14.9,1,0,On-Time
TRIP-14449,8,4,4,08:00,446,2.56,39,1,Delayed
TRIP-14450,17,4,1,06:00,404,22.33,2,0,On-Time
TRIP-14451,5,5,1,22:00,230,22.64,2,0,On-Time
TRIP-14452,13,10,1,21:00,113,27.0,1,0,On-Time
TRIP-14453,1,6,2,22:00,203,18.15,26,1,Delayed
TRIP-14454,13,4,4,07:00,446,1.23,1,0,On-Time
TRIP-14455,4,2,2,19:00,177,16.52,33,1,Delayed
TRIP-14456,14,6,1,12:00,351,24.79,1,0,On-Time
TRIP-14457,3,8,3,06:00,403,15.44,3,0,On-Time
TRIP-14458,5,8,3,22:00,389,14.15,2,0,On-Time
TRIP-14459,7,7,1,15:00,203,20.3,0,0,On-Time
TRIP-14460,1,6,3,11:00,447,2.63,2,0,On-Time
TRIP-14461,12,2,1,12:00,395,26.46,0,0,On-Time
TRIP-14462,11,7,1,11:00,157,22.08,4,0,On-Time
TRIP-14463,8,5,1,10:00,248,24.92,0,0,On-Time
TRIP-14464,6,6,2,07:00,139,19.84,49,1,Delayed
TRIP-14465,2,10,1,23:00,164,19.62,3,0,On-Time
TRIP-14466,19,8,1,22:00,447,20.9,4,0,On-Time
TRIP-14467,20,8,1,12:00,159,17.15,1,0,On-Time
TRIP-14468,20,3,3,12:00,251,7.7,1,0,On-Time
TRIP-14469,14,7,4,12:00,337,0.71,53,1,Delayed
TRIP-14470,1,1,3,21:00,358,13.35,2,0,On-Time
TRIP-14471,10,1,1,17:00,480,23.42,1,0,On-Time
TRIP-14472,16,7,1,20:00,200,27.04,4,0,On-Time
TRIP-14473,4,10,1,20:00,243,24.8,4,0,On-Time
TRIP-14474,11,9,1,16:00,133,21.08,4,0,On-Time
TRIP-14475,16,7,2,07:00,406,17.23,1,0,On-Time
TRIP-14476,20,10,2,08:00,480,14.6,3,0,On-Time
TRIP-14477,1,5,3,20:00,665,10.36,3,0,On-Time
TRIP-14478,16,8,2,21:00,88,16.26,57,1,Delayed
TRIP-14479,19,2,1,06:00,405,25.77,4,0,On-Time
TRIP-14480,9,9,1,20:00,401,22.16,4,0,On-Time
TRIP-14481,9,6,2,17:00,260,16.56,2,0,On-Time
TRIP-14482,9,9,1,12:00,409,27.78,4,0,On-Time
TRIP-14483,17,2,1,12:00,408,24.03,0,0,On-Time
TRIP-14484,12,3,1,16:00,91,24.18,19,1,Delayed
TRIP-14485,13,8,1,16:00,111,21.46,38,1,Delayed
TRIP-14486,8,1,1,22:00,418,22.09,2,0,On-Time
TRIP-14487,16,10,3,08:00,588,9.56,0,0,On-Time
TRIP-14488,18,7,3,21:00,399,10.86,0,0,On-Time
TRIP-14489,1,7,1,10:00,612,24.19,1,0,On-Time
TRIP-14490,1,1,1,07:00,351,19.23,4,0,On-Time
TRIP-14491,12,9,3,12:00,257,11.7,0,0,On-Time
TRIP-14492,6,8,1,15:00,193,21.39,0,0,On-Time
TRIP-14493,9,4,1,10:00,168,25.24,0,0,On-Time
TRIP-14494,5,10,1,20:00,505,26.42,1,0,On-Time
TRIP-14495,16,5,1,17:00,622,27.92,4,0,On-Time
TRIP-14496,18,2,3,15:00,251,11.4,2,0,On-Time
TRIP-14497,17,9,3,22:00,312,6.82,1,0,On-Time
TRIP-14498,18,6,1,16:00,116,26.45,4,0,On-Time
TRIP-14499,1,3,1,13:00,344,24.5,0,0,On-Time
TRIP-14500,19,7,1,20:00,147,22.58,1,0,On-Time
TRIP-14501,8,9,1,07:00,395,23.64,3,0,On-Time
TRIP-14502,3,3,4,22:00,185,2.17,3,0,On-Time
TRIP-14503,5,2,2,11:00,205,16.66,58,1,Delayed
TRIP-14504,8,7,2,18:00,664,14.28,4,0,On-Time
TRIP-14505,19,7,3,13:00,209,7.28,4,0,On-Time
TRIP-14506,18,4,3,16:00,395,10.02,1,0,On-Time
TRIP-14507,18,9,3,20:00,536,10.76,3,0,On-Time
TRIP-14508,1,8,1,18:00,310,27.4,4,0,On-Time
TRIP-14509,15,1,1,23:00,378,21.52,1,0,On-Time
TRIP-14510,18,1,2,23:00,203,16.76,1,0,On-Time
TRIP-14511,7,5,1,22:00,335,24.69,3,0,On-Time
TRIP-14512,16,6,4,18:00,348,2.39,0,0,On-Time
TRIP-14513,16,3,2,08:00,456,14.02,1,0,On-Time
TRIP-14514,15,9,4,12:00,126,6.21,29,1,Delayed
TRIP-14515,6,10,1,17:00,473,23.82,3,0,On-Time
TRIP-14516,9,6,3,09:00,636,13.02,1,0,On-Time
TRIP-14517,7,4,1,16:00,429,25.5,2,0,On-Time
TRIP-14518,14,7,4,19:00,323,1.5,3,0,On-Time
TRIP-14519,11,8,1,23:00,110,22.81,3,0,On-Time
TRIP-14520,16,9,2,12:00,134,12.03,49,1,Delayed
TRIP-14521,6,6,3,10:00,371,9.21,32,1,Delayed
TRIP-14522,16,6,1,21:00,365,24.51,2,0,On-Time
TRIP-14523,20,8,2,16:00,115,13.3,2,0,On-Time
TRIP-14524,16,5,4,08:00,616,2.46,64,1,Delayed
TRIP-14525,12,3,1,21:00,364,23.02,2,0,On-Time
TRIP-14526,17,3,2,16:00,335,17.26,2,0,On-Time
TRIP-14527,5,6,1,15:00,257,25.79,3,0,On-Time
TRIP-14528,13,2,3,07:00,115,9.37,2,0,On-Time
TRIP-14529,8,6,2,21:00,333,13.39,0,0,On-Time
TRIP-14530,5,6,1,22:00,241,23.62,3,0,On-Time
TRIP-14531,12,8,1,15:00,100,27.19,3,0,On-Time
TRIP-14532,9,7,2,23:00,373,16.22,25,1,Delayed
TRIP-14533,3,8,1,17:00,246,25.86,53,1,Delayed
TRIP-14534,3,9,1,13:00,286,24.09,41,1,Delayed
TRIP-14535,1,6,2,08:00,411,19.68,16,1,Delayed
TRIP-14536,18,3,1,08:00,185,24.77,2,0,On-Time
TRIP-14537,12,10,1,11:00,199,25.12,1,0,On-Time
TRIP-14538,9,3,2,07:00,197,14.23,2,0,On-Time
TRIP-14539,9,1,1,08:00,128,21.75,2,0,On-Time
TRIP-14540,18,5,1,22:00,288,29.05,0,0,On-Time
TRIP-14541,18,4,1,14:00,390,23.07,15,1,Delayed
TRIP-14542,7,9,2,09:00,459,14.74,0,0,On-Time
TRIP-14543,4,9,2,07:00,233,15.09,0,0,On-Time
TRIP-14544,13,5,3,14:00,329,11.59,46,1,Delayed
TRIP-14545,17,10,1,19:00,400,20.71,23,1,Delayed
TRIP-14546,2,4,1,16:00,394,25.9,1,0,On-Time
TRIP-14547,14,7,1,07:00,386,21.58,2,0,On-Time
TRIP-14548,3,6,1,07:00,186,23.87,3,0,On-Time
TRIP-14549,5,4,4,10:00,355,2.44,3,0,On-Time
TRIP-14550,14,10,1,12:00,87,26.36,2,0,On-Time
TRIP-14551,3,2,1,09:00,276,23.55,2,0,On-Time
TRIP-14552,7,1,1,19:00,281,25.67,0,0,On-Time
TRIP-14553,18,4,2,07:00,86,18.42,3,0,On-Time
TRIP-14554,13,4,2,17:00,564,16.09,2,0,On-Time
TRIP-14555,10,1,2,15:00,91,18.17,1,0,On-Time
TRIP-14556,13,6,3,06:00,81,11.34,1,0,On-Time
TRIP-14557,16,4,2,21:00,428,16.06,64,1,Delayed
TRIP-14558,9,1,1,20:00,137,24.59,0,0,On-Time
TRIP-14559,2,1,1,19:00,145,21.3,2,0,On-Time
TRIP-14560,5,1,2,14:00,419,17.71,60,1,Delayed
TRIP-14561,17,8,2,20:00,217,17.41,3,0,On-Time
TRIP-14562,4,10,2,12:00,157,18.13,59,1,Delayed
TRIP-14563,17,8,2,09:00,244,18.0,1,0,On-Time
TRIP-14564,9,2,2,23:00,312,15.86,18,1,Delayed
TRIP-14565,20,7,3,13:00,358,9.48,1,0,On-Time
TRIP-14566,2,8,2,17:00,174,16.85,17,1,Delayed
TRIP-14567,18,8,3,20:00,713,9.95,4,0,On-Time
TRIP-14568,11,10,1,20:00,628,29.53,4,0,On-Time
TRIP-14569,13,7,2,22:00,174,17.49,29,1,Delayed
TRIP-14570,8,5,4,07:00,387,-0.01,42,1,Delayed
TRIP-14571,1,1,1,17:00,216,24.83,0,0,On-Time
TRIP-14572,17,9,3,08:00,142,10.81,3,0,On-Time
TRIP-14573,12,7,3,12:00,226,12.09,3,0,On-Time
TRIP-14574,4,2,1,11:00,443,23.41,0,0,On-Time
TRIP-14575,13,6,2,19:00,265,17.55,3,0,On-Time
TRIP-14576,9,2,1,10:00,531,24.91,4,0,On-Time
TRIP-14577,7,1,4,09:00,425,2.9,61,1,Delayed
TRIP-14578,5,7,3,20:00,499,12.17,4,0,On-Time
TRIP-14579,5,2,1,12:00,332,21.04,0,0,On-Time
TRIP-14580,17,2,1,08:00,484,25.37,3,0,On-Time
TRIP-14581,9,5,2,18:00,670,18.61,39,1,Delayed
TRIP-14582,6,5,1,15:00,83,24.41,1,0,On-Time
TRIP-14583,19,7,1,07:00,432,25.17,1,0,On-Time
TRIP-14584,16,1,2,17:00,305,16.17,20,1,Delayed
TRIP-14585,2,8,1,17:00,435,35.42,4,0,On-Time
TRIP-14586,10,3,1,08:00,352,25.41,0,0,On-Time
TRIP-14587,16,4,3,11:00,402,6.9,0,0,On-Time
TRIP-14588,5,9,4,07:00,219,2.95,0,0,On-Time
TRIP-14589,15,4,3,18:00,684,10.33,4,0,On-Time
TRIP-14590,13,10,3,14:00,174,11.31,2,0,On-Time
TRIP-14591,13,5,1,18:00,192,26.4,3,0,On-Time
TRIP-14592,13,7,1,19:00,129,26.67,4,0,On-Time
TRIP-14593,15,4,1,16:00,357,27.58,0,0,On-Time
TRIP-14594,14,1,3,19:00,366,9.93,4,0,On-Time
TRIP-14595,8,9,4,21:00,120,2.47,4,0,On-Time
TRIP-14596,11,4,3,15:00,430,8.05,2,0,On-Time
TRIP-14597,18,9,3,21:00,195,8.54,1,0,On-Time
TRIP-14598,4,6,2,07:00,199,16.4,56,1,Delayed
TRIP-14599,10,1,1,21:00,316,21.45,4,0,On-Time
TRIP-14600,1,3,1,19:00,558,25.54,1,0,On-Time
TRIP-14601,5,2,1,23:00,428,24.96,3,0,On-Time
TRIP-14602,13,9,1,11:00,370,24.96,3,0,On-Time
TRIP-14603,1,1,2,12:00,88,19.66,3,0,On-Time
TRIP-14604,8,9,1,18:00,508,21.2,4,0,On-Time
TRIP-14605,3,9,2,07:00,197,14.42,4,0,On-Time
TRIP-14606,3,8,2,20:00,689,16.09,19,1,Delayed
TRIP-14607,7,8,1,22:00,394,23.81,0,0,On-Time
TRIP-14608,4,1,2,18:00,625,16.86,1,0,On-Time
TRIP-14609,3,8,2,12:00,89,15.62,3,0,On-Time
TRIP-14610,15,10,1,06:00,104,24.14,1,0,On-Time
TRIP-14611,8,3,3,08:00,403,11.36,2,0,On-Time
TRIP-14612,3,7,2,23:00,304,15.84,61,1,Delayed
TRIP-14613,7,1,2,12:00,90,16.41,1,0,On-Time
TRIP-14614,18,1,3,22:00,180,12.0,0,0,On-Time
TRIP-14615,11,10,3,17:00,550,11.68,0,0,On-Time
TRIP-14616,11,5,3,21:00,406,13.3,2,0,On-Time
TRIP-14617,17,5,1,15:00,162,27.81,1,0,On-Time
TRIP-14618,6,8,1,21:00,355,21.89,2,0,On-Time
TRIP-14619,8,7,1,23:00,449,17.12,2,0,On-Time
TRIP-14620,1,8,1,20:00,678,25.02,2,0,On-Time
TRIP-14621,10,6,4,16:00,340,5.49,4,0,On-Time
TRIP-14622,19,6,2,23:00,447,19.6,0,0,On-Time
TRIP-14623,3,2,1,11:00,300,22.88,4,0,On-Time
TRIP-14624,4,6,1,06:00,390,25.07,4,0,On-Time
TRIP-14625,11,5,1,12:00,298,21.48,0,0,On-Time
TRIP-14626,15,3,2,17:00,268,18.18,2,0,On-Time
TRIP-14627,1,6,3,09:00,150,9.21,1,0,On-Time
TRIP-14628,9,8,3,15:00,325,11.59,2,0,On-Time
TRIP-14629,11,9,4,07:00,255,1.02,2,0,On-Time
TRIP-14630,19,1,1,14:00,83,27.21,4,0,On-Time
TRIP-14631,13,3,1,15:00,413,28.66,1,0,On-Time
TRIP-14632,16,3,1,16:00,448,24.09,0,0,On-Time
TRIP-14633,4,8,1,19:00,160,26.19,3,0,On-Time
TRIP-14634,1,1,4,08:00,459,3.63,48,1,Delayed
TRIP-14635,20,5,2,06:00,216,15.07,1,0,On-Time
TRIP-14636,13,3,3,12:00,401,10.3,0,0,On-Time
TRIP-14637,1,2,2,09:00,707,18.23,4,0,On-Time
TRIP-14638,5,8,1,12:00,295,15.91,1,0,On-Time
TRIP-14639,5,3,1,21:00,447,23.09,3,0,On-Time
TRIP-14640,14,7,2,15:00,196,14.14,3,0,On-Time
TRIP-14641,14,1,3,20:00,412,8.42,1,0,On-Time
TRIP-14642,8,6,1,21:00,325,26.35,0,0,On-Time
TRIP-14643,4,3,3,11:00,207,11.36,3,0,On-Time
TRIP-14644,7,8,3,09:00,699,12.02,1,0,On-Time
TRIP-14645,20,6,1,09:00,251,27.3,1,0,On-Time
TRIP-14646,19,2,3,09:00,492,10.51,1,0,On-Time
TRIP-14647,15,6,1,22:00,372,28.71,2,0,On-Time
TRIP-14648,4,7,2,18:00,545,19.42,0,0,On-Time
TRIP-14649,19,5,3,07:00,161,8.06,1,0,On-Time
TRIP-14650,9,3,4,11:00,421,2.07,41,1,Delayed
TRIP-14651,13,4,1,06:00,417,18.45,2,0,On-Time
TRIP-14652,14,4,1,13:00,386,25.33,4,0,On-Time
TRIP-14653,14,6,1,23:00,145,27.65,2,0,On-Time
TRIP-14654,10,10,1,09:00,280,24.64,1,0,On-Time
TRIP-14655,16,1,2,10:00,358,14.19,0,0,On-Time
TRIP-14656,5,4,4,10:00,230,3.85,62,1,Delayed
TRIP-14657,6,10,1,20:00,140,28.4,1,0,On-Time
TRIP-14658,2,4,1,15:00,436,27.21,0,0,On-Time
TRIP-14659,13,10,1,13:00,265,27.85,2,0,On-Time
TRIP-14660,13,1,2,12:00,237,15.12,3,0,On-Time
TRIP-14661,19,9,1,17:00,176,23.04,0,0,On-Time
TRIP-14662,18,4,1,16:00,230,23.98,1,0,On-Time
TRIP-14663,19,7,3,18:00,636,10.59,0,0,On-Time
TRIP-14664,1,3,1,20:00,513,23.22,0,0,On-Time
TRIP-14665,8,10,2,22:00,235,14.38,41,1,Delayed
TRIP-14666,16,3,3,23:00,138,11.33,3,0,On-Time
TRIP-14667,2,8,1,13:00,89,21.43,0,0,On-Time
TRIP-14668,8,8,2,11:00,424,17.47,1,0,On-Time
TRIP-14669,6,1,2,16:00,203,13.24,0,0,On-Time
TRIP-14670,16,10,2,14:00,435,12.99,4,0,On-Time
TRIP-14671,11,2,1,10:00,680,20.55,3,0,On-Time
TRIP-14672,17,8,1,12:00,361,28.43,4,0,On-Time
TRIP-14673,19,1,3,20:00,505,13.84,0,0,On-Time
TRIP-14674,11,8,3,09:00,659,7.7,3,0,On-Time
TRIP-14675,8,8,1,18:00,153,26.27,1,0,On-Time
TRIP-14676,4,2,1,06:00,403,27.22,4,0,On-Time
TRIP-14677,11,4,1,06:00,102,18.09,3,0,On-Time
TRIP-14678,8,6,1,19:00,140,27.2,3,0,On-Time
TRIP-14679,9,9,2,14:00,286,13.2,27,1,Delayed
TRIP-14680,2,8,1,17:00,198,22.98,4,0,On-Time
TRIP-14681,16,8,1,23:00,410,26.48,42,1,Delayed
TRIP-14682,6,7,3,14:00,106,11.58,2,0,On-Time
TRIP-14683,19,9,1,13:00,267,18.03,0,0,On-Time
TRIP-14684,8,2,3,19:00,350,8.92,3,0,On-Time
TRIP-14685,14,3,3,14:00,88,8.75,4,0,On-Time
TRIP-14686,16,10,1,07:00,313,25.42,2,0,On-Time
TRIP-14687,12,8,3,06:00,171,10.56,3,0,On-Time
TRIP-14688,5,6,3,18:00,249,9.25,4,0,On-Time
TRIP-14689,19,10,1,15:00,419,25.32,4,0,On-Time
TRIP-14690,18,9,1,13:00,323,27.66,2,0,On-Time
TRIP-14691,9,10,2,12:00,412,15.09,3,0,On-Time
TRIP-14692,2,4,4,17:00,374,-0.86,2,0,On-Time
TRIP-14693,20,8,2,22:00,297,12.9,23,1,Delayed
TRIP-14694,12,10,1,17:00,582,29.56,0,0,On-Time
TRIP-14695,2,3,2,21:00,229,16.9,23,1,Delayed
TRIP-14696,10,3,1,15:00,408,29.4,1,0,On-Time
TRIP-14697,1,8,2,17:00,267,16.07,3,0,On-Time
TRIP-14698,4,5,3,16:00,185,9.01,2,0,On-Time
TRIP-14699,12,3,2,19:00,596,17.79,30,1,Delayed
TRIP-14700,9,10,3,18:00,278,16.37,1,0,On-Time
TRIP-14701,4,1,3,07:00,332,12.26,4,0,On-Time
TRIP-14702,9,3,2,12:00,118,14.84,0,0,On-Time
TRIP-14703,6,9,1,06:00,334,25.35,0,0,On-Time
TRIP-14704,1,5,3,08:00,212,13.79,43,1,Delayed
TRIP-14705,10,10,4,17:00,515,4.27,2,0,On-Time
TRIP-14706,14,2,1,10:00,302,21.91,0,0,On-Time
TRIP-14707,18,7,2,17:00,532,16.18,2,0,On-Time
TRIP-14708,6,2,1,08:00,305,20.66,1,0,On-Time
TRIP-14709,18,4,3,10:00,404,11.42,4,0,On-Time
TRIP-14710,20,7,3,06:00,268,11.26,0,0,On-Time
TRIP-14711,16,4,1,21:00,300,19.09,2,0,On-Time
TRIP-14712,15,7,3,14:00,328,9.88,2,0,On-Time
TRIP-14713,16,7,1,15:00,131,22.32,3,0,On-Time
TRIP-14714,8,1,3,15:00,241,11.07,47,1,Delayed
TRIP-14715,13,6,2,18:00,182,17.72,19,1,Delayed
TRIP-14716,11,9,1,21:00,116,21.87,1,0,On-Time
TRIP-14717,7,2,1,09:00,660,23.9,2,0,On-Time
TRIP-14718,17,3,1,19:00,633,27.73,3,0,On-Time
TRIP-14719,18,10,2,22:00,190,17.31,64,1,Delayed
TRIP-14720,19,5,2,10:00,718,18.55,3,0,On-Time
TRIP-14721,13,9,1,18:00,409,22.23,45,1,Delayed
TRIP-14722,15,4,1,08:00,140,24.1,0,0,On-Time
TRIP-14723,1,1,1,10:00,566,23.7,4,0,On-Time
TRIP-14724,16,4,3,21:00,200,8.57,4,0,On-Time
TRIP-14725,5,6,3,22:00,184,14.72,3,0,On-Time
TRIP-14726,3,5,1,23:00,235,21.1,1,0,On-Time
TRIP-14727,10,1,2,23:00,415,18.22,27,1,Delayed
TRIP-14728,19,4,1,13:00,105,26.58,4,0,On-Time
TRIP-14729,5,6,4,23:00,375,3.38,3,0,On-Time
TRIP-14730,7,10,4,14:00,104,1.17,44,1,Delayed
TRIP-14731,14,10,2,15:00,434,15.48,1,0,On-Time
TRIP-14732,3,4,4,07:00,148,1.73,3,0,On-Time
TRIP-14733,13,9,3,22:00,406,10.9,4,0,On-Time
TRIP-14734,13,5,3,18:00,368,11.22,0,0,On-Time
TRIP-14735,10,8,2,16:00,424,16.21,3,0,On-Time
TRIP-14736,2,9,1,21:00,144,21.92,3,0,On-Time
TRIP-14737,6,10,1,12:00,229,26.17,3,0,On-Time
TRIP-14738,8,5,1,08:00,638,23.16,4,0,On-Time
TRIP-14739,4,6,2,21:00,324,17.76,4,0,On-Time
TRIP-14740,12,1,1,21:00,137,23.89,3,0,On-Time
TRIP-14741,15,7,1,07:00,235,21.61,1,0,On-Time
TRIP-14742,8,4,2,19:00,305,22.28,0,0,On-Time
TRIP-14743,7,2,1,15:00,202,18.94,2,0,On-Time
TRIP-14744,14,5,2,16:00,432,16.65,3,0,On-Time
TRIP-14745,19,3,4,23:00,441,1.63,3,0,On-Time
TRIP-14746,14,6,3,16:00,282,11.31,4,0,On-Time
TRIP-14747,13,8,2,14:00,83,15.32,4,0,On-Time
TRIP-14748,1,7,2,15:00,208,17.06,2,0,On-Time
TRIP-14749,19,3,2,08:00,168,21.09,56,1,Delayed
TRIP-14750,1,8,1,08:00,588,27.5,4,0,On-Time
TRIP-14751,4,2,3,13:00,106,14.26,1,0,On-Time
TRIP-14752,10,10,1,11:00,121,19.65,0,0,On-Time
TRIP-14753,3,9,1,06:00,150,25.55,1,0,On-Time
TRIP-14754,20,4,3,11:00,143,11.83,3,0,On-Time
TRIP-14755,9,1,1,07:00,104,26.7,1,0,On-Time
TRIP-14756,3,8,1,12:00,151,24.45,2,0,On-Time
TRIP-14757,6,7,1,16:00,440,21.75,1,0,On-Time
TRIP-14758,6,5,1,16:00,347,22.79,56,1,Delayed
TRIP-14759,12,10,1,09:00,628,27.53,2,0,On-Time
TRIP-14760,1,5,1,21:00,174,25.14,2,0,On-Time
TRIP-14761,16,7,2,10:00,697,15.52,3,0,On-Time
TRIP-14762,5,5,3,12:00,443,10.0,3,0,On-Time
TRIP-14763,9,8,1,21:00,394,27.47,4,0,On-Time
TRIP-14764,10,6,3,20:00,313,12.12,0,0,On-Time
TRIP-14765,13,5,1,10:00,388,27.4,2,0,On-Time
TRIP-14766,15,9,1,06:00,444,21.21,4,0,On-Time
TRIP-14767,12,2,1,14:00,357,24.99,3,0,On-Time
TRIP-14768,5,1,2,10:00,230,16.17,3,0,On-Time
TRIP-14769,5,8,1,11:00,385,19.97,0,0,On-Time
TRIP-14770,18,3,2,08:00,542,16.81,2,0,On-Time
TRIP-14771,12,7,3,11:00,307,11.01,2,0,On-Time
TRIP-14772,3,10,2,13:00,279,16.64,4,0,On-Time
TRIP-14773,7,8,2,11:00,299,17.21,0,0,On-Time
TRIP-14774,17,6,4,21:00,259,8.3,39,1,Delayed
TRIP-14775,19,10,1,21:00,437,18.95,4,0,On-Time
TRIP-14776,18,9,1,08:00,491,23.55,2,0,On-Time
TRIP-14777,1,7,3,22:00,331,13.37,4,0,On-Time
TRIP-14778,5,10,2,11:00,378,15.55,18,1,Delayed
TRIP-14779,2,5,1,11:00,440,24.31,41,1,Delayed
TRIP-14780,1,8,1,20:00,132,22.07,4,0,On-Time
TRIP-14781,7,2,2,07:00,220,15.17,2,0,On-Time
TRIP-14782,11,7,1,13:00,245,26.23,0,0,On-Time
TRIP-14783,11,4,1,12:00,333,21.54,0,0,On-Time
TRIP-14784,18,9,4,13:00,232,0.44,3,0,On-Time
TRIP-14785,17,1,3,18:00,233,12.57,3,0,On-Time
TRIP-14786,2,7,2,20:00,214,16.01,37,1,Delayed
TRIP-14787,7,6,2,17:00,280,15.43,30,1,Delayed
TRIP-14788,7,8,3,20:00,393,6.46,4,0,On-Time
TRIP-14789,10,5,1,19:00,640,26.8,3,0,On-Time
TRIP-14790,3,1,1,12:00,410,27.04,4,0,On-Time
TRIP-14791,12,1,2,22:00,421,19.17,1,0,On-Time
TRIP-14792,3,9,3,10:00,225,12.93,0,0,On-Time
TRIP-14793,11,10,1,15:00,253,27.21,2,0,On-Time
TRIP-14794,12,6,4,23:00,332,2.88,1,0,On-Time
TRIP-14795,4,10,2,15:00,191,17.72,38,1,Delayed
TRIP-14796,16,5,1,07:00,294,24.78,0,0,On-Time
TRIP-14797,20,1,1,11:00,318,28.36,2,0,On-Time
TRIP-14798,18,6,1,08:00,489,24.29,0,0,On-Time
TRIP-14799,4,6,3,10:00,494,12.68,4,0,On-Time
TRIP-14800,6,3,4,12:00,312,0.12,34,1,Delayed
TRIP-14801,15,8,1,12:00,242,25.66,4,0,On-Time
TRIP-14802,1,1,4,15:00,205,1.07,0,0,On-Time
TRIP-14803,3,1,3,06:00,332,9.45,0,0,On-Time
TRIP-14804,5,6,2,16:00,412,15.42,51,1,Delayed
TRIP-14805,17,10,2,12:00,278,14.86,4,0,On-Time
TRIP-14806,14,1,1,11:00,276,23.08,4,0,On-Time
TRIP-14807,9,6,2,11:00,201,15.85,1,0,On-Time
TRIP-14808,3,1,1,18:00,548,22.27,1,0,On-Time
TRIP-14809,13,6,2,21:00,133,17.26,23,1,Delayed
TRIP-14810,3,3,1,18:00,342,26.3,3,0,On-Time
TRIP-14811,11,8,3,07:00,418,12.56,4,0,On-Time
TRIP-14812,2,6,3,23:00,438,9.87,2,0,On-Time
TRIP-14813,15,1,1,11:00,230,22.85,44,1,Delayed
TRIP-14814,13,5,1,07:00,179,27.1,2,0,On-Time
TRIP-14815,19,8,2,11:00,313,17.88,4,0,On-Time
TRIP-14816,16,3,2,20:00,177,18.58,30,1,Delayed
TRIP-14817,18,6,1,11:00,141,28.06,3,0,On-Time
TRIP-14818,7,5,2,08:00,440,13.82,1,0,On-Time
TRIP-14819,13,6,1,16:00,109,24.61,3,0,On-Time
TRIP-14820,4,10,1,13:00,322,22.28,2,0,On-Time
TRIP-14821,9,1,1,23:00,185,22.82,46,1,Delayed
TRIP-14822,10,7,1,22:00,374,22.12,4,0,On-Time
TRIP-14823,9,9,3,22:00,212,11.08,1,0,On-Time
TRIP-14824,7,2,4,09:00,161,3.42,0,0,On-Time
TRIP-14825,15,10,1,12:00,235,20.84,38,1,Delayed
TRIP-14826,8,5,2,10:00,468,16.29,0,0,On-Time
TRIP-14827,19,10,1,21:00,305,29.38,1,0,On-Time
TRIP-14828,11,4,2,11:00,364,17.15,3,0,On-Time
TRIP-14829,5,6,1,19:00,400,21.85,1,0,On-Time
TRIP-14830,2,6,2,07:00,121,16.65,4,0,On-Time
TRIP-14831,10,2,4,23:00,139,0.81,15,1,Delayed
TRIP-14832,16,2,1,23:00,156,22.69,3,0,On-Time
TRIP-14833,13,4,3,18:00,449,9.46,26,1,Delayed
TRIP-14834,8,1,1,23:00,299,20.83,1,0,On-Time
TRIP-14835,9,9,1,22:00,266,24.56,3,0,On-Time
TRIP-14836,11,7,1,18:00,280,18.9,2,0,On-Time
TRIP-14837,11,7,1,17:00,673,21.19,2,0,On-Time
TRIP-14838,16,3,1,08:00,465,23.36,2,0,On-Time
TRIP-14839,10,3,1,12:00,447,24.81,1,0,On-Time
TRIP-14840,12,1,1,06:00,419,27.72,0,0,On-Time
TRIP-14841,6,3,1,10:00,545,21.9,1,0,On-Time
TRIP-14842,12,3,2,06:00,408,13.15,4,0,On-Time
TRIP-14843,10,4,4,09:00,249,4.12,3,0,On-Time
TRIP-14844,18,4,1,06:00,110,27.03,2,0,On-Time
TRIP-14845,18,3,1,18:00,188,27.93,1,0,On-Time
TRIP-14846,4,10,1,19:00,616,27.11,1,0,On-Time
TRIP-14847,9,8,3,20:00,660,8.56,3,0,On-Time
TRIP-14848,7,8,2,22:00,293,17.33,1,0,On-Time
TRIP-14849,18,1,2,17:00,328,16.42,2,0,On-Time
TRIP-14850,8,7,1,12:00,244,23.71,3,0,On-Time
TRIP-14851,11,2,1,08:00,520,23.86,42,1,Delayed
TRIP-14852,7,1,1,23:00,188,21.77,2,0,On-Time
TRIP-14853,9,3,4,09:00,267,7.91,52,1,Delayed
TRIP-14854,8,4,3,08:00,446,12.35,4,0,On-Time
TRIP-14855,3,6,1,17:00,560,26.96,3,0,On-Time
TRIP-14856,17,10,2,17:00,208,12.86,2,0,On-Time
TRIP-14857,2,5,1,22:00,277,26.64,33,1,Delayed
TRIP-14858,15,4,1,11:00,102,21.77,2,0,On-Time
TRIP-14859,14,8,3,20:00,371,13.14,26,1,Delayed
TRIP-14860,18,4,2,07:00,302,16.04,3,0,On-Time
TRIP-14861,16,10,1,13:00,300,17.85,4,0,On-Time
TRIP-14862,20,2,1,19:00,368,22.83,1,0,On-Time
TRIP-14863,4,3,3,10:00,552,9.37,0,0,On-Time
TRIP-14864,20,6,2,08:00,243,16.08,4,0,On-Time
TRIP-14865,6,8,2,15:00,448,13.72,3,0,On-Time
TRIP-14866,6,8,1,12:00,156,24.65,4,0,On-Time
TRIP-14867,11,9,1,16:00,111,24.38,1,0,On-Time
TRIP-14868,17,7,4,20:00,716,4.81,1,0,On-Time
TRIP-14869,3,2,2,07:00,144,17.07,1,0,On-Time
TRIP-14870,13,8,1,10:00,697,23.6,1,0,On-Time
TRIP-14871,3,7,2,16:00,97,17.32,0,0,On-Time
TRIP-14872,16,8,3,13:00,243,11.2,2,0,On-Time
TRIP-14873,15,3,1,18:00,585,24.52,1,0,On-Time
TRIP-14874,11,7,1,16:00,133,28.54,0,0,On-Time
TRIP-14875,18,10,2,22:00,142,17.67,19,1,Delayed
TRIP-14876,15,9,2,20:00,537,14.35,1,0,On-Time
TRIP-14877,5,3,3,06:00,318,8.29,4,0,On-Time
TRIP-14878,16,10,3,21:00,88,12.19,4,0,On-Time
TRIP-14879,16,6,1,18:00,318,27.09,3,0,On-Time
TRIP-14880,17,2,1,09:00,683,27.17,0,0,On-Time
TRIP-14881,9,2,4,16:00,169,5.1,0,0,On-Time
TRIP-14882,3,5,1,23:00,391,23.5,33,1,Delayed
TRIP-14883,20,5,2,23:00,254,16.8,1,0,On-Time
TRIP-14884,13,7,2,15:00,82,19.19,32,1,Delayed
TRIP-14885,3,2,2,22:00,209,18.01,0,0,On-Time
TRIP-14886,7,7,1,18:00,212,15.37,4,0,On-Time
TRIP-14887,6,5,3,19:00,595,10.16,4,0,On-Time
TRIP-14888,9,6,3,12:00,263,9.82,1,0,On-Time
TRIP-14889,12,8,2,15:00,432,16.95,4,0,On-Time
TRIP-14890,15,10,2,08:00,484,16.39,1,0,On-Time
TRIP-14891,20,4,1,07:00,91,19.59,2,0,On-Time
TRIP-14892,3,7,1,12:00,274,27.61,4,0,On-Time
TRIP-14893,10,6,1,10:00,521,26.74,0,0,On-Time
TRIP-14894,1,10,1,08:00,715,28.08,3,0,On-Time
TRIP-14895,19,2,4,07:00,233,5.55,43,1,Delayed
TRIP-14896,19,8,3,11:00,157,11.39,0,0,On-Time
TRIP-14897,13,10,2,19:00,350,17.46,3,0,On-Time
TRIP-14898,12,9,2,12:00,169,14.36,1,0,On-Time
TRIP-14899,1,5,1,07:00,223,22.3,4,0,On-Time
TRIP-14900,19,10,4,16:00,151,-0.14,0,0,On-Time
TRIP-14901,16,4,1,08:00,409,23.38,4,0,On-Time
TRIP-14902,15,6,1,14:00,427,20.79,3,0,On-Time
TRIP-14903,16,8,2,13:00,342,15.08,3,0,On-Time
TRIP-14904,11,3,3,16:00,350,14.23,4,0,On-Time
TRIP-14905,6,10,3,23:00,184,12.1,4,0,On-Time
TRIP-14906,11,1,1,06:00,151,21.39,3,0,On-Time
TRIP-14907,3,4,3,20:00,244,12.79,1,0,On-Time
TRIP-14908,15,4,1,09:00,355,18.45,4,0,On-Time
TRIP-14909,1,1,1,09:00,225,25.35,2,0,On-Time
TRIP-14910,7,9,3,15:00,225,11.55,2,0,On-Time
TRIP-14911,1,3,3,16:00,125,10.27,4,0,On-Time
TRIP-14912,17,5,2,23:00,308,14.97,0,0,On-Time
TRIP-14913,9,6,2,20:00,294,14.16,3,0,On-Time
TRIP-14914,13,8,3,08:00,300,9.45,1,0,On-Time
TRIP-14915,11,6,3,12:00,396,10.42,2,0,On-Time
TRIP-14916,20,3,3,12:00,200,9.29,2,0,On-Time
TRIP-14917,6,6,2,22:00,122,13.37,0,0,On-Time
TRIP-14918,1,1,4,21:00,178,-2.03,42,1,Delayed
TRIP-14919,7,4,4,21:00,273,-1.56,0,0,On-Time
TRIP-14920,12,6,1,13:00,390,28.61,1,0,On-Time
TRIP-14921,20,7,3,08:00,468,7.84,4,0,On-Time
TRIP-14922,19,10,2,20:00,492,13.7,2,0,On-Time
TRIP-14923,17,3,1,06:00,264,22.66,2,0,On-Time
TRIP-14924,4,9,2,15:00,191,16.09,3,0,On-Time
TRIP-14925,3,7,1,07:00,426,24.27,1,0,On-Time
TRIP-14926,1,1,2,12:00,351,15.96,2,0,On-Time
TRIP-14927,18,2,3,19:00,627,12.82,0,0,On-Time
TRIP-14928,15,1,1,21:00,181,21.93,2,0,On-Time
TRIP-14929,8,9,1,20:00,462,24.03,0,0,On-Time
TRIP-14930,1,9,4,12:00,306,0.6,0,0,On-Time
TRIP-14931,20,7,1,18:00,576,21.82,4,0,On-Time
TRIP-14932,14,10,1,15:00,101,22.92,4,0,On-Time
TRIP-14933,4,3,1,14:00,327,22.33,2,0,On-Time
TRIP-14934,5,5,2,14:00,238,21.27,2,0,On-Time
TRIP-14935,13,4,2,11:00,308,14.93,51,1,Delayed
TRIP-14936,15,7,3,17:00,675,12.89,40,1,Delayed
TRIP-14937,6,9,2,19:00,425,16.94,2,0,On-Time
TRIP-14938,1,2,3,12:00,222,10.09,4,0,On-Time
TRIP-14939,19,8,2,13:00,417,17.34,16,1,Delayed
TRIP-14940,13,9,1,13:00,437,26.69,0,0,On-Time
TRIP-14941,6,10,2,13:00,103,17.97,44,1,Delayed
TRIP-14942,15,10,3,07:00,220,6.56,2,0,On-Time
TRIP-14943,16,9,2,19:00,510,14.46,0,0,On-Time
TRIP-14944,16,10,1,15:00,371,21.27,3,0,On-Time
TRIP-14945,10,7,1,23:00,384,21.74,0,0,On-Time
TRIP-14946,9,9,1,23:00,161,24.92,1,0,On-Time
TRIP-14947,9,9,1,23:00,127,26.43,0,0,On-Time
TRIP-14948,17,3,2,21:00,432,15.06,4,0,On-Time
TRIP-14949,17,4,1,10:00,699,32.66,4,0,On-Time
TRIP-14950,17,2,3,10:00,400,12.37,2,0,On-Time
TRIP-14951,12,10,1,15:00,341,26.21,2,0,On-Time
TRIP-14952,13,3,1,22:00,147,26.1,0,0,On-Time
TRIP-14953,12,5,2,18:00,148,17.14,20,1,Delayed
TRIP-14954,14,5,1,22:00,109,25.51,0,0,On-Time
TRIP-14955,10,6,3,23:00,189,10.71,4,0,On-Time
TRIP-14956,19,7,1,18:00,465,27.15,4,0,On-Time
TRIP-14957,2,7,1,22:00,343,23.16,3,0,On-Time
TRIP-14958,4,1,3,20:00,641,12.53,3,0,On-Time
TRIP-14959,19,2,2,17:00,449,14.85,3,0,On-Time
TRIP-14960,7,9,1,15:00,163,22.62,44,1,Delayed
TRIP-14961,15,10,1,18:00,211,21.17,4,0,On-Time
TRIP-14962,15,2,3,16:00,434,9.04,0,0,On-Time
TRIP-14963,6,6,4,08:00,536,0.19,0,0,On-Time
TRIP-14964,3,1,3,15:00,153,9.16,38,1,Delayed
TRIP-14965,6,3,1,16:00,299,21.34,45,1,Delayed
TRIP-14966,16,2,4,11:00,222,0.99,2,0,On-Time
TRIP-14967,2,3,1,06:00,179,24.46,3,0,On-Time
TRIP-14968,7,5,1,11:00,208,27.38,0,0,On-Time
TRIP-14969,11,10,3,10:00,476,7.08,2,0,On-Time
TRIP-14970,7,6,1,12:00,350,27.57,1,0,On-Time
TRIP-14971,4,9,1,17:00,161,24.88,3,0,On-Time
TRIP-14972,20,10,1,17:00,411,21.5,21,1,Delayed
TRIP-14973,7,4,1,12:00,127,21.96,1,0,On-Time
TRIP-14974,4,7,3,07:00,196,12.8,4,0,On-Time
TRIP-14975,12,6,2,06:00,408,17.27,54,1,Delayed
TRIP-14976,5,2,1,23:00,258,22.85,1,0,On-Time
TRIP-14977,19,10,2,17:00,563,13.97,4,0,On-Time
TRIP-14978,5,8,4,12:00,441,-2.79,2,0,On-Time
TRIP-14979,19,7,3,08:00,668,11.02,0,0,On-Time
TRIP-14980,3,7,1,15:00,439,23.63,53,1,Delayed
TRIP-14981,11,8,4,16:00,426,2.65,2,0,On-Time
TRIP-14982,7,1,3,10:00,412,10.18,0,0,On-Time
TRIP-14983,17,1,1,07:00,128,17.34,3,0,On-Time
TRIP-14984,9,8,1,13:00,394,25.26,1,0,On-Time
TRIP-14985,9,4,1,19:00,534,24.37,21,1,Delayed
TRIP-14986,10,5,3,13:00,109,12.49,4,0,On-Time
TRIP-14987,13,8,1,11:00,164,24.97,1,0,On-Time
TRIP-14988,15,5,2,06:00,356,18.76,3,0,On-Time
TRIP-14989,5,10,1,06:00,113,26.75,0,0,On-Time
TRIP-14990,3,4,4,13:00,408,6.26,2,0,On-Time
TRIP-14991,8,6,1,16:00,177,28.21,49,1,Delayed
TRIP-14992,20,5,4,23:00,155,4.56,0,0,On-Time
TRIP-14993,10,7,4,15:00,254,0.37,36,1,Delayed
TRIP-14994,13,10,1,17:00,672,23.05,1,0,On-Time
TRIP-14995,3,7,2,21:00,328,19.85,1,0,On-Time
TRIP-14996,8,4,1,10:00,670,20.25,4,0,On-Time
TRIP-14997,9,5,4,21:00,213,3.62,1,0,On-Time
TRIP-14998,12,3,2,17:00,411,15.72,4,0,On-Time
TRIP-14999,11,4,1,11:00,444,22.22,3,0,On-Time
